sep=,
HRV ANALYSIS RESULTS - 01-Sep-2026 06:06:03
Kubios HRV Scientific Lite
4.3.0
released in March 2026

Analyzed by:  -  - 

File name: /Users/apc939/Downloads/01092026.fit
Measurement date: 01.09.2026 05:15:56
File type: FIT
Channel label: RR data
Data length: 00:20:07 (h:min:s)
Measurement rate: - 

Parameters
 Number of samples: 6
 Detrending method: Smoothn priors (lambda: 500)
 Min/Max HR as average of: 5 beats
 Threshold for NNxx/pNNxx: 50 ms
 Frequency bands
  VLF: 0 - 0.04 Hz
  LF: 0.04 - 0.15 Hz
  HF: 0.15 - 0.4 Hz
 Interpolation rate: 4 Hz
 Points in frequency-domain: 300 points/Hz
 FFT spectrum options
  Window width: 300 s
  Window overlap: 50 %
 AR spectrum options
  AR model order: 16
  Use factorization: No
 Apply detrending for nonlinear analysis: 1
 Entropy, embedding dimension: 2
 Entropy, tolerance: 0.2 x SD
 DFA, short-term fluctuations: 4-12 beats
 DFA, long-term fluctuations: 13-64 beats

RR Interval Samples Selected for Analysis
                              ,       DS(1),     RC10(2),     RC12(3),      ORT(4),     RUFF(5),      REC(6),
  Sample limits (hh:mm:ss):   ,05:15:56-05:22:56,05:22:56-05:23:56,05:23:57-05:24:57,05:24:58-05:29:13,05:29:14-05:29:59,05:29:59-05:35:59,
  Sample Analysis Type: Single samples
  Beat correction: Threshold (medium)
  Beats total:                ,         380,          54,          57,         331,          69,         376,
  Beats corrected:            ,           0,           0,           0,           3,           1,           1,
  Beats corrected (%):        ,           0,           0,           0,       0.906,        1.45,       0.266,
  Effective data length (s):  ,         420,          60,          60,         255,          45,         360,
  Effective data length (%):  ,      100.00,      100.00,      100.00,      100.00,      100.00,      100.00,


RESULTS FOR SINGLE SAMPLES
                              ,       DS(1),            ,     RC10(2),            ,     RC12(3),            ,      ORT(4),            ,     RUFF(5),            ,      REC(6),            ,
Results Overview              ,
  PNS index:                  ,      0.6512,            ,      1.1624,            ,      1.6136,            ,     -1.3349,            ,     -2.1511,            ,      0.3043,            ,
  SNS index:                  ,     -1.0252,            ,     -0.6317,            ,     -1.0580,            ,      0.8809,            ,      4.5040,            ,     -0.4914,            ,
  Stress index:               ,      7.2035,            ,     10.4519,            ,      6.5946,            ,      8.9467,            ,     26.3675,            ,      7.6123,            ,

Time-Domain Results           ,
 Statistical parameters       ,
  Mean RR  (ms):              ,   1104.5816,            ,   1102.0370,            ,   1048.4211,            ,    769.9261,            ,    647.5102,            ,    955.2741,            ,
  SDNN (ms):                  ,     45.6945,            ,     47.1879,            ,     69.6305,            ,     53.7642,            ,     19.7674,            ,     47.6536,            ,
  Mean HR (beats/min):        ,     54.3192,            ,     54.4446,            ,     57.2289,            ,     77.9296,            ,     92.6626,            ,     62.8092,            ,
  SD HR (beats/min):          ,      2.2954,            ,      2.3325,            ,      3.8776,            ,      5.4975,            ,      2.8396,            ,      3.1102,            ,
  Min HR (beats/min):         ,     49.6278,            ,     50.6500,            ,     52.8914,            ,     62.4154,            ,     76.5892,            ,     50.1337,            ,
  Max HR (beats/min):         ,     70.2576,            ,     60.3258,            ,     64.7389,            ,     99.1736,            ,     99.9667,            ,    101.9368,            ,
  RMSSD (ms):                 ,     37.1752,            ,     52.3666,            ,     78.0171,            ,     24.2414,            ,     12.2823,            ,     46.6694,            ,
  NNxx (beats):               ,          58,            ,          22,            ,          33,            ,          17,            ,           0,            ,         102,            ,
  pNNxx (%):                  ,     15.3034,            ,     41.5094,            ,     58.9286,            ,      5.1515,            ,      0.0000,            ,     27.2000,            ,
  SDANN (ms):                 ,         NaN,            ,         NaN,            ,         NaN,            ,         NaN,            ,         NaN,            ,         NaN,            ,
  SDNN index (ms):            ,         NaN,            ,         NaN,            ,         NaN,            ,         NaN,            ,         NaN,            ,         NaN,            ,
 Geometric parameters         ,
  RR tri index:               ,   11.875000,            ,    9.000000,            ,   11.400000,            ,   11.821429,            ,    4.928571,            ,   11.058824,            ,
  TINN (ms):                  ,    268.0000,            ,    177.0000,            ,    287.0000,            ,    237.0000,            ,     77.0000,            ,    242.0000,            ,

Frequency-Domain Results      ,FFT spectrum, AR spectrum,FFT spectrum, AR spectrum,FFT spectrum, AR spectrum,FFT spectrum, AR spectrum,FFT spectrum, AR spectrum,FFT spectrum, AR spectrum,
 Peak frequencies             ,
  VLF (Hz):                   ,    0.040000,    0.040000,    0.040000,    0.003333,    0.040000,    0.040000,    0.036667,    0.040000,    0.040000,    0.040000,    0.036667,    0.040000,
  LF (Hz):                    ,    0.096667,    0.096667,    0.150000,    0.150000,    0.140000,    0.150000,    0.060000,    0.080000,    0.050000,    0.053333,    0.100000,    0.140000,
  HF (Hz):                    ,    0.166667,    0.150000,    0.166667,    0.163333,    0.200000,    0.203333,    0.150000,    0.150000,    0.263333,    0.150000,    0.166667,    0.150000,
 Absolute powers              ,
  VLF (ms^2):                 ,    100.3713,     83.6939,     10.2887,     50.0611,    108.9351,    275.9881,    178.1910,    411.2631,    118.5249,    122.5770,     74.5381,    140.7428,
  LF (ms^2):                  ,   1397.5888,   1757.6856,    374.7805,    409.5314,    775.2187,   1043.9029,   2516.3113,   2529.4424,    316.2989,    295.7607,    968.3266,   1107.0884,
  HF (ms^2):                  ,    220.2178,    284.7356,   1784.9359,   1513.1514,   4063.3840,   3123.3303,     64.7629,     96.7376,     11.0965,     17.6991,   1746.9358,    987.1294,
  VLF (log):                  ,      4.6089,      4.4272,      2.3310,      3.9132,      4.6908,      5.6204,      5.1829,      6.0192,      4.7751,      4.8087,      4.3113,      4.9469,
  LF (log):                   ,      7.2425,      7.4718,      5.9263,      6.0150,      6.6531,      6.9507,      7.8305,      7.8358,      5.7567,      5.6896,      6.8756,      7.0095,
  HF (log):                   ,      5.3946,      5.6516,      7.4871,      7.3219,      8.3098,      8.0467,      4.1707,      4.5720,      2.4066,      2.8735,      7.4656,      6.8948,
 Relative powers              ,
  VLF (%):                    ,      5.8410,      3.9361,      0.4741,      2.5374,      2.2011,      6.2103,      6.4578,     13.5396,     26.5763,     28.1103,      2.6713,      6.2967,
  LF (%):                     ,     81.3309,     82.6624,     17.2701,     20.7578,     15.6641,     23.4900,     91.1939,     83.2742,     70.9222,     67.8262,     34.7034,     49.5303,
  HF (%):                     ,     12.8153,     13.3909,     82.2508,     76.6968,     82.1050,     70.2815,      2.3471,      3.1848,      2.4881,      4.0589,     62.6076,     44.1635,
 Normalized powers            ,
  LF (n.u.):                  ,     86.3761,     86.0493,     17.3523,     21.2983,     16.0167,     25.0454,     97.4897,     96.3148,     96.5930,     94.3477,     35.6559,     52.8587,
  HF (n.u.):                  ,     13.6103,     13.9395,     82.6426,     78.6936,     83.9529,     74.9352,      2.5091,      3.6835,      3.3887,      5.6460,     64.3259,     47.1312,
 Total power (ms^2):          ,   1718.3983,   2126.3422,   2170.1147,   1972.8996,   4949.0107,   4444.0287,   2759.2968,   3037.4880,    445.9803,    436.0564,   2790.2951,   2235.1727,
 LF/HF ratio:                 ,      6.3464,      6.1730,      0.2100,      0.2706,      0.1908,      0.3342,     38.8542,     26.1475,     28.5044,     16.7105,      0.5543,      1.1215,


Nonlinear Results             ,
 Poincare plot                ,
  SD1 (ms):                   ,   26.321864,            ,   37.387927,            ,   55.668350,            ,   17.168437,            ,    8.767078,            ,   33.044326,            ,
  SD2 (ms):                   ,   59.046042,            ,   55.543808,            ,   81.401068,            ,   73.857711,            ,   26.158504,            ,   58.827748,            ,
  SD2/SD1 ratio:              ,    2.243232,            ,    1.485608,            ,    1.462250,            ,    4.301947,            ,    2.983720,            ,    1.780268,            ,
 Approximate entropy (ApEn):  ,      1.1436,            ,         NaN,            ,         NaN,            ,      0.7059,            ,      0.5674,            ,      1.0781,            ,
 Sample entropy (SampEn):     ,      1.5889,            ,         NaN,            ,         NaN,            ,      0.6945,            ,      2.0318,            ,      1.3857,            ,
 Detrended fluctuation analysis (DFA),
  alpha 1:                    ,      1.3102,            ,         NaN,            ,         NaN,            ,      1.8075,            ,      1.4406,            ,      1.0120,            ,
  alpha 2:                    ,      0.1762,            ,         NaN,            ,         NaN,            ,      0.4420,            ,      1.0689,            ,      0.2318,            ,


RR INTERVAL DATA and SPECTRUM ESTIMATES,
                              ,       DS(1),            ,            ,            ,            ,            ,            ,            ,            ,     RC10(2),            ,            ,            ,            ,            ,            ,            ,            ,     RC12(3),            ,            ,            ,            ,            ,            ,            ,            ,      ORT(4),            ,            ,            ,            ,            ,            ,            ,            ,     RUFF(5),            ,            ,            ,            ,            ,            ,            ,            ,      REC(6),            ,            ,            ,            ,            ,            ,            ,            ,
                              ,     RR Data,            ,FFT spectrum,            , AR Spectrum,            ,            ,            ,            ,     RR Data,            ,FFT spectrum,            , AR Spectrum,            ,            ,            ,            ,     RR Data,            ,FFT spectrum,            , AR Spectrum,            ,            ,            ,            ,     RR Data,            ,FFT spectrum,            , AR Spectrum,            ,            ,            ,            ,     RR Data,            ,FFT spectrum,            , AR Spectrum,            ,            ,            ,            ,     RR Data,            ,FFT spectrum,            , AR Spectrum,            ,            ,            ,            ,
                              ,        Time, RR interval,   Frequency,         PSD,   Frequency,         PSD,   VLF comp.,    LF comp.,    HF comp.,        Time, RR interval,   Frequency,         PSD,   Frequency,         PSD,   VLF comp.,    LF comp.,    HF comp.,        Time, RR interval,   Frequency,         PSD,   Frequency,         PSD,   VLF comp.,    LF comp.,    HF comp.,        Time, RR interval,   Frequency,         PSD,   Frequency,         PSD,   VLF comp.,    LF comp.,    HF comp.,        Time, RR interval,   Frequency,         PSD,   Frequency,         PSD,   VLF comp.,    LF comp.,    HF comp.,        Time, RR interval,   Frequency,         PSD,   Frequency,         PSD,   VLF comp.,    LF comp.,    HF comp.,
                              ,         (s),         (s),        (Hz),   (ms^2/Hz),        (Hz),   (ms^2/Hz),   (ms^2/Hz),   (ms^2/Hz),   (ms^2/Hz),         (s),         (s),        (Hz),   (ms^2/Hz),        (Hz),   (ms^2/Hz),   (ms^2/Hz),   (ms^2/Hz),   (ms^2/Hz),         (s),         (s),        (Hz),   (ms^2/Hz),        (Hz),   (ms^2/Hz),   (ms^2/Hz),   (ms^2/Hz),   (ms^2/Hz),         (s),         (s),        (Hz),   (ms^2/Hz),        (Hz),   (ms^2/Hz),   (ms^2/Hz),   (ms^2/Hz),   (ms^2/Hz),         (s),         (s),        (Hz),   (ms^2/Hz),        (Hz),   (ms^2/Hz),   (ms^2/Hz),   (ms^2/Hz),   (ms^2/Hz),         (s),         (s),        (Hz),   (ms^2/Hz),        (Hz),   (ms^2/Hz),   (ms^2/Hz),   (ms^2/Hz),   (ms^2/Hz),
                              ,   18956.954,       0.954,       0.000,      3.0394,       0.000,    912.3410,            ,            ,            ,   19376.829,       1.088,       0.000,     30.4629,       0.000,    652.8248,            ,            ,            ,   19437.412,       1.069,       0.000,     93.3208,       0.000,   3373.2956,            ,            ,            ,   19498.112,       0.987,       0.000,     81.3627,       0.000,   4454.8251,            ,            ,            ,   19754.036,       0.811,       0.000,    123.3762,       0.000,   1009.9209,            ,            ,            ,   19799.704,       0.593,       0.000,     58.5794,       0.000,   1701.0525,            ,            ,            ,
                              ,   18957.866,       0.912,       0.003,      1.7030,       0.003,   1830.0234,            ,            ,            ,   19377.954,       1.125,       0.003,     67.0811,       0.003,   1304.8833,            ,            ,            ,   19438.409,       0.997,       0.003,    205.4971,       0.003,   6752.9425,            ,            ,            ,   19499.050,       0.938,       0.003,     53.4734,       0.003,   8936.6032,            ,            ,            ,   19754.802,       0.766,       0.003,    330.2041,       0.003,   2034.0276,            ,            ,            ,   19800.289,       0.585,       0.003,     26.9961,       0.003,   3405.7989,            ,            ,            ,
                              ,   18958.840,       0.974,       0.007,      4.1593,       0.007,   1846.1677,            ,            ,            ,   19379.119,       1.165,       0.007,     81.1783,       0.007,   1302.6195,            ,            ,            ,   19439.360,       0.951,       0.007,    260.4786,       0.007,   6771.9742,            ,            ,            ,   19499.897,       0.847,       0.007,     26.2702,       0.007,   9018.1044,            ,            ,            ,   19755.589,       0.787,       0.007,    571.8275,       0.007,   2077.3790,            ,            ,            ,   19800.883,       0.594,       0.007,      1.6088,       0.007,   3416.9107,            ,            ,            ,
                              ,   18959.847,       1.007,       0.010,     12.3721,       0.010,   1873.4809,            ,            ,            ,   19380.351,       1.232,       0.010,     93.6241,       0.010,   1298.9619,            ,            ,            ,   19440.301,       0.941,       0.010,    355.9711,       0.010,   6803.6181,            ,            ,            ,   19500.693,       0.796,       0.010,    105.8945,       0.010,   9156.1113,            ,            ,            ,   19756.335,       0.746,       0.010,    948.3898,       0.010,   2152.3649,            ,            ,            ,   19801.469,       0.586,       0.010,      3.2799,       0.010,   3435.5297,            ,            ,            ,
                              ,   18960.782,       0.935,       0.013,     35.4000,       0.013,   1912.5920,            ,            ,            ,   19381.534,       1.183,       0.013,     97.6086,       0.013,   1294.0778,            ,            ,            ,   19441.307,       1.006,       0.013,    521.5866,       0.013,   6847.7548,            ,            ,            ,   19501.457,       0.764,       0.013,    196.0659,       0.013,   9353.9905,            ,            ,            ,   19757.079,       0.744,       0.013,   1429.8547,       0.013,   2263.4048,            ,            ,            ,   19802.063,       0.594,       0.013,     40.5125,       0.013,   3461.8067,            ,            ,            ,
                              ,   18961.673,       0.891,       0.017,    289.6227,       0.017,   1964.4231,            ,            ,            ,   19382.670,       1.136,       0.017,     96.0033,       0.017,   1288.1907,            ,            ,            ,   19442.444,       1.137,       0.017,    822.7034,       0.017,   6904.2061,            ,            ,            ,   19502.191,       0.734,       0.017,   1036.2697,       0.017,   9616.6807,            ,            ,            ,   19757.799,       0.720,       0.017,   1988.6905,       0.017,   2417.3764,            ,            ,            ,   19802.654,       0.591,       0.017,    154.6723,       0.017,   3495.9555,            ,            ,            ,
                              ,   18962.607,       0.934,       0.020,    516.7305,       0.020,   2030.2347,            ,            ,            ,   19383.877,       1.207,       0.020,    102.6830,       0.020,   1281.5710,            ,            ,            ,   19443.540,       1.096,       0.020,   1346.6022,       0.020,   6972.7232,            ,            ,            ,   19502.924,       0.733,       0.020,   1594.5100,       0.020,   9950.9379,            ,            ,            ,   19758.529,       0.730,       0.020,   2606.9487,       0.020,   2624.4292,            ,            ,            ,   19803.254,       0.600,       0.020,   2106.0812,       0.020,   3538.2564,            ,            ,            ,
                              ,   18963.687,       1.080,       0.023,    247.3841,       0.023,   2111.6901,            ,            ,            ,   19385.033,       1.156,       0.023,    137.8006,       0.023,   1274.5257,            ,            ,            ,   19444.603,       1.063,       0.023,   2165.2902,       0.023,   7052.9728,            ,            ,            ,   19503.650,       0.726,       0.023,   5361.9463,       0.023,  10365.6801,            ,            ,            ,   19759.229,       0.700,       0.023,   3278.0542,       0.023,   2899.2165,            ,            ,            ,   19803.858,       0.604,       0.023,   3305.4254,       0.023,   3589.0599,            ,            ,            ,
                              ,   18964.750,       1.063,       0.027,    130.5175,       0.027,   2210.9447,            ,            ,            ,   19386.159,       1.126,       0.027,    219.9367,       0.027,   1267.3884,            ,            ,            ,   19445.689,       1.086,       0.027,   3296.1795,       0.027,   7144.5209,            ,            ,            ,   19504.369,       0.719,       0.027,   8460.4894,       0.027,  10872.4544,            ,            ,            ,   19759.929,       0.700,       0.027,   4002.2730,       0.027,   3262.6657,            ,            ,            ,   19804.460,       0.602,       0.027,    680.6912,       0.027,   3648.7922,            ,            ,            ,
                              ,   18965.763,       1.013,       0.030,   2174.1238,       0.030,   2330.7678,            ,            ,            ,   19387.309,       1.150,       0.030,    358.6096,       0.030,   1260.5095,            ,            ,            ,   19446.833,       1.144,       0.030,   4689.3377,       0.030,   7246.8141,            ,            ,            ,   19505.076,       0.707,       0.030,   4223.8295,       0.030,  11486.0621,            ,            ,            ,   19760.605,       0.676,       0.030,   4777.3344,       0.030,   3744.3051,            ,            ,            ,   19805.072,       0.612,       0.030,    162.4441,       0.030,   3717.9607,            ,            ,            ,
                              ,   18966.768,       1.005,       0.033,   9302.3218,       0.033,   2474.7095,            ,            ,            ,   19388.559,       1.250,       0.033,    549.1660,       0.033,   1254.2491,            ,            ,            ,   19447.929,       1.096,       0.033,   6254.4607,       0.033,   7359.1605,            ,            ,            ,   19505.770,       0.694,       0.033,   6949.0409,       0.033,  12225.3802,            ,            ,            ,   19761.270,       0.665,       0.033,   5587.7535,       0.033,   4384.6528,            ,            ,            ,   19805.684,       0.612,       0.033,   1305.4860,       0.033,   3797.1621,            ,            ,            ,
                              ,   18967.759,       0.991,       0.037,  10817.4613,       0.037,   2647.3291,            ,            ,            ,   19389.751,       1.192,       0.037,    771.0514,       0.037,   1248.9707,            ,            ,            ,   19448.950,       1.021,       0.037,   7907.9823,       0.037,   7480.7107,            ,            ,            ,   19506.449,       0.679,       0.037,  24844.4199,       0.037,  13114.4293,            ,            ,            ,   19761.937,       0.667,       0.037,   6397.2010,       0.037,   5235.3546,            ,            ,            ,   19806.302,       0.618,       0.037,  10317.6243,       0.037,   3887.0904,            ,            ,            ,
                              ,   18968.670,       0.911,       0.040,  13200.5300,       0.040,   2854.5112,            ,            ,            ,   19390.857,       1.106,       0.040,    991.0417,       0.040,   1245.0381,            ,            ,            ,   19449.947,       0.997,       0.040,   9594.8261,       0.040,   7610.4410,            ,            ,            ,   19507.122,       0.673,       0.040,   1792.9420,       0.040,  14183.7343,            ,            ,            ,   19762.599,       0.662,       0.040,   7147.4786,       0.040,   6349.3652,            ,            ,            ,   19806.927,       0.625,       0.040,   8509.0469,       0.040,   3988.5474,            ,            ,            ,
                              ,   18969.532,       0.862,       0.043,   7600.2693,       0.043,   3103.9066,            ,            ,            ,   19391.940,       1.083,       0.043,   1173.5205,       0.043,   1242.8139,            ,            ,            ,   19451.040,       1.093,       0.043,  11247.8572,       0.043,   7747.1402,            ,            ,            ,   19507.783,       0.661,       0.043,   5322.2867,       0.043,  15472.0050,            ,            ,            ,   19763.264,       0.665,       0.043,   7765.5011,       0.043,   7740.7302,            ,            ,            ,   19807.558,       0.631,       0.043,   2044.5169,       0.043,   4102.4538,            ,            ,            ,
                              ,   18970.360,       0.828,       0.047,   3263.1529,       0.047,   3405.5540,            ,            ,            ,   19393.088,       1.148,       0.047,   1297.6129,       0.047,   1242.6614,            ,            ,            ,   19452.165,       1.125,       0.047,  12697.8231,       0.047,   7889.4033,            ,            ,            ,   19508.433,       0.650,       0.047,  14681.0799,       0.047,  17028.0857,            ,            ,            ,   19763.919,       0.655,       0.047,   8176.9267,       0.047,   9278.8745,            ,            ,            ,   19808.198,       0.640,       0.047,   5530.6517,       0.047,   4229.8626,            ,            ,            ,
                              ,   18971.176,       0.816,       0.050,   2016.6505,       0.050,   3772.7692,            ,            ,            ,   19394.322,       1.234,       0.050,   1375.5670,       0.050,   1244.9472,            ,            ,            ,   19453.266,       1.101,       0.050,  13608.0251,       0.050,   8035.6341,            ,            ,            ,   19509.077,       0.644,       0.050,  13666.6718,       0.050,  18912.9301,            ,            ,            ,   19764.569,       0.650,       0.050,   8322.7060,       0.050,  10531.7842,            ,            ,            ,   19808.846,       0.648,       0.050,   2749.1375,       0.050,   4371.9735,            ,            ,            ,
                              ,   18972.029,       0.853,       0.053,   2112.3113,       0.053,   4223.4323,            ,            ,            ,   19395.515,       1.193,       0.053,   1461.8046,       0.053,   1250.0472,            ,            ,            ,   19454.305,       1.039,       0.053,  13528.0000,       0.053,   8184.0597,            ,            ,            ,   19509.713,       0.636,       0.053,  16382.1400,       0.053,  21200.8935,            ,            ,            ,   19765.206,       0.637,       0.053,   8173.6799,       0.053,  10821.4655,            ,            ,            ,   19809.512,       0.666,       0.053,   1051.0748,       0.053,   4530.1494,            ,            ,            ,
                              ,   18973.066,       1.037,       0.057,   2803.1621,       0.057,   4781.8765,            ,            ,            ,   19396.651,       1.136,       0.057,   1642.7502,       0.057,   1258.3541,            ,            ,            ,   19455.362,       1.057,       0.057,  12102.2455,       0.057,   8332.7595,            ,            ,            ,   19510.341,       0.628,       0.057,  52922.0465,       0.057,  23978.6220,            ,            ,            ,   19765.844,       0.638,       0.057,   7738.8658,       0.057,   9823.8700,            ,            ,            ,   19810.208,       0.696,       0.057,   4455.7221,       0.057,   4705.9334,            ,            ,            ,
                              ,   18974.254,       1.188,       0.060,   5167.0942,       0.060,   5481.6936,            ,            ,            ,   19397.757,       1.106,       0.060,   2006.0924,       0.060,   1270.2867,            ,            ,            ,   19456.514,       1.152,       0.060,   9352.8705,       0.060,   8479.7105,            ,            ,            ,   19510.961,       0.620,       0.060,  67477.6842,       0.060,  27337.7616,            ,            ,            ,   19766.464,       0.620,       0.060,   7065.0105,       0.060,   8020.1269,            ,            ,            ,   19810.913,       0.705,       0.060,   2807.1106,       0.060,   4901.0678,            ,            ,            ,
                              ,   18975.445,       1.191,       0.063,   9363.3680,       0.063,   6369.9427,            ,            ,            ,   19398.879,       1.122,       0.063,   2600.6392,       0.063,   1286.3022,            ,            ,            ,   19457.650,       1.136,       0.063,   5857.2898,       0.063,   8622.8492,            ,            ,            ,   19511.574,       0.613,       0.063,  37814.6500,       0.063,  31353.9608,            ,            ,            ,   19767.091,       0.627,       0.063,   6227.6577,       0.063,   6150.5536,            ,            ,            ,   19811.629,       0.716,       0.063,   4328.7253,       0.063,   5117.5128,            ,            ,            ,
                              ,   18976.586,       1.141,       0.067,   6492.8894,       0.067,   7513.4877,            ,            ,            ,   19400.088,       1.209,       0.067,   3406.1677,       0.067,   1306.9102,            ,            ,            ,   19458.736,       1.086,       0.067,   2651.7318,       0.067,   8760.1491,            ,            ,            ,   19512.181,       0.607,       0.067,  46809.8614,       0.067,  36039.2337,            ,            ,            ,   19767.703,       0.612,       0.067,   5316.4300,       0.067,   4610.7557,            ,            ,            ,   19812.348,       0.719,       0.067,  13701.1330,       0.067,   5357.4648,            ,            ,            ,
                              ,   18977.648,       1.062,       0.070,   5147.6099,       0.070,   9008.4626,            ,            ,            ,   19401.269,       1.181,       0.070,   4329.8444,       0.070,   1332.6898,            ,            ,            ,   19459.804,       1.068,       0.070,    833.7650,       0.070,   8889.7117,            ,            ,            ,   19512.784,       0.603,       0.070,  47982.6200,       0.070,  41251.6502,            ,            ,            ,   19768.332,       0.629,       0.070,   4418.6522,       0.070,   3462.1577,            ,            ,            ,   19813.053,       0.705,       0.070,  11291.0049,       0.070,   5623.3721,            ,            ,            ,
                              ,   18978.679,       1.031,       0.073,   6755.3528,       0.073,  10993.9149,            ,            ,            ,   19402.378,       1.109,       0.073,   5232.2308,       0.073,   1364.3115,            ,            ,            ,   19460.953,       1.149,       0.073,   1037.3528,       0.073,   9009.8647,            ,            ,            ,   19513.385,       0.601,       0.073,  34324.6337,       0.073,  46561.1708,            ,            ,            ,   19768.955,       0.623,       0.073,   3605.4583,       0.073,   2634.6612,            ,            ,            ,   19813.749,       0.696,       0.073,   2499.7514,       0.073,   5917.9449,            ,            ,            ,
                              ,   18979.731,       1.052,       0.077,   8829.7108,       0.077,  13669.4928,            ,            ,            ,   19403.471,       1.093,       0.077,   5969.7844,       0.077,   1402.5625,            ,            ,            ,   19462.078,       1.125,       0.077,   3074.8384,       0.077,   9119.2618,            ,            ,            ,   19513.989,       0.604,       0.077,  67375.1030,       0.077,  51134.9199,            ,            ,            ,   19769.598,       0.643,       0.077,   2923.2805,       0.077,   2040.9003,            ,            ,            ,   19814.438,       0.689,       0.077,   8277.4719,       0.077,   6244.1571,            ,            ,            ,
                              ,   18980.793,       1.062,       0.080,  13493.6273,       0.080,  17311.1586,            ,            ,            ,   19404.560,       1.089,       0.080,   6432.8377,       0.080,   1448.3798,            ,            ,            ,   19463.121,       1.043,       0.080,   5979.1544,       0.080,   9216.9759,            ,            ,            ,   19514.599,       0.610,       0.080,  53824.1845,       0.080,  53821.8064,            ,            ,            ,   19770.242,       0.644,       0.080,   2391.6988,       0.080,   1610.6521,            ,            ,            ,   19815.122,       0.684,       0.080,   7076.6699,       0.080,   6605.2317,            ,            ,            ,
                              ,   18981.844,       1.051,       0.083,  11831.3061,       0.083,  22258.0824,            ,            ,            ,   19405.701,       1.141,       0.083,   6563.5764,       0.083,   1502.8915,            ,            ,            ,   19464.097,       0.976,       0.083,   8454.1333,       0.083,   9302.5774,            ,            ,            ,   19515.241,       0.642,       0.083,  10363.8148,       0.083,  53620.9919,            ,            ,            ,   19770.903,       0.661,       0.083,   2006.7654,       0.083,   1294.0420,            ,            ,            ,   19815.809,       0.687,       0.083,   9252.6847,       0.083,   7004.6033,            ,            ,            ,
                              ,   18982.936,       1.092,       0.087,  30298.9363,       0.087,  28785.4551,            ,            ,            ,   19406.890,       1.189,       0.087,   6353.1423,       0.087,   1567.4694,            ,            ,            ,   19465.093,       0.996,       0.087,   9491.1373,       0.087,   9376.1922,            ,            ,            ,   19515.896,       0.655,       0.087,  23208.7685,       0.087,  50338.2711,            ,            ,            ,   19771.576,       0.673,       0.087,   1747.7189,       0.087,   1057.0343,            ,            ,            ,   19816.513,       0.704,       0.087,  26505.7723,       0.087,   7445.8444,            ,            ,            ,
                              ,   18984.012,       1.076,       0.090,  17002.7891,       0.090,  36675.0458,            ,            ,            ,   19408.040,       1.150,       0.090,   5829.6210,       0.090,   1643.7987,            ,            ,            ,   19466.294,       1.201,       0.090,   8805.5377,       0.090,   9438.5330,            ,            ,            ,   19516.581,       0.685,       0.090,  21729.3254,       0.090,  44785.2881,            ,            ,            ,   19772.254,       0.678,       0.090,   1584.7186,       0.090,    876.5755,            ,            ,            ,   19817.230,       0.717,       0.090,  13256.0670,       0.090,   7932.5393,            ,            ,            ,
                              ,   18985.116,       1.104,       0.093,  25538.3291,       0.093,  44377.1199,            ,            ,            ,   19409.132,       1.092,       0.093,   5050.2934,       0.093,   1733.9690,            ,            ,            ,   19467.423,       1.129,       0.093,   6862.0607,       0.093,   9490.9042,            ,            ,            ,   19517.269,       0.688,       0.093,  25368.8850,       0.093,  38257.0624,            ,            ,            ,   19772.927,       0.673,       0.093,   1485.7206,       0.093,    736.9473,            ,            ,            ,   19817.962,       0.732,       0.093,   4451.0723,       0.093,   8468.0854,            ,            ,            ,
                              ,   18986.205,       1.089,       0.097,  63154.2041,       0.097,  48703.4494,            ,            ,            ,   19410.205,       1.073,       0.097,   4102.2392,       0.097,   1840.5964,            ,            ,            ,   19468.456,       1.033,       0.097,   4516.4033,       0.097,   9535.1807,            ,            ,            ,   19517.951,       0.682,       0.097,  21994.3355,       0.097,  31851.0357,            ,            ,            ,   19773.613,       0.686,       0.097,   1421.4971,       0.097,    627.2952,            ,            ,            ,   19818.699,       0.737,       0.097,  19817.2846,       0.097,   9055.3931,            ,            ,            ,
                              ,   18987.240,       1.035,       0.100,  57688.4405,       0.100,  47135.7302,            ,            ,            ,   19411.347,       1.142,       0.100,   3104.0786,       0.100,   1966.9892,            ,            ,            ,   19469.424,       0.968,       0.100,   2526.4150,       0.100,   9573.7674,            ,            ,            ,   19518.627,       0.676,       0.100,   5766.4350,       0.100,  26177.7435,            ,            ,            ,   19774.294,       0.681,       0.100,   1368.6370,       0.100,    540.0080,            ,            ,            ,   19819.433,       0.734,       0.100,  35774.2657,       0.100,   9696.4541,            ,            ,            ,
                              ,   18988.294,       1.054,       0.103,  29980.3361,       0.103,  40812.1835,            ,            ,            ,   19412.480,       1.133,       0.103,   2198.0143,       0.103,   2117.3762,            ,            ,            ,   19470.413,       0.989,       0.103,   1232.8535,       0.103,   9609.5453,            ,            ,            ,   19519.295,       0.668,       0.103,  24714.8321,       0.103,  21435.2215,            ,            ,            ,   19774.973,       0.679,       0.103,   1310.8602,       0.103,    469.6636,            ,            ,            ,   19820.158,       0.725,       0.103,   4221.4521,       0.103,  10391.7468,            ,            ,            ,
                              ,   18989.371,       1.077,       0.107,  23393.1406,       0.107,  33023.7256,            ,            ,            ,   19413.584,       1.104,       0.107,   1527.3560,       0.107,   2297.2250,            ,            ,            ,   19471.582,       1.169,       0.107,    561.8733,       0.107,   9645.8134,            ,            ,            ,   19519.956,       0.661,       0.107,  46275.1630,       0.107,  17589.2428,            ,            ,            ,   19775.638,       0.665,       0.107,   1239.1019,       0.107,    412.3379,            ,            ,            ,   19820.874,       0.716,       0.107,   3504.0307,       0.107,  11139.4513,            ,            ,            ,
                              ,   18990.480,       1.109,       0.110,  25069.0862,       0.110,  26035.3973,            ,            ,            ,   19414.609,       1.025,       0.110,   1203.5401,       0.110,   2513.6946,            ,            ,            ,   19472.724,       1.142,       0.110,    276.8337,       0.110,   9686.2371,            ,            ,            ,   19520.608,       0.652,       0.110,  28146.3173,       0.110,  14512.6617,            ,            ,            ,   19776.304,       0.666,       0.110,   1150.7099,       0.110,    365.1486,            ,            ,            ,   19821.583,       0.709,       0.110,   6092.0297,       0.110,  11934.4751,            ,            ,            ,
                              ,   18991.610,       1.130,       0.113,   6563.4636,       0.113,  20526.5865,            ,            ,            ,   19415.597,       0.988,       0.113,   1270.4963,       0.113,   2776.2878,            ,            ,            ,   19473.758,       1.034,       0.113,    262.5261,       0.113,   9734.8096,            ,            ,            ,   19521.257,       0.649,       0.113,  29973.7155,       0.113,  12060.6770,            ,            ,            ,   19776.949,       0.645,       0.113,   1047.9662,       0.113,    325.9482,            ,            ,            ,   19822.288,       0.705,       0.113,    989.7162,       0.113,  12767.3306,            ,            ,            ,
                              ,   18992.738,       1.128,       0.117,   2241.6635,       0.117,  16389.9516,            ,            ,            ,   19416.571,       0.974,       0.117,   1673.1335,       0.117,   3097.8101,            ,            ,            ,   19474.750,       0.992,       0.117,    643.3985,       0.117,   9795.8364,            ,            ,            ,   19521.908,       0.651,       0.117,  29047.4725,       0.117,  10102.4055,            ,            ,            ,   19777.595,       0.646,       0.117,    936.1344,       0.117,    293.1156,            ,            ,            ,   19822.994,       0.706,       0.117,   4756.3445,       0.117,  13622.9866,            ,            ,            ,
                              ,   18993.797,       1.059,       0.120,   3466.1796,       0.120,  13318.3481,            ,            ,            ,   19417.630,       1.059,       0.120,   2238.6618,       0.120,   3495.8053,            ,            ,            ,   19475.816,       1.066,       0.120,   1680.6475,       0.120,   9873.9478,            ,            ,            ,   19522.569,       0.661,       0.120,   1726.2454,       0.120,   8530.0599,            ,            ,            ,   19778.237,       0.642,       0.120,    821.3563,       0.120,    265.4121,            ,            ,            ,   19823.709,       0.715,       0.120,   7635.3179,       0.120,  14479.9278,            ,            ,            ,
                              ,   18994.821,       1.024,       0.123,   5289.3638,       0.123,  11024.8428,            ,            ,            ,   19418.778,       1.148,       0.123,   2689.6521,       0.123,   3994.7509,            ,            ,            ,   19477.017,       1.201,       0.123,   3546.7745,       0.123,   9974.1468,            ,            ,            ,   19523.289,       0.720,       0.123,  12421.2864,       0.123,   7258.6385,            ,            ,            ,   19778.883,       0.646,       0.123,    708.8411,       0.123,    241.8801,            ,            ,            ,   19824.448,       0.739,       0.123,   7681.5044,       0.123,  15309.7761,            ,            ,            ,
                              ,   18995.812,       0.991,       0.127,   7340.5522,       0.127,   9290.7109,            ,            ,            ,   19419.890,       1.112,       0.127,   2717.5308,       0.127,   4629.4830,            ,            ,            ,   19478.119,       1.102,       0.127,   6140.1491,       0.127,  10101.8977,            ,            ,            ,   19524.098,       0.809,       0.127,   5393.3373,       0.127,   6222.4406,            ,            ,            ,   19779.530,       0.647,       0.127,    601.7944,       0.127,    221.7717,            ,            ,            ,   19825.204,       0.756,       0.127,  11899.6430,       0.127,  16077.9212,            ,            ,            ,
                              ,   18996.849,       1.037,       0.130,   3055.6081,       0.130,   7959.8596,            ,            ,            ,   19420.911,       1.021,       0.130,   2134.4976,       0.130,   5450.6616,            ,            ,            ,   19479.175,       1.056,       0.130,   9054.1279,       0.130,  10263.2626,            ,            ,            ,   19524.953,       0.855,       0.130,    640.3546,       0.130,   5371.0774,            ,            ,            ,   19780.155,       0.625,       0.130,    501.3244,       0.130,    204.4969,            ,            ,            ,   19825.975,       0.771,       0.130,  11573.1457,       0.130,  16745.5708,            ,            ,            ,
                              ,   18997.935,       1.086,       0.133,   8030.1298,       0.133,   6922.9989,            ,            ,            ,   19421.909,       0.998,       0.133,   1077.6369,       0.133,   6533.6623,            ,            ,            ,   19480.286,       1.111,       0.133,  11708.5737,       0.133,  10465.0947,            ,            ,            ,   19525.793,       0.840,       0.133,    362.8849,       0.133,   4665.9401,            ,            ,            ,   19780.787,       0.632,       0.133,    407.2230,       0.133,    189.5863,            ,            ,            ,   19826.738,       0.763,       0.133,   9024.7683,       0.133,  17273.3903,            ,            ,            ,
                              ,   18999.091,       1.156,       0.137,   4998.1972,       0.137,   6103.5656,            ,            ,            ,   19422.931,       1.022,       0.137,    176.0025,       0.137,   7993.2804,            ,            ,            ,   19481.488,       1.202,       0.137,  13562.5312,       0.137,  10715.3030,            ,            ,            ,   19526.577,       0.784,       0.137,   2145.8998,       0.137,   4077.3569,            ,            ,            ,   19781.411,       0.624,       0.137,    319.1811,       0.137,    176.6631,            ,            ,            ,   19827.483,       0.745,       0.137,   6698.5311,       0.137,  17626.4198,            ,            ,            ,
                              ,   19000.252,       1.161,       0.140,   2605.9430,       0.140,   5447.4193,            ,            ,            ,   19423.999,       1.068,       0.140,    553.3752,       0.140,  10008.1346,            ,            ,            ,   19482.605,       1.117,       0.140,  14300.9348,       0.140,  11023.2061,            ,            ,            ,   19527.330,       0.753,       0.140,   1980.4755,       0.140,   3582.4047,            ,            ,            ,   19782.041,       0.630,       0.140,    237.8384,       0.140,    165.4225,            ,            ,            ,   19828.219,       0.736,       0.140,  13333.4978,       0.140,  17779.3576,            ,            ,            ,
                              ,   19001.400,       1.148,       0.143,   6133.3286,       0.143,   4915.7630,            ,            ,            ,   19425.097,       1.098,       0.143,   3572.0186,       0.143,  12860.1000,            ,            ,            ,   19483.619,       1.014,       0.143,  13921.8810,       0.143,  11400.0061,            ,            ,            ,   19528.064,       0.734,       0.143,    487.3627,       0.143,   3163.2587,            ,            ,            ,   19782.666,       0.625,       0.143,    165.1673,       0.143,    155.6163,            ,            ,            ,   19828.948,       0.729,       0.143,   6949.4809,       0.143,  17720.8680,            ,            ,            ,
                              ,   19002.497,       1.097,       0.147,   4501.6143,       0.147,   4480.3773,            ,            ,            ,   19426.144,       1.047,       0.147,  10335.1854,       0.147,  16990.9318,            ,            ,            ,   19484.560,       0.941,       0.147,  12709.3044,       0.147,  11859.4222,            ,            ,            ,   19528.777,       0.713,       0.147,   2002.5398,       0.147,   2805.9595,            ,            ,            ,   19783.284,       0.618,       0.147,    104.0137,       0.147,    147.0408,            ,            ,            ,   19829.671,       0.723,       0.147,  11344.3839,       0.147,  17455.6211,            ,            ,            ,
                              ,   19003.531,       1.034,       0.150,   2720.4780,       0.150,   4120.4170,            ,            ,            ,   19427.126,       0.982,       0.150,  21110.9061,       0.150,  23048.3254,            ,            ,            ,   19485.444,       0.884,       0.150,  11123.4334,       0.150,  12418.5469,            ,            ,            ,   19529.477,       0.700,       0.150,   3689.5661,       0.150,   2499.4934,            ,            ,            ,   19783.903,       0.619,       0.150,     57.0132,       0.150,    139.5281,            ,            ,            ,   19830.391,       0.720,       0.150,   9887.2326,       0.150,  17003.4018,            ,            ,            ,
                              ,   19004.539,       1.008,       0.153,   2183.9344,       0.153,   3820.2428,            ,            ,            ,   19428.102,       0.976,       0.153,  34933.0336,       0.153,  31752.6022,            ,            ,            ,   19486.356,       0.912,       0.153,   9661.9271,       0.153,  13099.0129,            ,            ,            ,   19530.169,       0.692,       0.153,   1509.0406,       0.153,   2235.1065,            ,            ,            ,   19784.509,       0.606,       0.153,     25.3851,       0.153,    132.9387,            ,            ,            ,   19831.124,       0.733,       0.153,  10408.1562,       0.153,  16395.5873,            ,            ,            ,
                              ,   19005.564,       1.025,       0.157,   1142.9539,       0.157,   3567.9382,            ,            ,            ,   19429.083,       0.981,       0.157,  49608.9405,       0.157,  42987.6296,            ,            ,            ,   19487.414,       1.058,       0.157,   8742.0278,       0.157,  13928.6010,            ,            ,            ,   19530.859,       0.690,       0.157,   1625.4941,       0.157,   2005.7895,            ,            ,            ,   19785.119,       0.610,       0.157,      8.1632,       0.157,    127.1562,            ,            ,            ,   19831.869,       0.745,       0.157,   5984.2096,       0.157,  15670.0984,            ,            ,            ,
                              ,   19006.618,       1.054,       0.160,   1590.9805,       0.160,   3354.2798,            ,            ,            ,   19430.152,       1.069,       0.160,  62210.9039,       0.160,  53383.3088,            ,            ,            ,   19488.391,       0.977,       0.160,   8641.1920,       0.160,  14943.4744,            ,            ,            ,   19531.555,       0.696,       0.160,    509.7097,       0.160,   1805.8904,            ,            ,            ,   19785.730,       0.611,       0.160,      2.2216,       0.160,    122.0832,            ,            ,            ,   19832.630,       0.761,       0.160,  16523.5916,       0.160,  14866.2131,            ,            ,            ,
                              ,   19007.759,       1.141,       0.163,   4145.8649,       0.163,   3172.0146,            ,            ,            ,   19431.227,       1.075,       0.163,  69916.9546,       0.163,  55894.6955,            ,            ,            ,   19489.300,       0.909,       0.163,   9518.8052,       0.163,  16191.3044,            ,            ,            ,   19532.279,       0.724,       0.163,     51.1111,       0.163,   1630.8199,            ,            ,            ,   19786.342,       0.612,       0.163,      3.1041,       0.163,    117.6372,            ,            ,            ,   19833.399,       0.769,       0.163,  29593.2880,       0.163,  14020.3606,            ,            ,            ,
                              ,   19008.896,       1.137,       0.167,   5732.9326,       0.167,   3015.3445,            ,            ,            ,   19432.255,       1.028,       0.167,  70900.4597,       0.167,  48368.6947,            ,            ,            ,   19490.212,       0.912,       0.167,  11521.6440,       0.167,  17735.6478,            ,            ,            ,   19533.006,       0.727,       0.167,     91.6878,       0.167,   1476.8271,            ,            ,            ,   19786.960,       0.618,       0.167,      6.3301,       0.167,    113.7486,            ,            ,            ,   19834.164,       0.765,       0.167,  71896.0305,       0.167,  13163.4373,            ,            ,            ,
                              ,   19010.017,       1.121,       0.170,   2160.8042,       0.170,   2879.5550,            ,            ,            ,   19433.234,       0.979,       0.170,  64928.7402,       0.170,  37076.1657,            ,            ,            ,   19491.275,       1.063,       0.170,  14941.2738,       0.170,  19662.0249,            ,            ,            ,   19533.763,       0.757,       0.170,    228.2381,       0.170,   1340.8266,            ,            ,            ,   19787.558,       0.598,       0.170,      8.6582,       0.170,    110.3581,            ,            ,            ,   19834.915,       0.751,       0.170,  62694.6778,       0.170,  12319.6457,            ,            ,            ,
                              ,   19011.087,       1.070,       0.173,   1167.7413,       0.173,   2760.7449,            ,            ,            ,   19434.232,       0.998,       0.173,  53438.8318,       0.173,  27305.5219,            ,            ,            ,   19492.322,       1.047,       0.173,  20342.7513,       0.173,  22086.1194,            ,            ,            ,   19534.503,       0.740,       0.173,    563.5853,       0.173,   1220.2651,            ,            ,            ,   19788.165,       0.607,       0.173,      8.8303,       0.173,    107.4149,            ,            ,            ,   19835.656,       0.741,       0.173,  55972.8072,       0.173,  11506.5116,            ,            ,            ,
                              ,   19012.161,       1.074,       0.177,   2739.3304,       0.177,   2655.6294,            ,            ,            ,   19435.251,       1.019,       0.177,  39063.4073,       0.177,  20232.6148,            ,            ,            ,   19493.295,       0.973,       0.177,  28545.9176,       0.177,  25164.0518,            ,            ,            ,   19535.233,       0.730,       0.177,    454.3284,       0.177,   1113.0174,            ,            ,            ,   19788.783,       0.618,       0.177,      7.5467,       0.177,    104.8752,            ,            ,            ,   19836.389,       0.733,       0.177,  42374.8631,       0.177,  10735.6321,            ,            ,            ,
                              ,   19013.227,       1.066,       0.180,   4449.6170,       0.180,   2561.3966,            ,            ,            ,            ,            ,       0.180,  24792.0848,       0.180,  15352.2968,            ,            ,            ,   19494.209,       0.914,       0.180,  40358.6815,       0.180,  29102.7996,            ,            ,            ,   19535.954,       0.721,       0.180,    175.5912,       0.180,   1017.3046,            ,            ,            ,   19789.392,       0.609,       0.180,      6.7372,       0.180,    102.7011,            ,            ,            ,   19837.116,       0.727,       0.180,  25873.7617,       0.180,  10013.7599,            ,            ,            ,
                              ,   19014.311,       1.084,       0.183,   2509.4459,       0.183,   2475.6058,            ,            ,            ,            ,            ,       0.183,  13085.0990,       0.183,  11978.7649,            ,            ,            ,   19495.121,       0.912,       0.183,  56068.3458,       0.183,  34162.9660,            ,            ,            ,   19536.680,       0.726,       0.183,   1056.5710,       0.183,    931.6298,            ,            ,            ,   19790.019,       0.627,       0.183,      8.4578,       0.183,    100.8595,            ,            ,            ,   19837.853,       0.737,       0.183,  22215.6382,       0.183,   9343.9413,            ,            ,            ,
                              ,   19015.376,       1.065,       0.187,    581.8801,       0.187,   2396.1175,            ,            ,            ,            ,            ,       0.187,   5257.1236,       0.187,   9601.2828,            ,            ,            ,   19496.103,       0.982,       0.187,  74867.4565,       0.187,  40630.0289,            ,            ,            ,   19537.417,       0.737,       0.187,   1640.7122,       0.187,    854.7267,            ,            ,            ,   19790.627,       0.608,       0.187,     13.8645,       0.187,     99.3211,            ,            ,            ,   19838.637,       0.784,       0.187,  24597.8971,       0.187,   8726.5482,            ,            ,            ,
                              ,   19016.470,       1.094,       0.190,   1303.5783,       0.190,   2321.0508,            ,            ,            ,            ,            ,       0.190,   1323.2001,       0.190,   7884.8773,            ,            ,            ,            ,            ,       0.190,  94529.0937,       0.190,  48692.8269,            ,            ,            ,   19538.174,       0.757,       0.190,    835.1383,       0.190,    785.5194,            ,            ,            ,   19791.232,       0.605,       0.190,     22.6451,       0.190,     98.0595,            ,            ,            ,   19839.544,       0.907,       0.190,  11699.8874,       0.190,   8160.1329,            ,            ,            ,
                              ,   19017.600,       1.130,       0.193,   1802.7125,       0.193,   2248.7608,            ,            ,            ,            ,            ,       0.193,    302.6723,       0.193,   6615.6495,            ,            ,            ,            ,            ,       0.193, 111633.2802,       0.193,  58108.7191,            ,            ,            ,   19538.975,       0.801,       0.193,    395.2291,       0.193,    723.0886,            ,            ,            ,   19791.842,       0.610,       0.193,     33.0902,       0.193,     97.0508,            ,            ,            ,   19840.448,       0.904,       0.193,   8370.3000,       0.193,   7642.0917,            ,            ,            ,
                              ,   19018.735,       1.135,       0.197,    544.6870,       0.197,   2177.8338,            ,            ,            ,            ,            ,       0.197,    796.9565,       0.197,   5656.1056,            ,            ,            ,            ,            ,       0.197, 122428.1935,       0.197,  67557.4672,            ,            ,            ,   19539.816,       0.841,       0.197,    114.6768,       0.197,    666.6460,            ,            ,            ,   19792.457,       0.615,       0.197,     42.7210,       0.197,     96.2728,            ,            ,            ,   19841.308,       0.860,       0.197,   7925.5575,       0.197,   7169.1567,            ,            ,            ,
                              ,   19019.787,       1.052,       0.200,    312.8894,       0.200,   2107.0937,            ,            ,            ,            ,            ,       0.200,   1571.6744,       0.200,   4916.1954,            ,            ,            ,            ,            ,       0.200, 124069.1085,       0.200,  74090.0639,            ,            ,            ,   19540.714,       0.898,       0.200,    281.0130,       0.200,    615.5123,            ,            ,            ,   19793.079,       0.622,       0.200,     49.1880,       0.200,     95.7044,            ,            ,            ,   19842.126,       0.818,       0.200,   7351.7109,       0.200,   6737.7432,            ,            ,            ,
                              ,   19020.816,       1.029,       0.203,    156.3919,       0.203,   2035.6161,            ,            ,            ,            ,            ,       0.203,   1916.0949,       0.203,   4335.5880,            ,            ,            ,            ,            ,       0.203, 115709.5211,       0.203,  74181.2470,            ,            ,            ,   19541.632,       0.918,       0.203,    774.8058,       0.203,    569.0998,            ,            ,            ,   19794.900,       0.613,       0.203,     51.0729,       0.203,     95.3248,            ,            ,            ,   19842.909,       0.783,       0.203,   8137.8509,       0.203,   6344.1860,            ,            ,            ,
                              ,   19021.836,       1.020,       0.207,    936.7001,       0.207,   1962.7416,            ,            ,            ,            ,            ,       0.207,   1691.5919,       0.207,   3872.9068,            ,            ,            ,            ,            ,       0.207,  98912.1462,       0.207,  66921.0497,            ,            ,            ,   19542.511,       0.879,       0.207,    193.7453,       0.207,    526.8979,            ,            ,            ,   19795.504,       0.604,       0.207,     48.2935,       0.207,     95.1134,            ,            ,            ,   19843.663,       0.754,       0.207,  13796.6266,       0.207,   5984.8930,            ,            ,            ,
                              ,   19022.901,       1.065,       0.210,   2277.0770,       0.210,   1888.0850,            ,            ,            ,            ,            ,       0.210,   1136.7858,       0.210,   3499.1203,            ,            ,            ,            ,            ,       0.210,  77146.5063,       0.210,  55320.1541,            ,            ,            ,   19543.354,       0.843,       0.210,    319.7171,       0.210,    488.4615,            ,            ,            ,   19796.110,       0.606,       0.210,     41.9927,       0.210,     95.0488,            ,            ,            ,   19844.400,       0.737,       0.210,  10864.8860,       0.210,   5656.4390,            ,            ,            ,
                              ,   19024.003,       1.102,       0.213,   1473.2559,       0.213,   1811.5333,            ,            ,            ,            ,            ,       0.213,    589.0633,       0.213,   3193.4085,            ,            ,            ,            ,            ,       0.213,  54590.6743,       0.213,  43341.7831,            ,            ,            ,   19544.158,       0.804,       0.213,    407.9279,       0.213,    453.4010,            ,            ,            ,   19796.706,       0.596,       0.213,     34.0080,       0.213,     95.1088,            ,            ,            ,   19845.126,       0.726,       0.213,   3034.0869,       0.213,   5355.6179,            ,            ,            ,
                              ,   19025.121,       1.118,       0.217,   1050.7647,       0.217,   1733.2293,            ,            ,            ,            ,            ,       0.217,    274.3416,       0.217,   2940.5236,            ,            ,            ,            ,            ,       0.217,  34793.2100,       0.217,  33202.8021,            ,            ,            ,   19544.930,       0.772,       0.217,     27.0027,       0.217,    421.3742,            ,            ,            ,   19797.308,       0.602,       0.217,     26.1825,       0.217,     95.2694,            ,            ,            ,   19845.853,       0.727,       0.217,    611.7462,       0.217,   5079.4669,            ,            ,            ,
                              ,   19026.269,       1.148,       0.220,   1466.6962,       0.220,   1653.5400,            ,            ,            ,            ,            ,       0.220,    235.2295,       0.220,   2729.0681,            ,            ,            ,            ,            ,       0.220,  19777.6235,       0.220,  25384.4576,            ,            ,            ,   19545.685,       0.755,       0.220,    183.3604,       0.220,    392.0796,            ,            ,            ,   19797.910,       0.602,       0.220,     19.8204,       0.220,     95.5048,            ,            ,            ,   19846.590,       0.737,       0.220,   1741.8810,       0.220,   4825.2732,            ,            ,            ,
                              ,   19027.441,       1.172,       0.223,   2108.1193,       0.223,   1573.0109,            ,            ,            ,            ,            ,       0.223,    375.5267,       0.223,   2550.3485,            ,            ,            ,            ,            ,       0.223,   9885.7686,       0.223,  19579.8811,            ,            ,            ,   19546.418,       0.733,       0.223,    854.2744,       0.223,    365.2506,            ,            ,            ,   19798.512,       0.602,       0.223,     15.5057,       0.223,     95.7871,            ,            ,            ,   19847.341,       0.751,       0.223,   2646.6063,       0.223,   4590.5690,            ,            ,            ,
                              ,   19028.580,       1.139,       0.227,   1204.2747,       0.227,   1492.3107,            ,            ,            ,            ,            ,       0.227,    550.9002,       0.227,   2397.5976,            ,            ,            ,            ,            ,       0.227,   4252.9709,       0.227,  15310.8493,            ,            ,            ,   19547.142,       0.724,       0.227,    655.1473,       0.227,    340.6511,            ,            ,            ,   19799.111,       0.599,       0.227,     13.3180,       0.227,     96.0859,            ,            ,            ,   19848.109,       0.768,       0.227,   3031.1964,       0.227,   4373.1196,            ,            ,            ,
                              ,   19029.702,       1.122,       0.230,    411.9241,       0.230,   1412.1724,            ,            ,            ,            ,            ,       0.230,    644.2688,       0.230,   2265.4390,            ,            ,            ,            ,            ,       0.230,   1534.7186,       0.230,  12156.7307,            ,            ,            ,   19547.871,       0.729,       0.230,    153.4035,       0.230,    318.0710,            ,            ,            ,            ,            ,       0.230,     13.2911,       0.230,     96.3685,            ,            ,            ,   19848.889,       0.780,       0.230,    638.5940,       0.230,   4170.9096,            ,            ,            ,
                              ,   19030.779,       1.077,       0.233,     77.3397,       0.233,   1333.3357,            ,            ,            ,            ,            ,       0.233,    602.6850,       0.233,   2149.5146,            ,            ,            ,            ,            ,       0.233,    495.8727,       0.233,   9800.5207,            ,            ,            ,   19548.653,       0.782,       0.233,     73.0727,       0.233,    297.3229,            ,            ,            ,            ,            ,       0.233,     15.8416,       0.233,     96.6000,            ,            ,            ,   19849.666,       0.777,       0.233,   1506.7765,       0.233,   3982.1268,            ,            ,            ,
                              ,   19031.871,       1.092,       0.237,    710.0062,       0.237,   1256.4983,            ,            ,            ,            ,            ,       0.237,    443.1009,       0.237,   2046.2243,            ,            ,            ,            ,            ,       0.237,    274.7102,       0.237,   8016.2923,            ,            ,            ,   19549.791,       0.862,       0.237,     30.8445,       0.237,    278.2396,            ,            ,            ,            ,            ,       0.237,     21.9073,       0.237,     96.7441,            ,            ,            ,   19850.438,       0.772,       0.237,   3214.3015,       0.237,   3805.1469,            ,            ,            ,
                              ,   19032.961,       1.090,       0.240,    648.5868,       0.240,   1182.2776,            ,            ,            ,            ,            ,       0.240,    240.2606,       0.240,   1952.5485,            ,            ,            ,            ,            ,       0.240,    371.2046,       0.240,   6645.8707,            ,            ,            ,   19550.843,       0.942,       0.240,    399.0405,       0.240,    260.6712,            ,            ,            ,            ,            ,       0.240,     32.6760,       0.240,     96.7635,            ,            ,            ,   19851.205,       0.767,       0.240,   1013.7636,       0.240,   3638.5189,            ,            ,            ,
                              ,   19034.106,       1.145,       0.243,    222.2083,       0.243,   1111.1861,            ,            ,            ,            ,            ,       0.243,    100.9673,       0.243,   1865.9296,            ,            ,            ,            ,            ,       0.243,    527.1085,       0.243,   5578.5895,            ,            ,            ,   19551.905,       0.998,       0.243,     68.7938,       0.243,    244.4831,            ,            ,            ,            ,            ,       0.243,     48.9851,       0.243,     96.6214,            ,            ,            ,   19851.974,       0.769,       0.243,   1517.2941,       0.243,   3480.9524,            ,            ,            ,
                              ,   19035.245,       1.139,       0.247,     94.0543,       0.247,   1043.6188,            ,            ,            ,            ,            ,       0.247,    124.8064,       0.247,   1784.2010,            ,            ,            ,            ,            ,       0.247,    630.9986,       0.247,   4736.4428,            ,            ,            ,   19552.910,       1.005,       0.247,    107.1484,       0.247,    229.5544,            ,            ,            ,            ,            ,       0.247,     70.6511,       0.247,     96.2829,            ,            ,            ,   19852.760,       0.786,       0.247,   6305.1903,       0.247,   3331.3057,            ,            ,            ,
                              ,   19036.413,       1.168,       0.250,    235.2917,       0.250,    979.8521,            ,            ,            ,            ,            ,       0.250,    360.0300,       0.250,   1705.5501,            ,            ,            ,            ,            ,       0.250,    675.5974,       0.250,   4063.8252,            ,            ,            ,   19553.867,       0.957,       0.250,     65.5988,       0.250,    215.7761,            ,            ,            ,            ,            ,       0.250,     96.0514,       0.250,     95.7164,            ,            ,            ,   19853.545,       0.785,       0.250,   4785.6633,       0.250,   3188.5762,            ,            ,            ,
                              ,   19037.586,       1.173,       0.253,    234.2313,       0.253,    920.0509,            ,            ,            ,            ,            ,       0.253,    774.8156,       0.253,   1628.5082,            ,            ,            ,            ,            ,       0.253,    724.0888,       0.253,   3520.5883,            ,            ,            ,   19554.772,       0.905,       0.253,    188.0602,       0.253,    203.0497,            ,            ,            ,            ,            ,       0.253,    122.1987,       0.253,     94.8955,            ,            ,            ,   19854.324,       0.779,       0.253,   1967.0122,       0.253,   3051.8908,            ,            ,            ,
                              ,   19038.745,       1.159,       0.257,    718.1846,       0.257,    864.2809,            ,            ,            ,            ,            ,       0.257,   1263.1697,       0.257,   1551.9546,            ,            ,            ,            ,            ,       0.257,    851.1580,       0.257,   3077.3580,            ,            ,            ,   19555.640,       0.868,       0.257,    362.4227,       0.257,    191.2863,            ,            ,            ,            ,            ,       0.257,    145.3555,       0.257,     93.8010,            ,            ,            ,   19855.085,       0.761,       0.257,   5083.8563,       0.257,   2920.4988,            ,            ,            ,
                              ,   19039.877,       1.132,       0.260,   1084.3638,       0.260,    812.5248,            ,            ,            ,            ,            ,       0.260,   1687.1703,       0.260,   1475.1257,            ,            ,            ,            ,            ,       0.260,   1076.6782,       0.260,   2712.3621,            ,            ,            ,   19556.465,       0.825,       0.260,    156.6215,       0.260,    180.4054,            ,            ,            ,            ,            ,       0.260,    162.0064,       0.260,     92.4216,            ,            ,            ,   19855.831,       0.746,       0.260,   1270.4196,       0.260,   2793.7644,            ,            ,            ,
                              ,   19040.967,       1.090,       0.263,    580.4270,       0.263,    764.6984,            ,            ,            ,            ,            ,       0.263,   1934.8521,       0.263,   1397.6180,            ,            ,            ,            ,            ,       0.263,   1339.4451,       0.263,   2409.2589,            ,            ,            ,   19557.265,       0.800,       0.263,     60.1776,       0.263,    170.3338,            ,            ,            ,            ,            ,       0.263,    169.8491,       0.263,     90.7557,            ,            ,            ,   19856.569,       0.738,       0.263,    328.2602,       0.263,   2671.1595,            ,            ,            ,
                              ,   19042.063,       1.096,       0.267,    348.1982,       0.267,    720.6673,            ,            ,            ,            ,            ,       0.267,   1963.0193,       0.267,   1319.3746,            ,            ,            ,            ,            ,       0.267,   1534.4182,       0.267,   2155.6374,            ,            ,            ,   19558.043,       0.778,       0.267,    143.7911,       0.267,    161.0053,            ,            ,            ,            ,            ,       0.267,    168.4389,       0.267,     88.8112,            ,            ,            ,   19857.303,       0.734,       0.267,    513.2328,       0.267,   2552.2569,            ,            ,            ,
                              ,   19043.161,       1.098,       0.270,    139.0729,       0.270,    680.2607,            ,            ,            ,            ,            ,       0.270,   1804.2258,       0.270,   1240.6503,            ,            ,            ,            ,            ,       0.270,   1585.3210,       0.270,   1941.9661,            ,            ,            ,   19558.806,       0.763,       0.270,    152.0595,       0.270,    152.3597,            ,            ,            ,            ,            ,       0.270,    159.2516,       0.270,     86.6055,            ,            ,            ,   19858.045,       0.742,       0.270,   3154.7078,       0.270,   2436.7230,            ,            ,            ,
                              ,   19044.289,       1.128,       0.273,    324.9307,       0.273,    643.2848,            ,            ,            ,            ,            ,       0.273,   1539.2521,       0.273,   1161.9527,            ,            ,            ,            ,            ,       0.273,   1495.3345,       0.273,   1760.8491,            ,            ,            ,   19559.555,       0.749,       0.273,     74.1751,       0.273,    144.3422,            ,            ,            ,            ,            ,       0.273,    145.1438,       0.273,     84.1645,            ,            ,            ,   19858.800,       0.755,       0.273,   3558.1964,       0.273,   2324.3100,            ,            ,            ,
                              ,   19045.443,       1.154,       0.277,   1036.2958,       0.277,    609.5322,            ,            ,            ,            ,            ,       0.277,   1254.7881,       0.277,   1083.9663,            ,            ,            ,            ,            ,       0.277,   1337.8917,       0.277,   1606.4919,            ,            ,            ,   19560.294,       0.739,       0.277,    127.3687,       0.277,    136.9028,            ,            ,            ,            ,            ,       0.277,    129.4190,       0.277,     81.5212,            ,            ,            ,   19859.575,       0.775,       0.277,   2546.4063,       0.277,   2214.8470,            ,            ,            ,
                              ,   19046.600,       1.157,       0.280,    507.3630,       0.280,    578.7907,            ,            ,            ,            ,            ,       0.280,   1009.6956,       0.280,   1007.4664,            ,            ,            ,            ,            ,       0.280,   1198.5324,       0.280,   1474.3144,            ,            ,            ,   19561.021,       0.727,       0.280,    125.2201,       0.280,    129.9960,            ,            ,            ,            ,            ,       0.280,    114.8382,       0.280,     78.7134,            ,            ,            ,   19860.344,       0.769,       0.280,   1260.3224,       0.280,   2108.2311,            ,            ,            ,
                              ,   19047.721,       1.121,       0.283,     48.7455,       0.283,    550.8491,            ,            ,            ,            ,            ,       0.283,    823.0751,       0.283,    933.2349,            ,            ,            ,            ,            ,       0.283,   1115.1215,       0.283,   1360.6668,            ,            ,            ,   19561.737,       0.716,       0.283,     54.1516,       0.283,    123.5804,            ,            ,            ,            ,            ,       0.283,    102.9174,       0.283,     75.7819,            ,            ,            ,   19861.109,       0.765,       0.283,   1792.5653,       0.283,   2004.4175,            ,            ,            ,
                              ,   19048.821,       1.100,       0.287,    125.8723,       0.287,    525.5016,            ,            ,            ,            ,            ,       0.287,    682.9664,       0.287,    861.9890,            ,            ,            ,            ,            ,       0.287,   1059.9266,       0.287,   1262.6187,            ,            ,            ,   19562.439,       0.702,       0.287,     32.4937,       0.287,    117.6181,            ,            ,            ,            ,            ,       0.287,     93.7218,       0.287,     72.7683,            ,            ,            ,   19861.876,       0.767,       0.287,   1546.9672,       0.287,   1903.4090,            ,            ,            ,
                              ,   19049.879,       1.058,       0.290,    539.8991,       0.290,    502.5514,            ,            ,            ,            ,            ,       0.290,    565.3093,       0.290,    794.3286,            ,            ,            ,            ,            ,       0.290,    971.0275,       0.290,   1177.8016,            ,            ,            ,   19563.162,       0.723,       0.290,     20.9645,       0.290,    112.0744,            ,            ,            ,            ,            ,       0.290,     86.1722,       0.290,     69.7129,            ,            ,            ,   19862.652,       0.776,       0.290,   1522.0864,       0.290,   1805.2456,            ,            ,            ,
                              ,   19050.962,       1.083,       0.293,   1082.2262,       0.293,    481.8119,            ,            ,            ,            ,            ,       0.293,    451.8252,       0.293,    730.7060,            ,            ,            ,            ,            ,       0.293,    804.2373,       0.293,   1104.2894,            ,            ,            ,   19563.916,       0.754,       0.293,     10.4317,       0.293,    106.9176,            ,            ,            ,            ,            ,       0.293,     78.6920,       0.293,     66.6531,            ,            ,            ,   19863.452,       0.800,       0.293,   1867.8519,       0.293,   1709.9942,            ,            ,            ,
                              ,   19052.067,       1.105,       0.297,    382.3862,       0.297,    463.1082,            ,            ,            ,            ,            ,       0.297,    339.7923,       0.297,    671.4164,            ,            ,            ,            ,            ,       0.297,    567.1622,       0.297,   1040.5076,            ,            ,            ,   19564.687,       0.771,       0.297,     48.1334,       0.297,    102.1188,            ,            ,            ,            ,            ,       0.297,     69.9255,       0.297,     63.6226,            ,            ,            ,   19864.344,       0.892,       0.297,    590.5888,       0.297,   1617.7384,            ,            ,            ,
                              ,   19053.151,       1.084,       0.300,     88.1252,       0.300,    446.2774,            ,            ,            ,            ,            ,       0.300,    241.8978,       0.300,    616.6047,            ,            ,            ,            ,            ,       0.300,    316.1962,       0.300,    985.1631,            ,            ,            ,   19565.467,       0.780,       0.300,    148.3536,       0.300,     97.6516,            ,            ,            ,            ,            ,       0.300,     59.2649,       0.300,     60.6502,            ,            ,            ,   19865.322,       0.978,       0.300,    838.7971,       0.300,   1528.5696,            ,            ,            ,
                              ,   19054.243,       1.092,       0.303,    509.4858,       0.303,    431.1681,            ,            ,            ,            ,            ,       0.303,    178.1941,       0.303,    566.2839,            ,            ,            ,            ,            ,       0.303,    125.4432,       0.303,    937.1904,            ,            ,            ,   19566.244,       0.777,       0.303,    126.8612,       0.303,     93.4915,            ,            ,            ,            ,            ,       0.303,     47.0298,       0.303,     57.7600,            ,            ,            ,   19866.218,       0.896,       0.303,   2477.5022,       0.303,   1442.5784,            ,            ,            ,
                              ,   19055.376,       1.133,       0.307,    630.1614,       0.307,    417.6399,            ,            ,            ,            ,            ,       0.307,    164.5839,       0.307,    520.3598,            ,            ,            ,            ,            ,       0.307,     51.8099,       0.307,    895.7092,            ,            ,            ,   19567.008,       0.764,       0.307,     60.7939,       0.307,     89.6164,            ,            ,            ,            ,            ,       0.307,     34.2895,       0.307,     54.9708,            ,            ,            ,   19867.071,       0.853,       0.307,   3171.2272,       0.307,   1359.8480,            ,            ,            ,
                              ,   19056.519,       1.143,       0.310,    346.5832,       0.310,    405.5626,            ,            ,            ,            ,            ,       0.310,    203.3188,       0.310,    478.6566,            ,            ,            ,            ,            ,       0.310,    115.6729,       0.310,    859.9906,            ,            ,            ,   19567.756,       0.748,       0.310,     57.0100,       0.310,     86.0057,            ,            ,            ,            ,            ,       0.310,     22.4433,       0.310,     52.2969,            ,            ,            ,   19867.911,       0.840,       0.310,   1256.7412,       0.310,   1280.4484,            ,            ,            ,
                              ,   19057.593,       1.074,       0.313,    165.4538,       0.313,    394.8151,            ,            ,            ,            ,            ,       0.313,    280.0706,       0.313,    440.9424,            ,            ,            ,            ,            ,       0.313,    300.8817,       0.313,    829.4315,            ,            ,            ,   19568.490,       0.734,       0.313,     89.5721,       0.313,     82.6409,            ,            ,            ,            ,            ,       0.313,     12.7432,       0.313,     49.7480,            ,            ,            ,   19868.733,       0.822,       0.313,    147.0500,       0.313,   1204.4323,            ,            ,            ,
                              ,   19058.656,       1.063,       0.317,     68.9562,       0.317,    385.2837,            ,            ,            ,            ,            ,       0.317,    368.8914,       0.317,    406.9503,            ,            ,            ,            ,            ,       0.317,    565.8638,       0.317,    803.5332,            ,            ,            ,   19569.219,       0.729,       0.317,     80.9646,       0.317,     79.5047,            ,            ,            ,            ,            ,       0.317,      5.9290,       0.317,     47.3304,            ,            ,            ,   19869.566,       0.833,       0.317,    757.4228,       0.317,   1131.8322,            ,            ,            ,
                              ,   19059.678,       1.022,       0.320,   1011.4159,       0.320,    376.8612,            ,            ,            ,            ,            ,       0.320,    442.1704,       0.320,    376.3961,            ,            ,            ,            ,            ,       0.320,    856.3543,       0.320,    781.8846,            ,            ,            ,   19569.944,       0.725,       0.320,     28.7148,       0.320,     76.5813,            ,            ,            ,            ,            ,       0.320,      2.0784,       0.320,     45.0471,            ,            ,            ,   19870.401,       0.835,       0.320,   1579.6771,       0.320,   1062.6592,            ,            ,            ,
                              ,   19060.754,       1.076,       0.323,   1002.0701,       0.323,    369.4448,            ,            ,            ,            ,            ,       0.323,    480.1930,       0.323,    348.9922,            ,            ,            ,            ,            ,       0.323,   1116.2203,       0.323,    764.1484,            ,            ,            ,   19570.674,       0.730,       0.323,     86.5841,       0.323,     73.8562,            ,            ,            ,            ,            ,       0.323,      0.6814,       0.323,     42.8983,            ,            ,            ,   19871.205,       0.804,       0.323,   1595.4376,       0.323,    996.9023,            ,            ,            ,
                              ,   19061.861,       1.107,       0.327,    376.2092,       0.327,    362.9349,            ,            ,            ,            ,            ,       0.327,    475.8938,       0.327,    324.4574,            ,            ,            ,            ,            ,       0.327,   1297.7953,       0.327,    750.0493,            ,            ,            ,   19571.424,       0.750,       0.327,    179.1739,       0.327,     71.3160,            ,            ,            ,            ,            ,       0.327,      0.8749,       0.327,     40.8825,            ,            ,            ,   19871.985,       0.780,       0.327,   3193.1120,       0.327,    934.5291,            ,            ,            ,
                              ,   19062.976,       1.115,       0.330,     92.9530,       0.330,    357.2329,            ,            ,            ,            ,            ,       0.330,    434.0488,       0.330,    302.5235,            ,            ,            ,            ,            ,       0.330,   1372.5537,       0.330,    739.3651,            ,            ,            ,   19572.204,       0.780,       0.330,     68.7670,       0.330,     68.9485,            ,            ,            ,            ,            ,       0.330,      1.7323,       0.330,     38.9963,            ,            ,            ,   19872.746,       0.761,       0.330,   1076.1169,       0.330,    875.4873,            ,            ,            ,
                              ,   19064.110,       1.134,       0.333,    282.2986,       0.333,    352.2399,            ,            ,            ,            ,            ,       0.333,    367.4951,       0.333,    282.9400,            ,            ,            ,            ,            ,       0.333,   1339.0045,       0.333,    731.9171,            ,            ,            ,   19573.031,       0.827,       0.333,     61.2227,       0.333,     66.7425,            ,            ,            ,            ,            ,       0.333,      2.5121,       0.333,     37.2352,            ,            ,            ,   19873.495,       0.749,       0.333,    451.3518,       0.333,    819.7066,            ,            ,            ,
                              ,   19065.264,       1.154,       0.337,    234.1016,       0.337,    347.8547,            ,            ,            ,            ,            ,       0.337,    293.4753,       0.337,    265.4758,            ,            ,            ,            ,            ,       0.337,   1222.7841,       0.337,    727.5625,            ,            ,            ,   19573.927,       0.896,       0.337,    105.6901,       0.337,     64.6874,            ,            ,            ,            ,            ,       0.337,      2.8034,       0.337,     35.5940,            ,            ,            ,   19874.254,       0.759,       0.337,    975.8599,       0.337,    767.1006,            ,            ,            ,
                              ,   19066.388,       1.124,       0.340,    596.6055,       0.340,    343.9720,            ,            ,            ,            ,            ,       0.340,    230.9902,       0.340,    249.9208,            ,            ,            ,            ,            ,       0.340,   1067.0169,       0.340,    726.1857,            ,            ,            ,   19574.828,       0.901,       0.340,     64.0559,       0.340,     62.7738,            ,            ,            ,            ,            ,       0.340,      2.5553,       0.340,     34.0669,            ,            ,            ,   19875.045,       0.791,       0.340,    144.2777,       0.340,    717.5701,            ,            ,            ,
                              ,   19067.532,       1.144,       0.343,    707.9491,       0.343,    340.4814,            ,            ,            ,            ,            ,       0.343,    197.6749,       0.343,    236.0852,            ,            ,            ,            ,            ,       0.343,    916.9856,       0.343,    727.6897,            ,            ,            ,   19575.704,       0.876,       0.343,     21.0881,       0.343,     60.9927,            ,            ,            ,            ,            ,       0.343,      2.0138,       0.343,     32.6477,            ,            ,            ,   19875.918,       0.873,       0.343,     47.6560,       0.343,    671.0047,            ,            ,            ,
                              ,   19068.647,       1.115,       0.347,    287.1179,       0.347,    337.2656,            ,            ,            ,            ,            ,       0.347,    204.7580,       0.347,    223.7994,            ,            ,            ,            ,            ,       0.347,    807.0517,       0.347,    731.9849,            ,            ,            ,   19576.543,       0.839,       0.347,      0.0243,       0.347,     59.3361,            ,            ,            ,            ,            ,       0.347,      1.6064,       0.347,     31.3303,            ,            ,            ,   19876.943,       1.025,       0.347,     22.1205,       0.347,    627.2861,            ,            ,            ,
                              ,   19069.729,       1.082,       0.350,     92.3730,       0.350,    334.2002,            ,            ,            ,            ,            ,       0.350,    251.2544,       0.350,    212.9123,            ,            ,            ,            ,            ,       0.350,    756.2340,       0.350,    738.9766,            ,            ,            ,   19577.356,       0.813,       0.350,     14.0215,       0.350,     57.7964,            ,            ,            ,            ,            ,       0.350,      1.8183,       0.350,     30.1083,            ,            ,            ,   19877.937,       0.994,       0.350,    142.0631,       0.350,    586.2898,            ,            ,            ,
                              ,   19070.785,       1.056,       0.353,     62.9598,       0.353,    331.1535,            ,            ,            ,            ,            ,       0.353,    321.1738,       0.353,    203.2903,            ,            ,            ,            ,            ,       0.353,    772.8977,       0.353,    748.5477,            ,            ,            ,   19578.148,       0.792,       0.353,     54.7905,       0.353,     56.3667,            ,            ,            ,            ,            ,       0.353,      3.0847,       0.353,     28.9758,            ,            ,            ,   19878.866,       0.929,       0.353,   1534.2775,       0.353,    547.8878,            ,            ,            ,
                              ,   19071.834,       1.049,       0.357,    494.5930,       0.357,    327.9878,            ,            ,            ,            ,            ,       0.357,    387.3081,       0.357,    194.8157,            ,            ,            ,            ,            ,       0.357,    862.9828,       0.357,    760.5373,            ,            ,            ,   19578.921,       0.773,       0.357,    133.5010,       0.357,     55.0404,            ,            ,            ,            ,            ,       0.357,      5.7143,       0.357,     27.9268,            ,            ,            ,   19879.748,       0.882,       0.357,   2059.0030,       0.357,    511.9503,            ,            ,            ,
                              ,   19072.970,       1.136,       0.360,    738.5694,       0.360,    324.5611,            ,            ,            ,            ,            ,       0.360,    421.5306,       0.360,    187.3851,            ,            ,            ,            ,            ,       0.360,   1034.3548,       0.360,    774.7140,            ,            ,            ,   19579.686,       0.765,       0.360,     16.7655,       0.360,     53.8116,            ,            ,            ,            ,            ,       0.360,      9.8421,       0.360,     26.9556,            ,            ,            ,   19880.590,       0.842,       0.360,    893.8594,       0.360,    478.3471,            ,            ,            ,
                              ,   19074.139,       1.169,       0.363,    313.6061,       0.363,    320.7314,            ,            ,            ,            ,            ,       0.363,    406.9341,       0.363,    180.9083,            ,            ,            ,            ,            ,       0.363,   1293.2416,       0.363,    790.7411,            ,            ,            ,   19580.443,       0.757,       0.363,     87.7480,       0.363,     52.6747,            ,            ,            ,            ,            ,       0.363,     15.4091,       0.363,     26.0570,            ,            ,            ,   19881.426,       0.836,       0.363,    387.5372,       0.363,    446.9494,            ,            ,            ,
                              ,   19075.292,       1.153,       0.367,    101.2286,       0.367,    316.3609,            ,            ,            ,            ,            ,       0.367,    345.1534,       0.367,    175.3063,            ,            ,            ,            ,            ,       0.367,   1634.7131,       0.367,    808.1379,            ,            ,            ,   19581.207,       0.764,       0.367,    144.2995,       0.367,     51.6244,            ,            ,            ,            ,            ,       0.367,     22.1659,       0.367,     25.2258,            ,            ,            ,   19882.267,       0.841,       0.367,    410.9104,       0.367,    417.6310,            ,            ,            ,
                              ,   19076.405,       1.113,       0.370,    178.1121,       0.370,    311.3232,            ,            ,            ,            ,            ,       0.370,    254.6695,       0.370,    170.5105,            ,            ,            ,            ,            ,       0.370,   2033.6332,       0.370,    826.2347,            ,            ,            ,   19581.978,       0.771,       0.370,     49.4317,       0.370,     50.6560,            ,            ,            ,            ,            ,       0.370,     29.6988,       0.370,     24.4572,            ,            ,            ,   19883.149,       0.882,       0.370,    255.4598,       0.370,    390.2688,            ,            ,            ,
                              ,   19077.509,       1.104,       0.373,    435.9862,       0.373,    305.5099,            ,            ,            ,            ,            ,       0.373,    161.2673,       0.373,    166.4612,            ,            ,            ,            ,            ,       0.373,   2442.6972,       0.373,    844.1324,            ,            ,            ,   19582.775,       0.797,       0.373,     14.8611,       0.373,     49.7648,            ,            ,            ,            ,            ,       0.373,     37.4796,       0.373,     23.7468,            ,            ,            ,   19884.078,       0.929,       0.373,    243.0813,       0.373,    364.7438,            ,            ,            ,
                              ,   19078.595,       1.086,       0.377,    233.0644,       0.377,    298.8386,            ,            ,            ,            ,            ,       0.377,     86.4149,       0.377,    163.1060,            ,            ,            ,            ,            ,       0.377,   2800.2692,       0.377,    860.6726,            ,            ,            ,   19583.598,       0.823,       0.377,     39.8698,       0.377,     48.9465,            ,            ,            ,            ,            ,       0.377,     44.9339,       0.377,     23.0905,            ,            ,            ,   19885.036,       0.958,       0.377,    211.6268,       0.377,    340.9417,            ,            ,            ,
                              ,   19079.725,       1.130,       0.380,    508.5929,       0.380,    291.2603,            ,            ,            ,            ,            ,       0.380,     40.0212,       0.380,    160.3990,            ,            ,            ,            ,            ,       0.380,   3045.4140,       0.380,    874.4386,            ,            ,            ,   19584.409,       0.811,       0.380,     93.4828,       0.380,     48.1969,            ,            ,            ,            ,            ,       0.380,     51.5202,       0.380,     22.4842,            ,            ,            ,   19885.946,       0.910,       0.380,    133.4282,       0.380,    318.7531,            ,            ,            ,
                              ,   19080.856,       1.131,       0.383,    711.8814,       0.383,    282.7644,            ,            ,            ,            ,            ,       0.383,     20.5680,       0.383,    158.2992,            ,            ,            ,            ,            ,       0.383,   3133.9424,       0.383,    883.8050,            ,            ,            ,   19585.215,       0.806,       0.383,    125.2550,       0.383,     47.5120,            ,            ,            ,            ,            ,       0.383,     56.8052,       0.383,     21.9243,            ,            ,            ,   19886.840,       0.894,       0.383,    505.8283,       0.383,    298.0739,            ,            ,            ,
                              ,   19082.010,       1.154,       0.387,    780.6764,       0.387,    273.3817,            ,            ,            ,            ,            ,       0.387,     20.6781,       0.387,    156.7690,            ,            ,            ,            ,            ,       0.387,   3049.2036,       0.387,    887.0563,            ,            ,            ,   19586.011,       0.796,       0.387,    123.0885,       0.387,     46.8881,            ,            ,            ,            ,            ,       0.387,     60.5201,       0.387,     21.4076,            ,            ,            ,   19887.744,       0.904,       0.387,    295.2865,       0.387,    278.8054,            ,            ,            ,
                              ,   19083.193,       1.183,       0.390,    433.2043,       0.390,    263.1845,            ,            ,            ,            ,            ,       0.390,     33.2358,       0.390,    155.7727,            ,            ,            ,            ,            ,       0.390,   2804.2965,       0.390,    882.5815,            ,            ,            ,   19586.798,       0.787,       0.390,     79.5076,       0.390,     46.3212,            ,            ,            ,            ,            ,       0.390,     62.5847,       0.390,     20.9308,            ,            ,            ,   19888.703,       0.959,       0.390,    250.2793,       0.390,    260.8539,            ,            ,            ,
                              ,   19084.378,       1.185,       0.393,    339.3517,       0.393,    252.2826,            ,            ,            ,            ,            ,       0.393,     53.9821,       0.393,    155.2744,            ,            ,            ,            ,            ,       0.393,   2436.3244,       0.393,    869.1259,            ,            ,            ,   19587.578,       0.780,       0.393,     23.7748,       0.393,     45.8078,            ,            ,            ,            ,            ,       0.393,     63.0952,       0.393,     20.4910,            ,            ,            ,   19889.690,       0.987,       0.393,    209.7110,       0.393,    244.1315,            ,            ,            ,
                              ,   19085.560,       1.182,       0.397,    161.1431,       0.397,    240.8160,            ,            ,            ,            ,            ,       0.397,     79.9770,       0.397,    155.2361,            ,            ,            ,            ,            ,       0.397,   1996.1092,       0.397,    846.0494,            ,            ,            ,   19588.385,       0.807,       0.397,      0.3196,       0.397,     45.3441,            ,            ,            ,            ,            ,       0.397,     62.2788,       0.397,     20.0855,            ,            ,            ,   19890.629,       0.939,       0.397,    628.9348,       0.397,    228.5551,            ,            ,            ,
                              ,   19086.686,       1.126,       0.400,    212.1031,       0.400,    228.9457,            ,            ,            ,            ,            ,       0.400,    106.6300,       0.400,    155.6149,            ,            ,            ,            ,            ,       0.400,   1537.3165,       0.400,    813.5147,            ,            ,            ,   19589.171,       0.786,       0.400,     28.5709,       0.400,     44.9263,            ,            ,            ,            ,            ,       0.400,     60.4285,       0.400,     19.7118,            ,            ,            ,   19891.511,       0.882,       0.400,    577.5844,       0.400,    214.0468,            ,            ,            ,
                              ,   19087.765,       1.079,       0.403,    267.3842,       0.403,    216.8427,            ,            ,            ,            ,            ,       0.403,    126.7593,       0.403,    156.3598,            ,            ,            ,            ,            ,       0.403,   1107.6123,       0.403,    772.5331,            ,            ,            ,   19589.968,       0.797,       0.403,     48.3299,       0.403,     44.5506,            ,            ,            ,            ,            ,       0.403,     57.8346,       0.403,     19.3674,            ,            ,            ,   19892.364,       0.853,       0.403,     24.8050,       0.403,    200.5337,            ,            ,            ,
                              ,   19088.821,       1.056,       0.407,    284.4567,       0.407,    204.6775,            ,            ,            ,            ,            ,       0.407,    133.0842,       0.407,    157.4086,            ,            ,            ,            ,            ,       0.407,    742.6422,       0.407,    724.8369,            ,            ,            ,   19590.777,       0.809,       0.407,     13.6334,       0.407,     44.2130,            ,            ,            ,            ,            ,       0.407,     54.7316,       0.407,     19.0503,            ,            ,            ,   19893.203,       0.839,       0.407,    127.2249,       0.407,    187.9473,            ,            ,            ,
                              ,   19089.939,       1.118,       0.410,    187.5439,       0.410,    192.6106,            ,            ,            ,            ,            ,       0.410,    122.5240,       0.410,    158.6834,            ,            ,            ,            ,            ,       0.410,    462.5744,       0.410,    672.6096,            ,            ,            ,   19591.593,       0.816,       0.410,     56.4005,       0.410,     43.9093,            ,            ,            ,            ,            ,       0.410,     51.2695,       0.410,     18.7582,            ,            ,            ,   19894.051,       0.848,       0.410,    273.2468,       0.410,    176.2237,            ,            ,            ,
                              ,   19091.115,       1.176,       0.413,    252.7916,       0.413,    180.7855,            ,            ,            ,            ,            ,       0.413,     99.0253,       0.413,    160.0874,            ,            ,            ,            ,            ,       0.413,    271.0458,       0.413,    618.1547,            ,            ,            ,   19592.398,       0.805,       0.413,     25.8815,       0.413,     43.6352,            ,            ,            ,            ,            ,       0.413,     47.5153,       0.413,     18.4893,            ,            ,            ,   19894.982,       0.931,       0.413,    186.7564,       0.413,    165.3033,            ,            ,            ,
                              ,   19092.321,       1.206,       0.417,    269.4891,       0.417,    169.3232,            ,            ,            ,            ,            ,       0.417,     72.5409,       0.417,    161.5006,            ,            ,            ,            ,            ,       0.417,    156.8879,       0.417,    563.5971,            ,            ,            ,   19593.182,       0.784,       0.417,     10.2523,       0.417,     43.3861,            ,            ,            ,            ,            ,       0.417,     43.4788,       0.417,     18.2419,            ,            ,            ,   19895.953,       0.971,       0.417,    333.9709,       0.417,    155.1301,            ,            ,            ,
                              ,   19093.531,       1.210,       0.420,    124.4110,       0.420,    158.3203,            ,            ,            ,            ,            ,       0.420,     54.4248,       0.420,    162.7781,            ,            ,            ,            ,            ,       0.420,     98.9473,       0.420,    510.6791,            ,            ,            ,   19593.952,       0.770,       0.420,     31.1046,       0.420,     43.1571,            ,            ,            ,            ,            ,       0.420,     39.1506,       0.420,     18.0141,            ,            ,            ,   19896.904,       0.951,       0.420,     74.0242,       0.420,    145.6523,            ,            ,            ,
                              ,   19094.741,       1.210,       0.423,     28.5595,       0.423,    147.8487,            ,            ,            ,            ,            ,       0.423,     51.9219,       0.423,    163.7499,            ,            ,            ,            ,            ,       0.423,     73.2038,       0.423,    460.6712,            ,            ,            ,   19594.701,       0.749,       0.423,     23.3857,       0.423,     42.9429,            ,            ,            ,            ,            ,       0.423,     34.5418,       0.423,     17.8044,            ,            ,            ,   19897.829,       0.925,       0.423,     28.3101,       0.423,    136.8213,            ,            ,            ,
                              ,   19095.953,       1.212,       0.427,     94.3211,       0.427,    137.9568,            ,            ,            ,            ,            ,       0.427,     64.9487,       0.427,    164.2254,            ,            ,            ,            ,            ,       0.427,     59.9096,       0.427,    414.3789,            ,            ,            ,   19595.433,       0.732,       0.427,     15.1194,       0.427,     42.7380,            ,            ,            ,            ,            ,       0.427,     29.7113,       0.427,     17.6114,            ,            ,            ,   19898.732,       0.903,       0.427,    103.0245,       0.427,    128.5920,            ,            ,            ,
                              ,   19097.096,       1.143,       0.430,     37.2817,       0.430,    128.6721,            ,            ,            ,            ,            ,       0.430,     86.7896,       0.430,    164.0021,            ,            ,            ,            ,            ,       0.430,     47.9342,       0.430,    372.2091,            ,            ,            ,   19596.152,       0.719,       0.430,      3.5440,       0.430,     42.5365,            ,            ,            ,            ,            ,       0.430,     24.7776,       0.430,     17.4337,            ,            ,            ,   19899.607,       0.875,       0.430,    123.0386,       0.430,    120.9222,            ,            ,            ,
                              ,   19098.202,       1.106,       0.433,     25.8875,       0.433,    120.0047,            ,            ,            ,            ,            ,       0.433,    107.8950,       0.433,    162.8817,            ,            ,            ,            ,            ,       0.433,     34.7118,       0.433,    334.2628,            ,            ,            ,   19596.863,       0.711,       0.433,     26.7105,       0.433,     42.3322,            ,            ,            ,            ,            ,       0.433,     19.9117,       0.433,     17.2700,            ,            ,            ,   19900.503,       0.896,       0.433,    143.0057,       0.433,    113.7729,            ,            ,            ,
                              ,   19099.257,       1.055,       0.437,     51.0421,       0.437,    111.9500,            ,            ,            ,            ,            ,       0.437,    120.3417,       0.437,    160.6904,            ,            ,            ,            ,            ,       0.437,     22.6168,       0.437,    300.4277,            ,            ,            ,   19597.569,       0.706,       0.437,     35.5795,       0.437,     42.1185,            ,            ,            ,            ,            ,       0.437,     15.3165,       0.437,     17.1191,            ,            ,            ,   19901.443,       0.940,       0.437,    190.0083,       0.437,    107.1075,            ,            ,            ,
                              ,   19100.336,       1.079,       0.440,     21.0238,       0.440,    104.4926,            ,            ,            ,            ,            ,       0.440,    120.6005,       0.440,    157.3035,            ,            ,            ,            ,            ,       0.440,     14.5607,       0.440,    270.4574,            ,            ,            ,   19598.279,       0.710,       0.440,     47.9201,       0.440,     41.8888,            ,            ,            ,            ,            ,       0.440,     11.1969,       0.440,     16.9799,            ,            ,            ,   19902.372,       0.929,       0.440,     35.9013,       0.440,    100.8920,            ,            ,            ,
                              ,   19101.477,       1.141,       0.443,     23.0965,       0.443,     97.6087,            ,            ,            ,            ,            ,       0.443,    109.7180,       0.443,    152.6673,            ,            ,            ,            ,            ,       0.443,     11.6219,       0.443,    244.0327,            ,            ,            ,   19598.995,       0.716,       0.443,     51.2543,       0.443,     41.6360,            ,            ,            ,            ,            ,       0.443,      7.7293,       0.443,     16.8515,            ,            ,            ,   19903.259,       0.887,       0.443,     11.2971,       0.443,     95.0948,            ,            ,            ,
                              ,   19102.592,       1.115,       0.447,     38.9058,       0.447,     91.2688,            ,            ,            ,            ,            ,       0.447,     91.6704,       0.447,    146.8146,            ,            ,            ,            ,            ,       0.447,     13.5293,       0.447,    220.8051,            ,            ,            ,   19599.717,       0.722,       0.447,     31.4090,       0.447,     41.3534,            ,            ,            ,            ,            ,       0.447,      5.0342,       0.447,     16.7328,            ,            ,            ,   19904.115,       0.856,       0.447,     75.3723,       0.447,     89.6866,            ,            ,            ,
                              ,   19103.727,       1.135,       0.450,    126.6856,       0.450,     85.4400,            ,            ,            ,            ,            ,       0.450,     71.3801,       0.450,    139.8673,            ,            ,            ,            ,            ,       0.450,     20.4091,       0.450,    200.4257,            ,            ,            ,   19600.439,       0.722,       0.450,     44.9179,       0.450,     41.0340,            ,            ,            ,            ,            ,       0.450,      3.1602,       0.450,     16.6231,            ,            ,            ,   19904.948,       0.833,       0.450,     56.3269,       0.450,     84.6400,            ,            ,            ,
                              ,   19104.905,       1.178,       0.453,     32.5844,       0.453,     80.0873,            ,            ,            ,            ,            ,       0.453,     53.4529,       0.453,    132.0251,            ,            ,            ,            ,            ,       0.453,     33.3536,       0.453,    182.5624,            ,            ,            ,   19601.159,       0.720,       0.453,    145.2635,       0.453,     40.6714,            ,            ,            ,            ,            ,       0.453,      2.0804,       0.453,     16.5218,            ,            ,            ,   19905.782,       0.834,       0.453,     76.9834,       0.453,     79.9295,            ,            ,            ,
                              ,   19106.100,       1.195,       0.457,     66.4233,       0.457,     75.1750,            ,            ,            ,            ,            ,       0.457,     41.6803,       0.457,    123.5416,            ,            ,            ,            ,            ,       0.457,     52.7712,       0.457,    166.9094,            ,            ,            ,   19601.881,       0.722,       0.457,    171.7349,       0.457,     40.2594,            ,            ,            ,            ,            ,       0.457,      1.7048,       0.457,     16.4281,            ,            ,            ,   19906.692,       0.910,       0.457,    217.4122,       0.457,     75.5315,            ,            ,            ,
                              ,   19107.218,       1.118,       0.460,    119.6833,       0.460,     70.6678,            ,            ,            ,            ,            ,       0.460,     38.6786,       0.460,    114.6930,            ,            ,            ,            ,            ,       0.460,     75.9089,       0.460,    153.1916,            ,            ,            ,   19602.604,       0.723,       0.460,    108.0918,       0.460,     39.7927,            ,            ,            ,            ,            ,       0.460,      1.9047,       0.460,     16.3415,            ,            ,            ,   19907.705,       1.013,       0.460,    283.7599,       0.460,     71.4239,            ,            ,            ,
                              ,   19108.309,       1.091,       0.463,     55.8679,       0.463,     66.5311,            ,            ,            ,            ,            ,       0.463,     45.1835,       0.463,    105.7484,            ,            ,            ,            ,            ,       0.463,     96.1942,       0.463,    141.1652,            ,            ,            ,   19603.328,       0.724,       0.463,     39.3358,       0.463,     39.2668,            ,            ,            ,            ,            ,       0.463,      2.5433,       0.463,     16.2617,            ,            ,            ,   19908.696,       0.991,       0.463,    132.1265,       0.463,     67.5863,            ,            ,            ,
                              ,   19109.389,       1.080,       0.467,     28.9667,       0.467,     62.7318,            ,            ,            ,            ,            ,       0.467,     59.2447,       0.467,     96.9448,            ,            ,            ,            ,            ,       0.467,    105.8944,       0.467,    130.6163,            ,            ,            ,   19604.049,       0.721,       0.467,     23.4099,       0.467,     38.6783,            ,            ,            ,            ,            ,       0.467,      3.5007,       0.467,     16.1882,            ,            ,            ,   19909.648,       0.952,       0.467,     25.7053,       0.467,     63.9995,            ,            ,            ,
                              ,   19110.470,       1.081,       0.470,      2.5273,       0.470,     59.2382,            ,            ,            ,            ,            ,       0.470,     76.1319,       0.470,     88.4727,            ,            ,            ,            ,            ,       0.470,    100.8196,       0.470,    121.3590,            ,            ,            ,   19604.770,       0.721,       0.470,     50.4399,       0.470,     38.0254,            ,            ,            ,            ,            ,       0.470,      4.6843,       0.470,     16.1210,            ,            ,            ,   19910.597,       0.949,       0.470,     73.0390,       0.470,     60.6459,            ,            ,            ,
                              ,   19111.554,       1.084,       0.473,     58.6968,       0.473,     56.0206,            ,            ,            ,            ,            ,       0.473,     89.5954,       0.473,     80.4702,            ,            ,            ,            ,            ,       0.473,     83.7209,       0.473,    113.2328,            ,            ,            ,   19605.486,       0.716,       0.473,     55.1549,       0.473,     37.3072,            ,            ,            ,            ,            ,       0.473,      6.0183,       0.473,     16.0599,            ,            ,            ,   19911.544,       0.947,       0.473,    166.1793,       0.473,     57.5090,            ,            ,            ,
                              ,   19112.622,       1.068,       0.477,     97.0646,       0.477,     53.0507,            ,            ,            ,            ,            ,       0.477,     94.2612,       0.477,     73.0256,            ,            ,            ,            ,            ,       0.477,     63.4996,       0.477,    106.0989,            ,            ,            ,   19606.196,       0.710,       0.477,     70.4701,       0.477,     36.5248,            ,            ,            ,            ,            ,       0.477,      7.4173,       0.477,     16.0050,            ,            ,            ,   19912.566,       1.022,       0.477,    161.7667,       0.477,     54.5734,            ,            ,            ,
                              ,   19113.767,       1.145,       0.480,     21.0311,       0.480,     50.3022,            ,            ,            ,            ,            ,       0.480,     88.0174,       0.480,     66.1840,            ,            ,            ,            ,            ,       0.480,     50.2032,       0.480,     99.8385,            ,            ,            ,   19606.906,       0.710,       0.480,     88.3801,       0.480,     35.6808,            ,            ,            ,            ,            ,       0.480,      8.7549,       0.480,     15.9563,            ,            ,            ,   19913.599,       1.033,       0.480,    101.7856,       0.480,     51.8248,            ,            ,            ,
                              ,   19114.877,       1.110,       0.483,     24.1464,       0.483,     47.7504,            ,            ,            ,            ,            ,       0.483,     73.0114,       0.483,     59.9563,            ,            ,            ,            ,            ,       0.483,     48.9199,       0.483,     94.3495,            ,            ,            ,   19607.614,       0.708,       0.483,     42.8555,       0.483,     34.7792,            ,            ,            ,            ,            ,       0.483,      9.8498,       0.483,     15.9141,            ,            ,            ,   19914.578,       0.979,       0.483,     91.8937,       0.483,     49.2501,            ,            ,            ,
                              ,   19116.005,       1.128,       0.487,     54.9249,       0.487,     45.3718,            ,            ,            ,            ,            ,       0.487,     54.5932,       0.487,     54.3289,            ,            ,            ,            ,            ,       0.487,     56.6761,       0.487,     89.5444,            ,            ,            ,   19608.318,       0.704,       0.487,      3.8819,       0.487,     33.8254,            ,            ,            ,            ,            ,       0.487,     10.4829,       0.487,     15.8788,            ,            ,            ,   19915.503,       0.925,       0.487,     62.1943,       0.487,     46.8368,            ,            ,            ,
                              ,   19117.151,       1.146,       0.490,     59.7143,       0.490,     43.1448,            ,            ,            ,            ,            ,       0.490,     38.7496,       0.490,     49.2714,            ,            ,            ,            ,            ,       0.490,     64.4869,       0.490,     85.3485,            ,            ,            ,   19609.018,       0.700,       0.490,     27.6385,       0.490,     32.8261,            ,            ,            ,            ,            ,       0.490,     10.4526,       0.490,     15.8508,            ,            ,            ,   19916.417,       0.914,       0.490,     32.8099,       0.490,     44.5734,            ,            ,            ,
                              ,   19118.269,       1.118,       0.493,     44.5760,       0.493,     41.0489,            ,            ,            ,            ,            ,       0.493,     29.4612,       0.493,     44.7434,            ,            ,            ,            ,            ,       0.493,     63.2316,       0.493,     81.6975,            ,            ,            ,   19609.713,       0.695,       0.493,     39.8507,       0.493,     31.7891,            ,            ,            ,            ,            ,       0.493,      9.6546,       0.493,     15.8306,            ,            ,            ,   19917.338,       0.921,       0.493,     22.2923,       0.493,     42.4493,            ,            ,            ,
                              ,   19119.357,       1.088,       0.497,     32.3929,       0.497,     39.0651,            ,            ,            ,            ,            ,       0.497,     27.3802,       0.497,     40.6994,            ,            ,            ,            ,            ,       0.497,     49.5211,       0.497,     78.5366,            ,            ,            ,   19610.400,       0.687,       0.497,     35.4602,       0.497,     30.7226,            ,            ,            ,            ,            ,       0.497,      8.1591,       0.497,     15.8190,            ,            ,            ,   19918.323,       0.985,       0.497,     10.2777,       0.497,     40.4543,            ,            ,            ,
                              ,   19120.390,       1.033,       0.500,     54.9042,       0.500,     37.1755,            ,            ,            ,            ,            ,       0.500,     30.3233,       0.500,     37.0928,            ,            ,            ,            ,            ,       0.500,     27.8877,       0.500,     75.8185,            ,            ,            ,   19611.077,       0.677,       0.500,      6.1419,       0.500,     29.6354,            ,            ,            ,            ,            ,       0.500,      6.2503,       0.500,     15.8168,            ,            ,            ,   19919.453,       1.130,       0.500,     27.9708,       0.500,     38.5794,            ,            ,            ,
                              ,   19121.392,       1.002,            ,            ,            ,            ,            ,            ,            ,            ,            ,            ,            ,            ,            ,            ,            ,            ,            ,            ,            ,            ,            ,            ,            ,            ,            ,   19611.744,       0.667,            ,            ,            ,            ,            ,            ,            ,            ,            ,            ,            ,            ,            ,            ,            ,            ,   19920.577,       1.124,            ,            ,            ,            ,            ,            ,            ,
                              ,   19122.368,       0.976,            ,            ,            ,            ,            ,            ,            ,            ,            ,            ,            ,            ,            ,            ,            ,            ,            ,            ,            ,            ,            ,            ,            ,            ,            ,   19612.400,       0.656,            ,            ,            ,            ,            ,            ,            ,            ,            ,            ,            ,            ,            ,            ,            ,            ,   19921.646,       1.069,            ,            ,            ,            ,            ,            ,            ,
                              ,   19123.412,       1.044,            ,            ,            ,            ,            ,            ,            ,            ,            ,            ,            ,            ,            ,            ,            ,            ,            ,            ,            ,            ,            ,            ,            ,            ,            ,   19613.050,       0.650,            ,            ,            ,            ,            ,            ,            ,            ,            ,            ,            ,            ,            ,            ,            ,            ,   19922.663,       1.017,            ,            ,            ,            ,            ,            ,            ,
                              ,   19124.470,       1.058,            ,            ,            ,            ,            ,            ,            ,            ,            ,            ,            ,            ,            ,            ,            ,            ,            ,            ,            ,            ,            ,            ,            ,            ,            ,   19613.698,       0.648,            ,            ,            ,            ,            ,            ,            ,            ,            ,            ,            ,            ,            ,            ,            ,            ,   19923.665,       1.002,            ,            ,            ,            ,            ,            ,            ,
                              ,   19125.562,       1.092,            ,            ,            ,            ,            ,            ,            ,            ,            ,            ,            ,            ,            ,            ,            ,            ,            ,            ,            ,            ,            ,            ,            ,            ,            ,   19614.352,       0.654,            ,            ,            ,            ,            ,            ,            ,            ,            ,            ,            ,            ,            ,            ,            ,            ,   19924.751,       1.086,            ,            ,            ,            ,            ,            ,            ,
                              ,   19126.718,       1.156,            ,            ,            ,            ,            ,            ,            ,            ,            ,            ,            ,            ,            ,            ,            ,            ,            ,            ,            ,            ,            ,            ,            ,            ,            ,   19615.017,       0.665,            ,            ,            ,            ,            ,            ,            ,            ,            ,            ,            ,            ,            ,            ,            ,            ,   19925.855,       1.104,            ,            ,            ,            ,            ,            ,            ,
                              ,   19127.899,       1.181,            ,            ,            ,            ,            ,            ,            ,            ,            ,            ,            ,            ,            ,            ,            ,            ,            ,            ,            ,            ,            ,            ,            ,            ,            ,   19615.692,       0.675,            ,            ,            ,            ,            ,            ,            ,            ,            ,            ,            ,            ,            ,            ,            ,            ,   19926.914,       1.059,            ,            ,            ,            ,            ,            ,            ,
                              ,   19129.052,       1.153,            ,            ,            ,            ,            ,            ,            ,            ,            ,            ,            ,            ,            ,            ,            ,            ,            ,            ,            ,            ,            ,            ,            ,            ,            ,   19616.392,       0.700,            ,            ,            ,            ,            ,            ,            ,            ,            ,            ,            ,            ,            ,            ,            ,            ,   19927.935,       1.021,            ,            ,            ,            ,            ,            ,            ,
                              ,   19130.152,       1.100,            ,            ,            ,            ,            ,            ,            ,            ,            ,            ,            ,            ,            ,            ,            ,            ,            ,            ,            ,            ,            ,            ,            ,            ,            ,   19617.123,       0.731,            ,            ,            ,            ,            ,            ,            ,            ,            ,            ,            ,            ,            ,            ,            ,            ,   19928.929,       0.994,            ,            ,            ,            ,            ,            ,            ,
                              ,   19131.218,       1.066,            ,            ,            ,            ,            ,            ,            ,            ,            ,            ,            ,            ,            ,            ,            ,            ,            ,            ,            ,            ,            ,            ,            ,            ,            ,   19617.881,       0.758,            ,            ,            ,            ,            ,            ,            ,            ,            ,            ,            ,            ,            ,            ,            ,            ,   19929.949,       1.020,            ,            ,            ,            ,            ,            ,            ,
                              ,   19132.269,       1.051,            ,            ,            ,            ,            ,            ,            ,            ,            ,            ,            ,            ,            ,            ,            ,            ,            ,            ,            ,            ,            ,            ,            ,            ,            ,   19618.656,       0.775,            ,            ,            ,            ,            ,            ,            ,            ,            ,            ,            ,            ,            ,            ,            ,            ,   19931.018,       1.069,            ,            ,            ,            ,            ,            ,            ,
                              ,   19133.304,       1.035,            ,            ,            ,            ,            ,            ,            ,            ,            ,            ,            ,            ,            ,            ,            ,            ,            ,            ,            ,            ,            ,            ,            ,            ,            ,   19619.438,       0.782,            ,            ,            ,            ,            ,            ,            ,            ,            ,            ,            ,            ,            ,            ,            ,            ,   19932.154,       1.136,            ,            ,            ,            ,            ,            ,            ,
                              ,   19134.380,       1.076,            ,            ,            ,            ,            ,            ,            ,            ,            ,            ,            ,            ,            ,            ,            ,            ,            ,            ,            ,            ,            ,            ,            ,            ,            ,   19620.217,       0.779,            ,            ,            ,            ,            ,            ,            ,            ,            ,            ,            ,            ,            ,            ,            ,            ,   19933.215,       1.061,            ,            ,            ,            ,            ,            ,            ,
                              ,   19135.469,       1.089,            ,            ,            ,            ,            ,            ,            ,            ,            ,            ,            ,            ,            ,            ,            ,            ,            ,            ,            ,            ,            ,            ,            ,            ,            ,   19620.976,       0.759,            ,            ,            ,            ,            ,            ,            ,            ,            ,            ,            ,            ,            ,            ,            ,            ,   19934.185,       0.970,            ,            ,            ,            ,            ,            ,            ,
                              ,   19136.587,       1.118,            ,            ,            ,            ,            ,            ,            ,            ,            ,            ,            ,            ,            ,            ,            ,            ,            ,            ,            ,            ,            ,            ,            ,            ,            ,   19621.718,       0.742,            ,            ,            ,            ,            ,            ,            ,            ,            ,            ,            ,            ,            ,            ,            ,            ,   19935.157,       0.972,            ,            ,            ,            ,            ,            ,            ,
                              ,   19137.697,       1.110,            ,            ,            ,            ,            ,            ,            ,            ,            ,            ,            ,            ,            ,            ,            ,            ,            ,            ,            ,            ,            ,            ,            ,            ,            ,   19622.447,       0.729,            ,            ,            ,            ,            ,            ,            ,            ,            ,            ,            ,            ,            ,            ,            ,            ,   19936.204,       1.047,            ,            ,            ,            ,            ,            ,            ,
                              ,   19138.780,       1.083,            ,            ,            ,            ,            ,            ,            ,            ,            ,            ,            ,            ,            ,            ,            ,            ,            ,            ,            ,            ,            ,            ,            ,            ,            ,   19623.161,       0.714,            ,            ,            ,            ,            ,            ,            ,            ,            ,            ,            ,            ,            ,            ,            ,            ,   19937.358,       1.154,            ,            ,            ,            ,            ,            ,            ,
                              ,   19139.853,       1.073,            ,            ,            ,            ,            ,            ,            ,            ,            ,            ,            ,            ,            ,            ,            ,            ,            ,            ,            ,            ,            ,            ,            ,            ,            ,   19623.866,       0.705,            ,            ,            ,            ,            ,            ,            ,            ,            ,            ,            ,            ,            ,            ,            ,            ,   19938.495,       1.137,            ,            ,            ,            ,            ,            ,            ,
                              ,   19140.885,       1.032,            ,            ,            ,            ,            ,            ,            ,            ,            ,            ,            ,            ,            ,            ,            ,            ,            ,            ,            ,            ,            ,            ,            ,            ,            ,   19624.576,       0.710,            ,            ,            ,            ,            ,            ,            ,            ,            ,            ,            ,            ,            ,            ,            ,            ,   19939.545,       1.050,            ,            ,            ,            ,            ,            ,            ,
                              ,   19141.905,       1.020,            ,            ,            ,            ,            ,            ,            ,            ,            ,            ,            ,            ,            ,            ,            ,            ,            ,            ,            ,            ,            ,            ,            ,            ,            ,   19625.319,       0.743,            ,            ,            ,            ,            ,            ,            ,            ,            ,            ,            ,            ,            ,            ,            ,            ,   19940.542,       0.997,            ,            ,            ,            ,            ,            ,            ,
                              ,   19142.960,       1.055,            ,            ,            ,            ,            ,            ,            ,            ,            ,            ,            ,            ,            ,            ,            ,            ,            ,            ,            ,            ,            ,            ,            ,            ,            ,   19626.112,       0.793,            ,            ,            ,            ,            ,            ,            ,            ,            ,            ,            ,            ,            ,            ,            ,            ,   19941.545,       1.003,            ,            ,            ,            ,            ,            ,            ,
                              ,   19144.010,       1.050,            ,            ,            ,            ,            ,            ,            ,            ,            ,            ,            ,            ,            ,            ,            ,            ,            ,            ,            ,            ,            ,            ,            ,            ,            ,   19626.984,       0.872,            ,            ,            ,            ,            ,            ,            ,            ,            ,            ,            ,            ,            ,            ,            ,            ,   19942.601,       1.056,            ,            ,            ,            ,            ,            ,            ,
                              ,   19145.100,       1.090,            ,            ,            ,            ,            ,            ,            ,            ,            ,            ,            ,            ,            ,            ,            ,            ,            ,            ,            ,            ,            ,            ,            ,            ,            ,   19627.893,       0.909,            ,            ,            ,            ,            ,            ,            ,            ,            ,            ,            ,            ,            ,            ,            ,            ,   19943.771,       1.170,            ,            ,            ,            ,            ,            ,            ,
                              ,   19146.166,       1.066,            ,            ,            ,            ,            ,            ,            ,            ,            ,            ,            ,            ,            ,            ,            ,            ,            ,            ,            ,            ,            ,            ,            ,            ,            ,   19628.790,       0.897,            ,            ,            ,            ,            ,            ,            ,            ,            ,            ,            ,            ,            ,            ,            ,            ,   19944.947,       1.176,            ,            ,            ,            ,            ,            ,            ,
                              ,   19147.223,       1.057,            ,            ,            ,            ,            ,            ,            ,            ,            ,            ,            ,            ,            ,            ,            ,            ,            ,            ,            ,            ,            ,            ,            ,            ,            ,   19629.662,       0.872,            ,            ,            ,            ,            ,            ,            ,            ,            ,            ,            ,            ,            ,            ,            ,            ,   19946.013,       1.066,            ,            ,            ,            ,            ,            ,            ,
                              ,   19148.261,       1.038,            ,            ,            ,            ,            ,            ,            ,            ,            ,            ,            ,            ,            ,            ,            ,            ,            ,            ,            ,            ,            ,            ,            ,            ,            ,   19630.497,       0.835,            ,            ,            ,            ,            ,            ,            ,            ,            ,            ,            ,            ,            ,            ,            ,            ,   19947.037,       1.024,            ,            ,            ,            ,            ,            ,            ,
                              ,   19149.278,       1.017,            ,            ,            ,            ,            ,            ,            ,            ,            ,            ,            ,            ,            ,            ,            ,            ,            ,            ,            ,            ,            ,            ,            ,            ,            ,   19631.298,       0.801,            ,            ,            ,            ,            ,            ,            ,            ,            ,            ,            ,            ,            ,            ,            ,            ,   19948.008,       0.971,            ,            ,            ,            ,            ,            ,            ,
                              ,   19150.337,       1.059,            ,            ,            ,            ,            ,            ,            ,            ,            ,            ,            ,            ,            ,            ,            ,            ,            ,            ,            ,            ,            ,            ,            ,            ,            ,   19632.069,       0.771,            ,            ,            ,            ,            ,            ,            ,            ,            ,            ,            ,            ,            ,            ,            ,            ,   19949.031,       1.023,            ,            ,            ,            ,            ,            ,            ,
                              ,   19151.453,       1.116,            ,            ,            ,            ,            ,            ,            ,            ,            ,            ,            ,            ,            ,            ,            ,            ,            ,            ,            ,            ,            ,            ,            ,            ,            ,   19632.808,       0.739,            ,            ,            ,            ,            ,            ,            ,            ,            ,            ,            ,            ,            ,            ,            ,            ,   19950.221,       1.190,            ,            ,            ,            ,            ,            ,            ,
                              ,   19152.579,       1.126,            ,            ,            ,            ,            ,            ,            ,            ,            ,            ,            ,            ,            ,            ,            ,            ,            ,            ,            ,            ,            ,            ,            ,            ,            ,   19633.532,       0.724,            ,            ,            ,            ,            ,            ,            ,            ,            ,            ,            ,            ,            ,            ,            ,            ,   19951.367,       1.146,            ,            ,            ,            ,            ,            ,            ,
                              ,   19153.678,       1.099,            ,            ,            ,            ,            ,            ,            ,            ,            ,            ,            ,            ,            ,            ,            ,            ,            ,            ,            ,            ,            ,            ,            ,            ,            ,   19634.255,       0.723,            ,            ,            ,            ,            ,            ,            ,            ,            ,            ,            ,            ,            ,            ,            ,            ,   19952.446,       1.079,            ,            ,            ,            ,            ,            ,            ,
                              ,   19154.731,       1.053,            ,            ,            ,            ,            ,            ,            ,            ,            ,            ,            ,            ,            ,            ,            ,            ,            ,            ,            ,            ,            ,            ,            ,            ,            ,   19634.985,       0.730,            ,            ,            ,            ,            ,            ,            ,            ,            ,            ,            ,            ,            ,            ,            ,            ,   19953.467,       1.021,            ,            ,            ,            ,            ,            ,            ,
                              ,   19155.768,       1.037,            ,            ,            ,            ,            ,            ,            ,            ,            ,            ,            ,            ,            ,            ,            ,            ,            ,            ,            ,            ,            ,            ,            ,            ,            ,   19635.734,       0.749,            ,            ,            ,            ,            ,            ,            ,            ,            ,            ,            ,            ,            ,            ,            ,            ,   19954.542,       1.075,            ,            ,            ,            ,            ,            ,            ,
                              ,   19156.888,       1.120,            ,            ,            ,            ,            ,            ,            ,            ,            ,            ,            ,            ,            ,            ,            ,            ,            ,            ,            ,            ,            ,            ,            ,            ,            ,   19636.527,       0.793,            ,            ,            ,            ,            ,            ,            ,            ,            ,            ,            ,            ,            ,            ,            ,            ,   19955.689,       1.147,            ,            ,            ,            ,            ,            ,            ,
                              ,   19158.041,       1.153,            ,            ,            ,            ,            ,            ,            ,            ,            ,            ,            ,            ,            ,            ,            ,            ,            ,            ,            ,            ,            ,            ,            ,            ,            ,   19637.369,       0.842,            ,            ,            ,            ,            ,            ,            ,            ,            ,            ,            ,            ,            ,            ,            ,            ,   19956.817,       1.128,            ,            ,            ,            ,            ,            ,            ,
                              ,   19159.161,       1.120,            ,            ,            ,            ,            ,            ,            ,            ,            ,            ,            ,            ,            ,            ,            ,            ,            ,            ,            ,            ,            ,            ,            ,            ,            ,   19638.282,       0.913,            ,            ,            ,            ,            ,            ,            ,            ,            ,            ,            ,            ,            ,            ,            ,            ,   19957.895,       1.078,            ,            ,            ,            ,            ,            ,            ,
                              ,   19160.269,       1.108,            ,            ,            ,            ,            ,            ,            ,            ,            ,            ,            ,            ,            ,            ,            ,            ,            ,            ,            ,            ,            ,            ,            ,            ,            ,   19639.197,       0.915,            ,            ,            ,            ,            ,            ,            ,            ,            ,            ,            ,            ,            ,            ,            ,            ,   19958.976,       1.081,            ,            ,            ,            ,            ,            ,            ,
                              ,   19161.327,       1.058,            ,            ,            ,            ,            ,            ,            ,            ,            ,            ,            ,            ,            ,            ,            ,            ,            ,            ,            ,            ,            ,            ,            ,            ,            ,   19640.117,       0.920,            ,            ,            ,            ,            ,            ,            ,            ,            ,            ,            ,            ,            ,            ,            ,            ,   19960.105,       1.129,            ,            ,            ,            ,            ,            ,            ,
                              ,   19162.386,       1.059,            ,            ,            ,            ,            ,            ,            ,            ,            ,            ,            ,            ,            ,            ,            ,            ,            ,            ,            ,            ,            ,            ,            ,            ,            ,   19641.024,       0.907,            ,            ,            ,            ,            ,            ,            ,            ,            ,            ,            ,            ,            ,            ,            ,            ,   19961.251,       1.146,            ,            ,            ,            ,            ,            ,            ,
                              ,   19163.509,       1.123,            ,            ,            ,            ,            ,            ,            ,            ,            ,            ,            ,            ,            ,            ,            ,            ,            ,            ,            ,            ,            ,            ,            ,            ,            ,   19641.880,       0.856,            ,            ,            ,            ,            ,            ,            ,            ,            ,            ,            ,            ,            ,            ,            ,            ,   19962.281,       1.030,            ,            ,            ,            ,            ,            ,            ,
                              ,   19164.622,       1.113,            ,            ,            ,            ,            ,            ,            ,            ,            ,            ,            ,            ,            ,            ,            ,            ,            ,            ,            ,            ,            ,            ,            ,            ,            ,   19642.729,       0.849,            ,            ,            ,            ,            ,            ,            ,            ,            ,            ,            ,            ,            ,            ,            ,            ,   19963.305,       1.024,            ,            ,            ,            ,            ,            ,            ,
                              ,   19165.781,       1.159,            ,            ,            ,            ,            ,            ,            ,            ,            ,            ,            ,            ,            ,            ,            ,            ,            ,            ,            ,            ,            ,            ,            ,            ,            ,   19643.538,       0.809,            ,            ,            ,            ,            ,            ,            ,            ,            ,            ,            ,            ,            ,            ,            ,            ,   19964.271,       0.966,            ,            ,            ,            ,            ,            ,            ,
                              ,   19166.915,       1.134,            ,            ,            ,            ,            ,            ,            ,            ,            ,            ,            ,            ,            ,            ,            ,            ,            ,            ,            ,            ,            ,            ,            ,            ,            ,   19644.353,       0.815,            ,            ,            ,            ,            ,            ,            ,            ,            ,            ,            ,            ,            ,            ,            ,            ,   19965.413,       1.142,            ,            ,            ,            ,            ,            ,            ,
                              ,   19167.991,       1.076,            ,            ,            ,            ,            ,            ,            ,            ,            ,            ,            ,            ,            ,            ,            ,            ,            ,            ,            ,            ,            ,            ,            ,            ,            ,   19645.159,       0.806,            ,            ,            ,            ,            ,            ,            ,            ,            ,            ,            ,            ,            ,            ,            ,            ,   19966.692,       1.279,            ,            ,            ,            ,            ,            ,            ,
                              ,   19169.035,       1.044,            ,            ,            ,            ,            ,            ,            ,            ,            ,            ,            ,            ,            ,            ,            ,            ,            ,            ,            ,            ,            ,            ,            ,            ,            ,   19645.950,       0.791,            ,            ,            ,            ,            ,            ,            ,            ,            ,            ,            ,            ,            ,            ,            ,            ,   19967.914,       1.222,            ,            ,            ,            ,            ,            ,            ,
                              ,   19170.082,       1.047,            ,            ,            ,            ,            ,            ,            ,            ,            ,            ,            ,            ,            ,            ,            ,            ,            ,            ,            ,            ,            ,            ,            ,            ,            ,   19646.728,       0.778,            ,            ,            ,            ,            ,            ,            ,            ,            ,            ,            ,            ,            ,            ,            ,            ,   19969.108,       1.194,            ,            ,            ,            ,            ,            ,            ,
                              ,   19171.186,       1.104,            ,            ,            ,            ,            ,            ,            ,            ,            ,            ,            ,            ,            ,            ,            ,            ,            ,            ,            ,            ,            ,            ,            ,            ,            ,   19647.484,       0.756,            ,            ,            ,            ,            ,            ,            ,            ,            ,            ,            ,            ,            ,            ,            ,            ,   19970.254,       1.146,            ,            ,            ,            ,            ,            ,            ,
                              ,   19172.307,       1.121,            ,            ,            ,            ,            ,            ,            ,            ,            ,            ,            ,            ,            ,            ,            ,            ,            ,            ,            ,            ,            ,            ,            ,            ,            ,   19648.217,       0.733,            ,            ,            ,            ,            ,            ,            ,            ,            ,            ,            ,            ,            ,            ,            ,            ,   19971.397,       1.143,            ,            ,            ,            ,            ,            ,            ,
                              ,   19173.450,       1.143,            ,            ,            ,            ,            ,            ,            ,            ,            ,            ,            ,            ,            ,            ,            ,            ,            ,            ,            ,            ,            ,            ,            ,            ,            ,   19648.927,       0.710,            ,            ,            ,            ,            ,            ,            ,            ,            ,            ,            ,            ,            ,            ,            ,            ,   19972.584,       1.187,            ,            ,            ,            ,            ,            ,            ,
                              ,   19174.560,       1.110,            ,            ,            ,            ,            ,            ,            ,            ,            ,            ,            ,            ,            ,            ,            ,            ,            ,            ,            ,            ,            ,            ,            ,            ,            ,   19649.621,       0.694,            ,            ,            ,            ,            ,            ,            ,            ,            ,            ,            ,            ,            ,            ,            ,            ,   19973.709,       1.125,            ,            ,            ,            ,            ,            ,            ,
                              ,   19175.650,       1.090,            ,            ,            ,            ,            ,            ,            ,            ,            ,            ,            ,            ,            ,            ,            ,            ,            ,            ,            ,            ,            ,            ,            ,            ,            ,   19650.304,       0.683,            ,            ,            ,            ,            ,            ,            ,            ,            ,            ,            ,            ,            ,            ,            ,            ,   19974.752,       1.043,            ,            ,            ,            ,            ,            ,            ,
                              ,   19176.728,       1.078,            ,            ,            ,            ,            ,            ,            ,            ,            ,            ,            ,            ,            ,            ,            ,            ,            ,            ,            ,            ,            ,            ,            ,            ,            ,   19650.986,       0.682,            ,            ,            ,            ,            ,            ,            ,            ,            ,            ,            ,            ,            ,            ,            ,            ,   19975.782,       1.030,            ,            ,            ,            ,            ,            ,            ,
                              ,   19177.788,       1.060,            ,            ,            ,            ,            ,            ,            ,            ,            ,            ,            ,            ,            ,            ,            ,            ,            ,            ,            ,            ,            ,            ,            ,            ,            ,   19651.681,       0.695,            ,            ,            ,            ,            ,            ,            ,            ,            ,            ,            ,            ,            ,            ,            ,            ,   19976.837,       1.055,            ,            ,            ,            ,            ,            ,            ,
                              ,   19178.885,       1.097,            ,            ,            ,            ,            ,            ,            ,            ,            ,            ,            ,            ,            ,            ,            ,            ,            ,            ,            ,            ,            ,            ,            ,            ,            ,   19652.412,       0.731,            ,            ,            ,            ,            ,            ,            ,            ,            ,            ,            ,            ,            ,            ,            ,            ,   19978.002,       1.165,            ,            ,            ,            ,            ,            ,            ,
                              ,   19179.975,       1.090,            ,            ,            ,            ,            ,            ,            ,            ,            ,            ,            ,            ,            ,            ,            ,            ,            ,            ,            ,            ,            ,            ,            ,            ,            ,   19653.254,       0.842,            ,            ,            ,            ,            ,            ,            ,            ,            ,            ,            ,            ,            ,            ,            ,            ,   19979.127,       1.125,            ,            ,            ,            ,            ,            ,            ,
                              ,   19181.119,       1.144,            ,            ,            ,            ,            ,            ,            ,            ,            ,            ,            ,            ,            ,            ,            ,            ,            ,            ,            ,            ,            ,            ,            ,            ,            ,   19654.162,       0.908,            ,            ,            ,            ,            ,            ,            ,            ,            ,            ,            ,            ,            ,            ,            ,            ,   19980.198,       1.071,            ,            ,            ,            ,            ,            ,            ,
                              ,   19182.273,       1.154,            ,            ,            ,            ,            ,            ,            ,            ,            ,            ,            ,            ,            ,            ,            ,            ,            ,            ,            ,            ,            ,            ,            ,            ,            ,   19655.090,       0.928,            ,            ,            ,            ,            ,            ,            ,            ,            ,            ,            ,            ,            ,            ,            ,            ,   19981.205,       1.007,            ,            ,            ,            ,            ,            ,            ,
                              ,   19183.388,       1.115,            ,            ,            ,            ,            ,            ,            ,            ,            ,            ,            ,            ,            ,            ,            ,            ,            ,            ,            ,            ,            ,            ,            ,            ,            ,   19656.030,       0.940,            ,            ,            ,            ,            ,            ,            ,            ,            ,            ,            ,            ,            ,            ,            ,            ,   19982.235,       1.030,            ,            ,            ,            ,            ,            ,            ,
                              ,   19184.537,       1.149,            ,            ,            ,            ,            ,            ,            ,            ,            ,            ,            ,            ,            ,            ,            ,            ,            ,            ,            ,            ,            ,            ,            ,            ,            ,   19656.960,       0.930,            ,            ,            ,            ,            ,            ,            ,            ,            ,            ,            ,            ,            ,            ,            ,            ,   19983.350,       1.115,            ,            ,            ,            ,            ,            ,            ,
                              ,   19185.695,       1.158,            ,            ,            ,            ,            ,            ,            ,            ,            ,            ,            ,            ,            ,            ,            ,            ,            ,            ,            ,            ,            ,            ,            ,            ,            ,   19657.857,       0.897,            ,            ,            ,            ,            ,            ,            ,            ,            ,            ,            ,            ,            ,            ,            ,            ,   19984.469,       1.119,            ,            ,            ,            ,            ,            ,            ,
                              ,   19186.897,       1.202,            ,            ,            ,            ,            ,            ,            ,            ,            ,            ,            ,            ,            ,            ,            ,            ,            ,            ,            ,            ,            ,            ,            ,            ,            ,   19658.735,       0.878,            ,            ,            ,            ,            ,            ,            ,            ,            ,            ,            ,            ,            ,            ,            ,            ,   19985.508,       1.039,            ,            ,            ,            ,            ,            ,            ,
                              ,   19188.101,       1.204,            ,            ,            ,            ,            ,            ,            ,            ,            ,            ,            ,            ,            ,            ,            ,            ,            ,            ,            ,            ,            ,            ,            ,            ,            ,   19659.586,       0.851,            ,            ,            ,            ,            ,            ,            ,            ,            ,            ,            ,            ,            ,            ,            ,            ,   19986.496,       0.988,            ,            ,            ,            ,            ,            ,            ,
                              ,   19189.369,       1.268,            ,            ,            ,            ,            ,            ,            ,            ,            ,            ,            ,            ,            ,            ,            ,            ,            ,            ,            ,            ,            ,            ,            ,            ,            ,   19660.408,       0.822,            ,            ,            ,            ,            ,            ,            ,            ,            ,            ,            ,            ,            ,            ,            ,            ,   19987.516,       1.020,            ,            ,            ,            ,            ,            ,            ,
                              ,   19190.574,       1.205,            ,            ,            ,            ,            ,            ,            ,            ,            ,            ,            ,            ,            ,            ,            ,            ,            ,            ,            ,            ,            ,            ,            ,            ,            ,   19661.206,       0.798,            ,            ,            ,            ,            ,            ,            ,            ,            ,            ,            ,            ,            ,            ,            ,            ,   19988.622,       1.106,            ,            ,            ,            ,            ,            ,            ,
                              ,   19191.740,       1.166,            ,            ,            ,            ,            ,            ,            ,            ,            ,            ,            ,            ,            ,            ,            ,            ,            ,            ,            ,            ,            ,            ,            ,            ,            ,   19661.989,       0.783,            ,            ,            ,            ,            ,            ,            ,            ,            ,            ,            ,            ,            ,            ,            ,            ,   19989.740,       1.118,            ,            ,            ,            ,            ,            ,            ,
                              ,   19192.906,       1.166,            ,            ,            ,            ,            ,            ,            ,            ,            ,            ,            ,            ,            ,            ,            ,            ,            ,            ,            ,            ,            ,            ,            ,            ,            ,   19662.758,       0.769,            ,            ,            ,            ,            ,            ,            ,            ,            ,            ,            ,            ,            ,            ,            ,            ,   19990.814,       1.074,            ,            ,            ,            ,            ,            ,            ,
                              ,   19194.046,       1.140,            ,            ,            ,            ,            ,            ,            ,            ,            ,            ,            ,            ,            ,            ,            ,            ,            ,            ,            ,            ,            ,            ,            ,            ,            ,   19663.519,       0.761,            ,            ,            ,            ,            ,            ,            ,            ,            ,            ,            ,            ,            ,            ,            ,            ,   19991.826,       1.012,            ,            ,            ,            ,            ,            ,            ,
                              ,   19195.217,       1.171,            ,            ,            ,            ,            ,            ,            ,            ,            ,            ,            ,            ,            ,            ,            ,            ,            ,            ,            ,            ,            ,            ,            ,            ,            ,   19664.282,       0.763,            ,            ,            ,            ,            ,            ,            ,            ,            ,            ,            ,            ,            ,            ,            ,            ,   19992.873,       1.047,            ,            ,            ,            ,            ,            ,            ,
                              ,   19196.361,       1.144,            ,            ,            ,            ,            ,            ,            ,            ,            ,            ,            ,            ,            ,            ,            ,            ,            ,            ,            ,            ,            ,            ,            ,            ,            ,   19665.047,       0.765,            ,            ,            ,            ,            ,            ,            ,            ,            ,            ,            ,            ,            ,            ,            ,            ,   19993.972,       1.099,            ,            ,            ,            ,            ,            ,            ,
                              ,   19197.485,       1.124,            ,            ,            ,            ,            ,            ,            ,            ,            ,            ,            ,            ,            ,            ,            ,            ,            ,            ,            ,            ,            ,            ,            ,            ,            ,   19665.817,       0.770,            ,            ,            ,            ,            ,            ,            ,            ,            ,            ,            ,            ,            ,            ,            ,            ,   19995.064,       1.092,            ,            ,            ,            ,            ,            ,            ,
                              ,   19198.670,       1.185,            ,            ,            ,            ,            ,            ,            ,            ,            ,            ,            ,            ,            ,            ,            ,            ,            ,            ,            ,            ,            ,            ,            ,            ,            ,   19666.588,       0.771,            ,            ,            ,            ,            ,            ,            ,            ,            ,            ,            ,            ,            ,            ,            ,            ,   19996.115,       1.051,            ,            ,            ,            ,            ,            ,            ,
                              ,   19199.824,       1.154,            ,            ,            ,            ,            ,            ,            ,            ,            ,            ,            ,            ,            ,            ,            ,            ,            ,            ,            ,            ,            ,            ,            ,            ,            ,   19667.366,       0.778,            ,            ,            ,            ,            ,            ,            ,            ,            ,            ,            ,            ,            ,            ,            ,            ,   19997.142,       1.027,            ,            ,            ,            ,            ,            ,            ,
                              ,   19200.954,       1.130,            ,            ,            ,            ,            ,            ,            ,            ,            ,            ,            ,            ,            ,            ,            ,            ,            ,            ,            ,            ,            ,            ,            ,            ,            ,   19668.137,       0.771,            ,            ,            ,            ,            ,            ,            ,            ,            ,            ,            ,            ,            ,            ,            ,            ,   19998.200,       1.058,            ,            ,            ,            ,            ,            ,            ,
                              ,   19202.046,       1.092,            ,            ,            ,            ,            ,            ,            ,            ,            ,            ,            ,            ,            ,            ,            ,            ,            ,            ,            ,            ,            ,            ,            ,            ,            ,   19668.913,       0.776,            ,            ,            ,            ,            ,            ,            ,            ,            ,            ,            ,            ,            ,            ,            ,            ,   19999.320,       1.120,            ,            ,            ,            ,            ,            ,            ,
                              ,   19203.093,       1.047,            ,            ,            ,            ,            ,            ,            ,            ,            ,            ,            ,            ,            ,            ,            ,            ,            ,            ,            ,            ,            ,            ,            ,            ,            ,   19669.681,       0.768,            ,            ,            ,            ,            ,            ,            ,            ,            ,            ,            ,            ,            ,            ,            ,            ,   20000.424,       1.104,            ,            ,            ,            ,            ,            ,            ,
                              ,   19204.156,       1.063,            ,            ,            ,            ,            ,            ,            ,            ,            ,            ,            ,            ,            ,            ,            ,            ,            ,            ,            ,            ,            ,            ,            ,            ,            ,   19670.448,       0.767,            ,            ,            ,            ,            ,            ,            ,            ,            ,            ,            ,            ,            ,            ,            ,            ,   20001.456,       1.032,            ,            ,            ,            ,            ,            ,            ,
                              ,   19205.251,       1.095,            ,            ,            ,            ,            ,            ,            ,            ,            ,            ,            ,            ,            ,            ,            ,            ,            ,            ,            ,            ,            ,            ,            ,            ,            ,   19671.210,       0.762,            ,            ,            ,            ,            ,            ,            ,            ,            ,            ,            ,            ,            ,            ,            ,            ,   20002.502,       1.046,            ,            ,            ,            ,            ,            ,            ,
                              ,   19206.405,       1.154,            ,            ,            ,            ,            ,            ,            ,            ,            ,            ,            ,            ,            ,            ,            ,            ,            ,            ,            ,            ,            ,            ,            ,            ,            ,   19671.965,       0.755,            ,            ,            ,            ,            ,            ,            ,            ,            ,            ,            ,            ,            ,            ,            ,            ,   20003.544,       1.042,            ,            ,            ,            ,            ,            ,            ,
                              ,   19207.598,       1.193,            ,            ,            ,            ,            ,            ,            ,            ,            ,            ,            ,            ,            ,            ,            ,            ,            ,            ,            ,            ,            ,            ,            ,            ,            ,   19672.712,       0.747,            ,            ,            ,            ,            ,            ,            ,            ,            ,            ,            ,            ,            ,            ,            ,            ,   20004.624,       1.080,            ,            ,            ,            ,            ,            ,            ,
                              ,   19208.805,       1.207,            ,            ,            ,            ,            ,            ,            ,            ,            ,            ,            ,            ,            ,            ,            ,            ,            ,            ,            ,            ,            ,            ,            ,            ,            ,   19673.453,       0.741,            ,            ,            ,            ,            ,            ,            ,            ,            ,            ,            ,            ,            ,            ,            ,            ,   20005.715,       1.091,            ,            ,            ,            ,            ,            ,            ,
                              ,   19209.963,       1.158,            ,            ,            ,            ,            ,            ,            ,            ,            ,            ,            ,            ,            ,            ,            ,            ,            ,            ,            ,            ,            ,            ,            ,            ,            ,   19674.187,       0.734,            ,            ,            ,            ,            ,            ,            ,            ,            ,            ,            ,            ,            ,            ,            ,            ,   20006.752,       1.037,            ,            ,            ,            ,            ,            ,            ,
                              ,   19211.085,       1.122,            ,            ,            ,            ,            ,            ,            ,            ,            ,            ,            ,            ,            ,            ,            ,            ,            ,            ,            ,            ,            ,            ,            ,            ,            ,   19674.915,       0.728,            ,            ,            ,            ,            ,            ,            ,            ,            ,            ,            ,            ,            ,            ,            ,            ,   20007.785,       1.033,            ,            ,            ,            ,            ,            ,            ,
                              ,   19212.217,       1.132,            ,            ,            ,            ,            ,            ,            ,            ,            ,            ,            ,            ,            ,            ,            ,            ,            ,            ,            ,            ,            ,            ,            ,            ,            ,   19675.635,       0.720,            ,            ,            ,            ,            ,            ,            ,            ,            ,            ,            ,            ,            ,            ,            ,            ,   20008.932,       1.147,            ,            ,            ,            ,            ,            ,            ,
                              ,   19213.343,       1.126,            ,            ,            ,            ,            ,            ,            ,            ,            ,            ,            ,            ,            ,            ,            ,            ,            ,            ,            ,            ,            ,            ,            ,            ,            ,   19676.349,       0.714,            ,            ,            ,            ,            ,            ,            ,            ,            ,            ,            ,            ,            ,            ,            ,            ,   20010.075,       1.143,            ,            ,            ,            ,            ,            ,            ,
                              ,   19214.460,       1.117,            ,            ,            ,            ,            ,            ,            ,            ,            ,            ,            ,            ,            ,            ,            ,            ,            ,            ,            ,            ,            ,            ,            ,            ,            ,   19677.060,       0.711,            ,            ,            ,            ,            ,            ,            ,            ,            ,            ,            ,            ,            ,            ,            ,            ,   20011.127,       1.052,            ,            ,            ,            ,            ,            ,            ,
                              ,   19215.567,       1.107,            ,            ,            ,            ,            ,            ,            ,            ,            ,            ,            ,            ,            ,            ,            ,            ,            ,            ,            ,            ,            ,            ,            ,            ,            ,   19677.788,       0.728,            ,            ,            ,            ,            ,            ,            ,            ,            ,            ,            ,            ,            ,            ,            ,            ,   20012.152,       1.025,            ,            ,            ,            ,            ,            ,            ,
                              ,   19216.717,       1.150,            ,            ,            ,            ,            ,            ,            ,            ,            ,            ,            ,            ,            ,            ,            ,            ,            ,            ,            ,            ,            ,            ,            ,            ,            ,   19678.524,       0.736,            ,            ,            ,            ,            ,            ,            ,            ,            ,            ,            ,            ,            ,            ,            ,            ,   20013.238,       1.086,            ,            ,            ,            ,            ,            ,            ,
                              ,   19217.881,       1.164,            ,            ,            ,            ,            ,            ,            ,            ,            ,            ,            ,            ,            ,            ,            ,            ,            ,            ,            ,            ,            ,            ,            ,            ,            ,   19679.258,       0.734,            ,            ,            ,            ,            ,            ,            ,            ,            ,            ,            ,            ,            ,            ,            ,            ,   20014.365,       1.127,            ,            ,            ,            ,            ,            ,            ,
                              ,   19219.060,       1.179,            ,            ,            ,            ,            ,            ,            ,            ,            ,            ,            ,            ,            ,            ,            ,            ,            ,            ,            ,            ,            ,            ,            ,            ,            ,   19679.994,       0.736,            ,            ,            ,            ,            ,            ,            ,            ,            ,            ,            ,            ,            ,            ,            ,            ,   20015.412,       1.047,            ,            ,            ,            ,            ,            ,            ,
                              ,   19220.201,       1.141,            ,            ,            ,            ,            ,            ,            ,            ,            ,            ,            ,            ,            ,            ,            ,            ,            ,            ,            ,            ,            ,            ,            ,            ,            ,   19680.725,       0.731,            ,            ,            ,            ,            ,            ,            ,            ,            ,            ,            ,            ,            ,            ,            ,            ,   20016.430,       1.018,            ,            ,            ,            ,            ,            ,            ,
                              ,   19221.310,       1.109,            ,            ,            ,            ,            ,            ,            ,            ,            ,            ,            ,            ,            ,            ,            ,            ,            ,            ,            ,            ,            ,            ,            ,            ,            ,   19681.453,       0.728,            ,            ,            ,            ,            ,            ,            ,            ,            ,            ,            ,            ,            ,            ,            ,            ,   20017.564,       1.134,            ,            ,            ,            ,            ,            ,            ,
                              ,   19222.380,       1.070,            ,            ,            ,            ,            ,            ,            ,            ,            ,            ,            ,            ,            ,            ,            ,            ,            ,            ,            ,            ,            ,            ,            ,            ,            ,   19682.174,       0.721,            ,            ,            ,            ,            ,            ,            ,            ,            ,            ,            ,            ,            ,            ,            ,            ,   20018.695,       1.131,            ,            ,            ,            ,            ,            ,            ,
                              ,   19223.435,       1.055,            ,            ,            ,            ,            ,            ,            ,            ,            ,            ,            ,            ,            ,            ,            ,            ,            ,            ,            ,            ,            ,            ,            ,            ,            ,   19682.892,       0.718,            ,            ,            ,            ,            ,            ,            ,            ,            ,            ,            ,            ,            ,            ,            ,            ,   20019.772,       1.077,            ,            ,            ,            ,            ,            ,            ,
                              ,   19224.514,       1.079,            ,            ,            ,            ,            ,            ,            ,            ,            ,            ,            ,            ,            ,            ,            ,            ,            ,            ,            ,            ,            ,            ,            ,            ,            ,   19683.610,       0.718,            ,            ,            ,            ,            ,            ,            ,            ,            ,            ,            ,            ,            ,            ,            ,            ,   20020.872,       1.100,            ,            ,            ,            ,            ,            ,            ,
                              ,   19225.621,       1.107,            ,            ,            ,            ,            ,            ,            ,            ,            ,            ,            ,            ,            ,            ,            ,            ,            ,            ,            ,            ,            ,            ,            ,            ,            ,   19684.340,       0.730,            ,            ,            ,            ,            ,            ,            ,            ,            ,            ,            ,            ,            ,            ,            ,            ,   20022.015,       1.143,            ,            ,            ,            ,            ,            ,            ,
                              ,   19226.709,       1.088,            ,            ,            ,            ,            ,            ,            ,            ,            ,            ,            ,            ,            ,            ,            ,            ,            ,            ,            ,            ,            ,            ,            ,            ,            ,   19685.092,       0.752,            ,            ,            ,            ,            ,            ,            ,            ,            ,            ,            ,            ,            ,            ,            ,            ,   20023.102,       1.087,            ,            ,            ,            ,            ,            ,            ,
                              ,   19227.795,       1.086,            ,            ,            ,            ,            ,            ,            ,            ,            ,            ,            ,            ,            ,            ,            ,            ,            ,            ,            ,            ,            ,            ,            ,            ,            ,   19685.874,       0.782,            ,            ,            ,            ,            ,            ,            ,            ,            ,            ,            ,            ,            ,            ,            ,            ,   20024.154,       1.052,            ,            ,            ,            ,            ,            ,            ,
                              ,   19228.897,       1.102,            ,            ,            ,            ,            ,            ,            ,            ,            ,            ,            ,            ,            ,            ,            ,            ,            ,            ,            ,            ,            ,            ,            ,            ,            ,   19686.683,       0.809,            ,            ,            ,            ,            ,            ,            ,            ,            ,            ,            ,            ,            ,            ,            ,            ,   20025.236,       1.082,            ,            ,            ,            ,            ,            ,            ,
                              ,   19229.964,       1.067,            ,            ,            ,            ,            ,            ,            ,            ,            ,            ,            ,            ,            ,            ,            ,            ,            ,            ,            ,            ,            ,            ,            ,            ,            ,   19687.490,       0.807,            ,            ,            ,            ,            ,            ,            ,            ,            ,            ,            ,            ,            ,            ,            ,            ,   20026.269,       1.033,            ,            ,            ,            ,            ,            ,            ,
                              ,   19231.005,       1.041,            ,            ,            ,            ,            ,            ,            ,            ,            ,            ,            ,            ,            ,            ,            ,            ,            ,            ,            ,            ,            ,            ,            ,            ,            ,   19688.282,       0.792,            ,            ,            ,            ,            ,            ,            ,            ,            ,            ,            ,            ,            ,            ,            ,            ,   20027.285,       1.016,            ,            ,            ,            ,            ,            ,            ,
                              ,   19232.037,       1.032,            ,            ,            ,            ,            ,            ,            ,            ,            ,            ,            ,            ,            ,            ,            ,            ,            ,            ,            ,            ,            ,            ,            ,            ,            ,   19689.059,       0.777,            ,            ,            ,            ,            ,            ,            ,            ,            ,            ,            ,            ,            ,            ,            ,            ,   20028.412,       1.127,            ,            ,            ,            ,            ,            ,            ,
                              ,   19233.048,       1.011,            ,            ,            ,            ,            ,            ,            ,            ,            ,            ,            ,            ,            ,            ,            ,            ,            ,            ,            ,            ,            ,            ,            ,            ,            ,   19689.820,       0.761,            ,            ,            ,            ,            ,            ,            ,            ,            ,            ,            ,            ,            ,            ,            ,            ,   20029.514,       1.102,            ,            ,            ,            ,            ,            ,            ,
                              ,   19234.046,       0.998,            ,            ,            ,            ,            ,            ,            ,            ,            ,            ,            ,            ,            ,            ,            ,            ,            ,            ,            ,            ,            ,            ,            ,            ,            ,   19690.574,       0.754,            ,            ,            ,            ,            ,            ,            ,            ,            ,            ,            ,            ,            ,            ,            ,            ,   20030.575,       1.061,            ,            ,            ,            ,            ,            ,            ,
                              ,   19235.106,       1.060,            ,            ,            ,            ,            ,            ,            ,            ,            ,            ,            ,            ,            ,            ,            ,            ,            ,            ,            ,            ,            ,            ,            ,            ,            ,   19691.316,       0.742,            ,            ,            ,            ,            ,            ,            ,            ,            ,            ,            ,            ,            ,            ,            ,            ,   20031.626,       1.051,            ,            ,            ,            ,            ,            ,            ,
                              ,   19236.270,       1.164,            ,            ,            ,            ,            ,            ,            ,            ,            ,            ,            ,            ,            ,            ,            ,            ,            ,            ,            ,            ,            ,            ,            ,            ,            ,   19692.048,       0.732,            ,            ,            ,            ,            ,            ,            ,            ,            ,            ,            ,            ,            ,            ,            ,            ,   20032.668,       1.042,            ,            ,            ,            ,            ,            ,            ,
                              ,   19237.478,       1.208,            ,            ,            ,            ,            ,            ,            ,            ,            ,            ,            ,            ,            ,            ,            ,            ,            ,            ,            ,            ,            ,            ,            ,            ,            ,   19692.774,       0.726,            ,            ,            ,            ,            ,            ,            ,            ,            ,            ,            ,            ,            ,            ,            ,            ,   20033.665,       0.997,            ,            ,            ,            ,            ,            ,            ,
                              ,   19238.696,       1.218,            ,            ,            ,            ,            ,            ,            ,            ,            ,            ,            ,            ,            ,            ,            ,            ,            ,            ,            ,            ,            ,            ,            ,            ,            ,   19693.496,       0.722,            ,            ,            ,            ,            ,            ,            ,            ,            ,            ,            ,            ,            ,            ,            ,            ,   20034.689,       1.024,            ,            ,            ,            ,            ,            ,            ,
                              ,   19239.891,       1.195,            ,            ,            ,            ,            ,            ,            ,            ,            ,            ,            ,            ,            ,            ,            ,            ,            ,            ,            ,            ,            ,            ,            ,            ,            ,   19694.219,       0.723,            ,            ,            ,            ,            ,            ,            ,            ,            ,            ,            ,            ,            ,            ,            ,            ,   20035.715,       1.026,            ,            ,            ,            ,            ,            ,            ,
                              ,   19241.030,       1.139,            ,            ,            ,            ,            ,            ,            ,            ,            ,            ,            ,            ,            ,            ,            ,            ,            ,            ,            ,            ,            ,            ,            ,            ,            ,   19694.961,       0.742,            ,            ,            ,            ,            ,            ,            ,            ,            ,            ,            ,            ,            ,            ,            ,            ,   20036.704,       0.989,            ,            ,            ,            ,            ,            ,            ,
                              ,   19242.099,       1.069,            ,            ,            ,            ,            ,            ,            ,            ,            ,            ,            ,            ,            ,            ,            ,            ,            ,            ,            ,            ,            ,            ,            ,            ,            ,   19695.714,       0.753,            ,            ,            ,            ,            ,            ,            ,            ,            ,            ,            ,            ,            ,            ,            ,            ,   20037.736,       1.032,            ,            ,            ,            ,            ,            ,            ,
                              ,   19243.180,       1.081,            ,            ,            ,            ,            ,            ,            ,            ,            ,            ,            ,            ,            ,            ,            ,            ,            ,            ,            ,            ,            ,            ,            ,            ,            ,   19696.477,       0.763,            ,            ,            ,            ,            ,            ,            ,            ,            ,            ,            ,            ,            ,            ,            ,            ,   20038.817,       1.081,            ,            ,            ,            ,            ,            ,            ,
                              ,   19244.216,       1.036,            ,            ,            ,            ,            ,            ,            ,            ,            ,            ,            ,            ,            ,            ,            ,            ,            ,            ,            ,            ,            ,            ,            ,            ,            ,   19697.262,       0.785,            ,            ,            ,            ,            ,            ,            ,            ,            ,            ,            ,            ,            ,            ,            ,            ,   20039.831,       1.014,            ,            ,            ,            ,            ,            ,            ,
                              ,   19245.294,       1.078,            ,            ,            ,            ,            ,            ,            ,            ,            ,            ,            ,            ,            ,            ,            ,            ,            ,            ,            ,            ,            ,            ,            ,            ,            ,   19698.062,       0.800,            ,            ,            ,            ,            ,            ,            ,            ,            ,            ,            ,            ,            ,            ,            ,            ,   20040.841,       1.010,            ,            ,            ,            ,            ,            ,            ,
                              ,   19246.398,       1.104,            ,            ,            ,            ,            ,            ,            ,            ,            ,            ,            ,            ,            ,            ,            ,            ,            ,            ,            ,            ,            ,            ,            ,            ,            ,   19698.857,       0.795,            ,            ,            ,            ,            ,            ,            ,            ,            ,            ,            ,            ,            ,            ,            ,            ,   20041.902,       1.061,            ,            ,            ,            ,            ,            ,            ,
                              ,   19247.547,       1.149,            ,            ,            ,            ,            ,            ,            ,            ,            ,            ,            ,            ,            ,            ,            ,            ,            ,            ,            ,            ,            ,            ,            ,            ,            ,   19699.644,       0.787,            ,            ,            ,            ,            ,            ,            ,            ,            ,            ,            ,            ,            ,            ,            ,            ,   20042.911,       1.009,            ,            ,            ,            ,            ,            ,            ,
                              ,   19248.697,       1.150,            ,            ,            ,            ,            ,            ,            ,            ,            ,            ,            ,            ,            ,            ,            ,            ,            ,            ,            ,            ,            ,            ,            ,            ,            ,   19700.432,       0.788,            ,            ,            ,            ,            ,            ,            ,            ,            ,            ,            ,            ,            ,            ,            ,            ,   20043.903,       0.992,            ,            ,            ,            ,            ,            ,            ,
                              ,   19249.812,       1.115,            ,            ,            ,            ,            ,            ,            ,            ,            ,            ,            ,            ,            ,            ,            ,            ,            ,            ,            ,            ,            ,            ,            ,            ,            ,   19701.211,       0.779,            ,            ,            ,            ,            ,            ,            ,            ,            ,            ,            ,            ,            ,            ,            ,            ,   20044.957,       1.054,            ,            ,            ,            ,            ,            ,            ,
                              ,   19250.916,       1.104,            ,            ,            ,            ,            ,            ,            ,            ,            ,            ,            ,            ,            ,            ,            ,            ,            ,            ,            ,            ,            ,            ,            ,            ,            ,   19701.999,       0.788,            ,            ,            ,            ,            ,            ,            ,            ,            ,            ,            ,            ,            ,            ,            ,            ,   20046.024,       1.067,            ,            ,            ,            ,            ,            ,            ,
                              ,   19251.981,       1.065,            ,            ,            ,            ,            ,            ,            ,            ,            ,            ,            ,            ,            ,            ,            ,            ,            ,            ,            ,            ,            ,            ,            ,            ,            ,   19702.788,       0.789,            ,            ,            ,            ,            ,            ,            ,            ,            ,            ,            ,            ,            ,            ,            ,            ,   20047.032,       1.008,            ,            ,            ,            ,            ,            ,            ,
                              ,   19253.052,       1.071,            ,            ,            ,            ,            ,            ,            ,            ,            ,            ,            ,            ,            ,            ,            ,            ,            ,            ,            ,            ,            ,            ,            ,            ,            ,   19703.581,       0.793,            ,            ,            ,            ,            ,            ,            ,            ,            ,            ,            ,            ,            ,            ,            ,            ,   20048.048,       1.016,            ,            ,            ,            ,            ,            ,            ,
                              ,   19254.139,       1.087,            ,            ,            ,            ,            ,            ,            ,            ,            ,            ,            ,            ,            ,            ,            ,            ,            ,            ,            ,            ,            ,            ,            ,            ,            ,   19704.372,       0.791,            ,            ,            ,            ,            ,            ,            ,            ,            ,            ,            ,            ,            ,            ,            ,            ,   20049.111,       1.063,            ,            ,            ,            ,            ,            ,            ,
                              ,   19255.244,       1.105,            ,            ,            ,            ,            ,            ,            ,            ,            ,            ,            ,            ,            ,            ,            ,            ,            ,            ,            ,            ,            ,            ,            ,            ,            ,   19705.152,       0.780,            ,            ,            ,            ,            ,            ,            ,            ,            ,            ,            ,            ,            ,            ,            ,            ,   20050.203,       1.092,            ,            ,            ,            ,            ,            ,            ,
                              ,   19256.389,       1.145,            ,            ,            ,            ,            ,            ,            ,            ,            ,            ,            ,            ,            ,            ,            ,            ,            ,            ,            ,            ,            ,            ,            ,            ,            ,   19705.917,       0.765,            ,            ,            ,            ,            ,            ,            ,            ,            ,            ,            ,            ,            ,            ,            ,            ,   20051.294,       1.091,            ,            ,            ,            ,            ,            ,            ,
                              ,   19257.516,       1.127,            ,            ,            ,            ,            ,            ,            ,            ,            ,            ,            ,            ,            ,            ,            ,            ,            ,            ,            ,            ,            ,            ,            ,            ,            ,   19706.658,       0.741,            ,            ,            ,            ,            ,            ,            ,            ,            ,            ,            ,            ,            ,            ,            ,            ,   20052.373,       1.079,            ,            ,            ,            ,            ,            ,            ,
                              ,   19258.591,       1.075,            ,            ,            ,            ,            ,            ,            ,            ,            ,            ,            ,            ,            ,            ,            ,            ,            ,            ,            ,            ,            ,            ,            ,            ,            ,   19707.372,       0.714,            ,            ,            ,            ,            ,            ,            ,            ,            ,            ,            ,            ,            ,            ,            ,            ,   20053.435,       1.062,            ,            ,            ,            ,            ,            ,            ,
                              ,   19259.657,       1.066,            ,            ,            ,            ,            ,            ,            ,            ,            ,            ,            ,            ,            ,            ,            ,            ,            ,            ,            ,            ,            ,            ,            ,            ,            ,   19708.069,       0.697,            ,            ,            ,            ,            ,            ,            ,            ,            ,            ,            ,            ,            ,            ,            ,            ,   20054.461,       1.026,            ,            ,            ,            ,            ,            ,            ,
                              ,   19260.735,       1.078,            ,            ,            ,            ,            ,            ,            ,            ,            ,            ,            ,            ,            ,            ,            ,            ,            ,            ,            ,            ,            ,            ,            ,            ,            ,   19708.756,       0.687,            ,            ,            ,            ,            ,            ,            ,            ,            ,            ,            ,            ,            ,            ,            ,            ,   20055.447,       0.986,            ,            ,            ,            ,            ,            ,            ,
                              ,   19261.793,       1.058,            ,            ,            ,            ,            ,            ,            ,            ,            ,            ,            ,            ,            ,            ,            ,            ,            ,            ,            ,            ,            ,            ,            ,            ,            ,   19709.448,       0.692,            ,            ,            ,            ,            ,            ,            ,            ,            ,            ,            ,            ,            ,            ,            ,            ,   20056.470,       1.023,            ,            ,            ,            ,            ,            ,            ,
                              ,   19262.886,       1.093,            ,            ,            ,            ,            ,            ,            ,            ,            ,            ,            ,            ,            ,            ,            ,            ,            ,            ,            ,            ,            ,            ,            ,            ,            ,   19710.178,       0.730,            ,            ,            ,            ,            ,            ,            ,            ,            ,            ,            ,            ,            ,            ,            ,            ,   20057.553,       1.083,            ,            ,            ,            ,            ,            ,            ,
                              ,   19263.943,       1.057,            ,            ,            ,            ,            ,            ,            ,            ,            ,            ,            ,            ,            ,            ,            ,            ,            ,            ,            ,            ,            ,            ,            ,            ,            ,   19710.980,       0.802,            ,            ,            ,            ,            ,            ,            ,            ,            ,            ,            ,            ,            ,            ,            ,            ,   20058.652,       1.099,            ,            ,            ,            ,            ,            ,            ,
                              ,   19265.034,       1.091,            ,            ,            ,            ,            ,            ,            ,            ,            ,            ,            ,            ,            ,            ,            ,            ,            ,            ,            ,            ,            ,            ,            ,            ,            ,   19711.845,       0.865,            ,            ,            ,            ,            ,            ,            ,            ,            ,            ,            ,            ,            ,            ,            ,            ,   20059.773,       1.121,            ,            ,            ,            ,            ,            ,            ,
                              ,   19266.154,       1.120,            ,            ,            ,            ,            ,            ,            ,            ,            ,            ,            ,            ,            ,            ,            ,            ,            ,            ,            ,            ,            ,            ,            ,            ,            ,   19712.756,       0.911,            ,            ,            ,            ,            ,            ,            ,            ,            ,            ,            ,            ,            ,            ,            ,            ,   20060.868,       1.095,            ,            ,            ,            ,            ,            ,            ,
                              ,   19267.322,       1.168,            ,            ,            ,            ,            ,            ,            ,            ,            ,            ,            ,            ,            ,            ,            ,            ,            ,            ,            ,            ,            ,            ,            ,            ,            ,   19713.654,       0.898,            ,            ,            ,            ,            ,            ,            ,            ,            ,            ,            ,            ,            ,            ,            ,            ,   20061.924,       1.056,            ,            ,            ,            ,            ,            ,            ,
                              ,   19268.451,       1.129,            ,            ,            ,            ,            ,            ,            ,            ,            ,            ,            ,            ,            ,            ,            ,            ,            ,            ,            ,            ,            ,            ,            ,            ,            ,   19714.556,       0.902,            ,            ,            ,            ,            ,            ,            ,            ,            ,            ,            ,            ,            ,            ,            ,            ,   20062.952,       1.028,            ,            ,            ,            ,            ,            ,            ,
                              ,   19269.535,       1.084,            ,            ,            ,            ,            ,            ,            ,            ,            ,            ,            ,            ,            ,            ,            ,            ,            ,            ,            ,            ,            ,            ,            ,            ,            ,   19715.448,       0.892,            ,            ,            ,            ,            ,            ,            ,            ,            ,            ,            ,            ,            ,            ,            ,            ,   20063.965,       1.013,            ,            ,            ,            ,            ,            ,            ,
                              ,   19270.630,       1.095,            ,            ,            ,            ,            ,            ,            ,            ,            ,            ,            ,            ,            ,            ,            ,            ,            ,            ,            ,            ,            ,            ,            ,            ,            ,   19716.323,       0.875,            ,            ,            ,            ,            ,            ,            ,            ,            ,            ,            ,            ,            ,            ,            ,            ,   20064.976,       1.011,            ,            ,            ,            ,            ,            ,            ,
                              ,   19271.681,       1.051,            ,            ,            ,            ,            ,            ,            ,            ,            ,            ,            ,            ,            ,            ,            ,            ,            ,            ,            ,            ,            ,            ,            ,            ,            ,   19717.196,       0.873,            ,            ,            ,            ,            ,            ,            ,            ,            ,            ,            ,            ,            ,            ,            ,            ,   20065.965,       0.989,            ,            ,            ,            ,            ,            ,            ,
                              ,   19272.694,       1.013,            ,            ,            ,            ,            ,            ,            ,            ,            ,            ,            ,            ,            ,            ,            ,            ,            ,            ,            ,            ,            ,            ,            ,            ,            ,   19718.047,       0.851,            ,            ,            ,            ,            ,            ,            ,            ,            ,            ,            ,            ,            ,            ,            ,            ,   20066.967,       1.002,            ,            ,            ,            ,            ,            ,            ,
                              ,   19273.704,       1.010,            ,            ,            ,            ,            ,            ,            ,            ,            ,            ,            ,            ,            ,            ,            ,            ,            ,            ,            ,            ,            ,            ,            ,            ,            ,   19718.900,       0.853,            ,            ,            ,            ,            ,            ,            ,            ,            ,            ,            ,            ,            ,            ,            ,            ,   20068.029,       1.062,            ,            ,            ,            ,            ,            ,            ,
                              ,   19274.728,       1.024,            ,            ,            ,            ,            ,            ,            ,            ,            ,            ,            ,            ,            ,            ,            ,            ,            ,            ,            ,            ,            ,            ,            ,            ,            ,   19719.768,       0.868,            ,            ,            ,            ,            ,            ,            ,            ,            ,            ,            ,            ,            ,            ,            ,            ,   20069.133,       1.104,            ,            ,            ,            ,            ,            ,            ,
                              ,   19275.806,       1.078,            ,            ,            ,            ,            ,            ,            ,            ,            ,            ,            ,            ,            ,            ,            ,            ,            ,            ,            ,            ,            ,            ,            ,            ,            ,   19720.633,       0.865,            ,            ,            ,            ,            ,            ,            ,            ,            ,            ,            ,            ,            ,            ,            ,            ,   20070.263,       1.130,            ,            ,            ,            ,            ,            ,            ,
                              ,   19276.920,       1.114,            ,            ,            ,            ,            ,            ,            ,            ,            ,            ,            ,            ,            ,            ,            ,            ,            ,            ,            ,            ,            ,            ,            ,            ,            ,   19721.465,       0.832,            ,            ,            ,            ,            ,            ,            ,            ,            ,            ,            ,            ,            ,            ,            ,            ,   20071.372,       1.109,            ,            ,            ,            ,            ,            ,            ,
                              ,   19278.075,       1.155,            ,            ,            ,            ,            ,            ,            ,            ,            ,            ,            ,            ,            ,            ,            ,            ,            ,            ,            ,            ,            ,            ,            ,            ,            ,   19722.279,       0.814,            ,            ,            ,            ,            ,            ,            ,            ,            ,            ,            ,            ,            ,            ,            ,            ,   20072.438,       1.066,            ,            ,            ,            ,            ,            ,            ,
                              ,   19279.213,       1.138,            ,            ,            ,            ,            ,            ,            ,            ,            ,            ,            ,            ,            ,            ,            ,            ,            ,            ,            ,            ,            ,            ,            ,            ,            ,   19723.068,       0.789,            ,            ,            ,            ,            ,            ,            ,            ,            ,            ,            ,            ,            ,            ,            ,            ,   20073.501,       1.063,            ,            ,            ,            ,            ,            ,            ,
                              ,   19280.327,       1.114,            ,            ,            ,            ,            ,            ,            ,            ,            ,            ,            ,            ,            ,            ,            ,            ,            ,            ,            ,            ,            ,            ,            ,            ,            ,   19723.836,       0.768,            ,            ,            ,            ,            ,            ,            ,            ,            ,            ,            ,            ,            ,            ,            ,            ,   20074.558,       1.057,            ,            ,            ,            ,            ,            ,            ,
                              ,   19281.405,       1.078,            ,            ,            ,            ,            ,            ,            ,            ,            ,            ,            ,            ,            ,            ,            ,            ,            ,            ,            ,            ,            ,            ,            ,            ,            ,   19724.578,       0.742,            ,            ,            ,            ,            ,            ,            ,            ,            ,            ,            ,            ,            ,            ,            ,            ,   20075.621,       1.063,            ,            ,            ,            ,            ,            ,            ,
                              ,   19282.483,       1.078,            ,            ,            ,            ,            ,            ,            ,            ,            ,            ,            ,            ,            ,            ,            ,            ,            ,            ,            ,            ,            ,            ,            ,            ,            ,   19725.301,       0.723,            ,            ,            ,            ,            ,            ,            ,            ,            ,            ,            ,            ,            ,            ,            ,            ,   20076.626,       1.005,            ,            ,            ,            ,            ,            ,            ,
                              ,   19283.571,       1.088,            ,            ,            ,            ,            ,            ,            ,            ,            ,            ,            ,            ,            ,            ,            ,            ,            ,            ,            ,            ,            ,            ,            ,            ,            ,   19726.003,       0.702,            ,            ,            ,            ,            ,            ,            ,            ,            ,            ,            ,            ,            ,            ,            ,            ,   20077.649,       1.023,            ,            ,            ,            ,            ,            ,            ,
                              ,   19284.647,       1.076,            ,            ,            ,            ,            ,            ,            ,            ,            ,            ,            ,            ,            ,            ,            ,            ,            ,            ,            ,            ,            ,            ,            ,            ,            ,   19726.688,       0.685,            ,            ,            ,            ,            ,            ,            ,            ,            ,            ,            ,            ,            ,            ,            ,            ,   20078.731,       1.082,            ,            ,            ,            ,            ,            ,            ,
                              ,   19285.745,       1.098,            ,            ,            ,            ,            ,            ,            ,            ,            ,            ,            ,            ,            ,            ,            ,            ,            ,            ,            ,            ,            ,            ,            ,            ,            ,   19727.367,       0.679,            ,            ,            ,            ,            ,            ,            ,            ,            ,            ,            ,            ,            ,            ,            ,            ,   20079.858,       1.127,            ,            ,            ,            ,            ,            ,            ,
                              ,   19286.858,       1.113,            ,            ,            ,            ,            ,            ,            ,            ,            ,            ,            ,            ,            ,            ,            ,            ,            ,            ,            ,            ,            ,            ,            ,            ,            ,   19728.045,       0.678,            ,            ,            ,            ,            ,            ,            ,            ,            ,            ,            ,            ,            ,            ,            ,            ,   20080.996,       1.138,            ,            ,            ,            ,            ,            ,            ,
                              ,   19288.037,       1.179,            ,            ,            ,            ,            ,            ,            ,            ,            ,            ,            ,            ,            ,            ,            ,            ,            ,            ,            ,            ,            ,            ,            ,            ,            ,   19728.733,       0.688,            ,            ,            ,            ,            ,            ,            ,            ,            ,            ,            ,            ,            ,            ,            ,            ,   20082.061,       1.065,            ,            ,            ,            ,            ,            ,            ,
                              ,   19289.230,       1.193,            ,            ,            ,            ,            ,            ,            ,            ,            ,            ,            ,            ,            ,            ,            ,            ,            ,            ,            ,            ,            ,            ,            ,            ,            ,   19729.457,       0.724,            ,            ,            ,            ,            ,            ,            ,            ,            ,            ,            ,            ,            ,            ,            ,            ,   20083.101,       1.040,            ,            ,            ,            ,            ,            ,            ,
                              ,   19290.400,       1.170,            ,            ,            ,            ,            ,            ,            ,            ,            ,            ,            ,            ,            ,            ,            ,            ,            ,            ,            ,            ,            ,            ,            ,            ,            ,   19730.216,       0.759,            ,            ,            ,            ,            ,            ,            ,            ,            ,            ,            ,            ,            ,            ,            ,            ,   20084.077,       0.976,            ,            ,            ,            ,            ,            ,            ,
                              ,   19291.509,       1.109,            ,            ,            ,            ,            ,            ,            ,            ,            ,            ,            ,            ,            ,            ,            ,            ,            ,            ,            ,            ,            ,            ,            ,            ,            ,   19731.066,       0.850,            ,            ,            ,            ,            ,            ,            ,            ,            ,            ,            ,            ,            ,            ,            ,            ,   20085.067,       0.990,            ,            ,            ,            ,            ,            ,            ,
                              ,   19292.606,       1.097,            ,            ,            ,            ,            ,            ,            ,            ,            ,            ,            ,            ,            ,            ,            ,            ,            ,            ,            ,            ,            ,            ,            ,            ,            ,   19731.957,       0.891,            ,            ,            ,            ,            ,            ,            ,            ,            ,            ,            ,            ,            ,            ,            ,            ,   20086.101,       1.034,            ,            ,            ,            ,            ,            ,            ,
                              ,   19293.710,       1.104,            ,            ,            ,            ,            ,            ,            ,            ,            ,            ,            ,            ,            ,            ,            ,            ,            ,            ,            ,            ,            ,            ,            ,            ,            ,   19732.874,       0.917,            ,            ,            ,            ,            ,            ,            ,            ,            ,            ,            ,            ,            ,            ,            ,            ,   20087.173,       1.072,            ,            ,            ,            ,            ,            ,            ,
                              ,   19294.811,       1.101,            ,            ,            ,            ,            ,            ,            ,            ,            ,            ,            ,            ,            ,            ,            ,            ,            ,            ,            ,            ,            ,            ,            ,            ,            ,   19733.818,       0.944,            ,            ,            ,            ,            ,            ,            ,            ,            ,            ,            ,            ,            ,            ,            ,            ,   20088.304,       1.131,            ,            ,            ,            ,            ,            ,            ,
                              ,   19295.889,       1.078,            ,            ,            ,            ,            ,            ,            ,            ,            ,            ,            ,            ,            ,            ,            ,            ,            ,            ,            ,            ,            ,            ,            ,            ,            ,   19734.747,       0.929,            ,            ,            ,            ,            ,            ,            ,            ,            ,            ,            ,            ,            ,            ,            ,            ,   20089.384,       1.080,            ,            ,            ,            ,            ,            ,            ,
                              ,   19296.988,       1.099,            ,            ,            ,            ,            ,            ,            ,            ,            ,            ,            ,            ,            ,            ,            ,            ,            ,            ,            ,            ,            ,            ,            ,            ,            ,   19735.670,       0.923,            ,            ,            ,            ,            ,            ,            ,            ,            ,            ,            ,            ,            ,            ,            ,            ,   20090.437,       1.053,            ,            ,            ,            ,            ,            ,            ,
                              ,   19298.133,       1.145,            ,            ,            ,            ,            ,            ,            ,            ,            ,            ,            ,            ,            ,            ,            ,            ,            ,            ,            ,            ,            ,            ,            ,            ,            ,   19736.582,       0.912,            ,            ,            ,            ,            ,            ,            ,            ,            ,            ,            ,            ,            ,            ,            ,            ,   20091.471,       1.034,            ,            ,            ,            ,            ,            ,            ,
                              ,   19299.308,       1.175,            ,            ,            ,            ,            ,            ,            ,            ,            ,            ,            ,            ,            ,            ,            ,            ,            ,            ,            ,            ,            ,            ,            ,            ,            ,   19737.469,       0.887,            ,            ,            ,            ,            ,            ,            ,            ,            ,            ,            ,            ,            ,            ,            ,            ,   20092.464,       0.993,            ,            ,            ,            ,            ,            ,            ,
                              ,   19300.505,       1.197,            ,            ,            ,            ,            ,            ,            ,            ,            ,            ,            ,            ,            ,            ,            ,            ,            ,            ,            ,            ,            ,            ,            ,            ,            ,   19738.323,       0.854,            ,            ,            ,            ,            ,            ,            ,            ,            ,            ,            ,            ,            ,            ,            ,            ,   20093.513,       1.049,            ,            ,            ,            ,            ,            ,            ,
                              ,   19301.687,       1.182,            ,            ,            ,            ,            ,            ,            ,            ,            ,            ,            ,            ,            ,            ,            ,            ,            ,            ,            ,            ,            ,            ,            ,            ,            ,   19739.161,       0.838,            ,            ,            ,            ,            ,            ,            ,            ,            ,            ,            ,            ,            ,            ,            ,            ,   20094.629,       1.116,            ,            ,            ,            ,            ,            ,            ,
                              ,   19302.844,       1.157,            ,            ,            ,            ,            ,            ,            ,            ,            ,            ,            ,            ,            ,            ,            ,            ,            ,            ,            ,            ,            ,            ,            ,            ,            ,   19739.993,       0.832,            ,            ,            ,            ,            ,            ,            ,            ,            ,            ,            ,            ,            ,            ,            ,            ,   20095.752,       1.123,            ,            ,            ,            ,            ,            ,            ,
                              ,   19304.004,       1.160,            ,            ,            ,            ,            ,            ,            ,            ,            ,            ,            ,            ,            ,            ,            ,            ,            ,            ,            ,            ,            ,            ,            ,            ,            ,   19740.858,       0.865,            ,            ,            ,            ,            ,            ,            ,            ,            ,            ,            ,            ,            ,            ,            ,            ,   20096.820,       1.068,            ,            ,            ,            ,            ,            ,            ,
                              ,   19305.130,       1.126,            ,            ,            ,            ,            ,            ,            ,            ,            ,            ,            ,            ,            ,            ,            ,            ,            ,            ,            ,            ,            ,            ,            ,            ,            ,   19741.734,       0.876,            ,            ,            ,            ,            ,            ,            ,            ,            ,            ,            ,            ,            ,            ,            ,            ,   20097.850,       1.030,            ,            ,            ,            ,            ,            ,            ,
                              ,   19306.221,       1.091,            ,            ,            ,            ,            ,            ,            ,            ,            ,            ,            ,            ,            ,            ,            ,            ,            ,            ,            ,            ,            ,            ,            ,            ,            ,   19742.627,       0.893,            ,            ,            ,            ,            ,            ,            ,            ,            ,            ,            ,            ,            ,            ,            ,            ,   20098.860,       1.010,            ,            ,            ,            ,            ,            ,            ,
                              ,   19307.329,       1.108,            ,            ,            ,            ,            ,            ,            ,            ,            ,            ,            ,            ,            ,            ,            ,            ,            ,            ,            ,            ,            ,            ,            ,            ,            ,   19743.527,       0.900,            ,            ,            ,            ,            ,            ,            ,            ,            ,            ,            ,            ,            ,            ,            ,            ,   20099.900,       1.040,            ,            ,            ,            ,            ,            ,            ,
                              ,   19308.484,       1.155,            ,            ,            ,            ,            ,            ,            ,            ,            ,            ,            ,            ,            ,            ,            ,            ,            ,            ,            ,            ,            ,            ,            ,            ,            ,   19744.435,       0.908,            ,            ,            ,            ,            ,            ,            ,            ,            ,            ,            ,            ,            ,            ,            ,            ,   20100.961,       1.061,            ,            ,            ,            ,            ,            ,            ,
                              ,   19309.635,       1.151,            ,            ,            ,            ,            ,            ,            ,            ,            ,            ,            ,            ,            ,            ,            ,            ,            ,            ,            ,            ,            ,            ,            ,            ,            ,   19745.302,       0.867,            ,            ,            ,            ,            ,            ,            ,            ,            ,            ,            ,            ,            ,            ,            ,            ,   20102.026,       1.065,            ,            ,            ,            ,            ,            ,            ,
                              ,   19310.839,       1.204,            ,            ,            ,            ,            ,            ,            ,            ,            ,            ,            ,            ,            ,            ,            ,            ,            ,            ,            ,            ,            ,            ,            ,            ,            ,   19746.133,       0.831,            ,            ,            ,            ,            ,            ,            ,            ,            ,            ,            ,            ,            ,            ,            ,            ,   20103.085,       1.059,            ,            ,            ,            ,            ,            ,            ,
                              ,   19312.041,       1.202,            ,            ,            ,            ,            ,            ,            ,            ,            ,            ,            ,            ,            ,            ,            ,            ,            ,            ,            ,            ,            ,            ,            ,            ,            ,   19746.935,       0.802,            ,            ,            ,            ,            ,            ,            ,            ,            ,            ,            ,            ,            ,            ,            ,            ,   20104.084,       0.999,            ,            ,            ,            ,            ,            ,            ,
                              ,   19313.249,       1.208,            ,            ,            ,            ,            ,            ,            ,            ,            ,            ,            ,            ,            ,            ,            ,            ,            ,            ,            ,            ,            ,            ,            ,            ,            ,   19747.714,       0.779,            ,            ,            ,            ,            ,            ,            ,            ,            ,            ,            ,            ,            ,            ,            ,            ,   20105.100,       1.016,            ,            ,            ,            ,            ,            ,            ,
                              ,   19314.405,       1.156,            ,            ,            ,            ,            ,            ,            ,            ,            ,            ,            ,            ,            ,            ,            ,            ,            ,            ,            ,            ,            ,            ,            ,            ,            ,   19748.485,       0.771,            ,            ,            ,            ,            ,            ,            ,            ,            ,            ,            ,            ,            ,            ,            ,            ,   20106.199,       1.099,            ,            ,            ,            ,            ,            ,            ,
                              ,   19315.505,       1.100,            ,            ,            ,            ,            ,            ,            ,            ,            ,            ,            ,            ,            ,            ,            ,            ,            ,            ,            ,            ,            ,            ,            ,            ,            ,   19749.250,       0.765,            ,            ,            ,            ,            ,            ,            ,            ,            ,            ,            ,            ,            ,            ,            ,            ,   20107.303,       1.104,            ,            ,            ,            ,            ,            ,            ,
                              ,   19316.601,       1.096,            ,            ,            ,            ,            ,            ,            ,            ,            ,            ,            ,            ,            ,            ,            ,            ,            ,            ,            ,            ,            ,            ,            ,            ,            ,   19750.016,       0.766,            ,            ,            ,            ,            ,            ,            ,            ,            ,            ,            ,            ,            ,            ,            ,            ,   20108.336,       1.033,            ,            ,            ,            ,            ,            ,            ,
                              ,   19317.671,       1.070,            ,            ,            ,            ,            ,            ,            ,            ,            ,            ,            ,            ,            ,            ,            ,            ,            ,            ,            ,            ,            ,            ,            ,            ,            ,   19750.802,       0.786,            ,            ,            ,            ,            ,            ,            ,            ,            ,            ,            ,            ,            ,            ,            ,            ,   20109.404,       1.068,            ,            ,            ,            ,            ,            ,            ,
                              ,   19318.764,       1.093,            ,            ,            ,            ,            ,            ,            ,            ,            ,            ,            ,            ,            ,            ,            ,            ,            ,            ,            ,            ,            ,            ,            ,            ,            ,   19751.614,       0.812,            ,            ,            ,            ,            ,            ,            ,            ,            ,            ,            ,            ,            ,            ,            ,            ,   20110.513,       1.109,            ,            ,            ,            ,            ,            ,            ,
                              ,   19319.882,       1.118,            ,            ,            ,            ,            ,            ,            ,            ,            ,            ,            ,            ,            ,            ,            ,            ,            ,            ,            ,            ,            ,            ,            ,            ,            ,   19752.421,       0.807,            ,            ,            ,            ,            ,            ,            ,            ,            ,            ,            ,            ,            ,            ,            ,            ,   20111.549,       1.036,            ,            ,            ,            ,            ,            ,            ,
                              ,   19321.058,       1.176,            ,            ,            ,            ,            ,            ,            ,            ,            ,            ,            ,            ,            ,            ,            ,            ,            ,            ,            ,            ,            ,            ,            ,            ,            ,            ,            ,            ,            ,            ,            ,            ,            ,            ,            ,            ,            ,            ,            ,            ,            ,            ,            ,   20112.549,       1.000,            ,            ,            ,            ,            ,            ,            ,
                              ,   19322.260,       1.202,            ,            ,            ,            ,            ,            ,            ,            ,            ,            ,            ,            ,            ,            ,            ,            ,            ,            ,            ,            ,            ,            ,            ,            ,            ,            ,            ,            ,            ,            ,            ,            ,            ,            ,            ,            ,            ,            ,            ,            ,            ,            ,            ,   20113.588,       1.039,            ,            ,            ,            ,            ,            ,            ,
                              ,   19323.454,       1.194,            ,            ,            ,            ,            ,            ,            ,            ,            ,            ,            ,            ,            ,            ,            ,            ,            ,            ,            ,            ,            ,            ,            ,            ,            ,            ,            ,            ,            ,            ,            ,            ,            ,            ,            ,            ,            ,            ,            ,            ,            ,            ,            ,   20114.699,       1.111,            ,            ,            ,            ,            ,            ,            ,
                              ,   19324.641,       1.187,            ,            ,            ,            ,            ,            ,            ,            ,            ,            ,            ,            ,            ,            ,            ,            ,            ,            ,            ,            ,            ,            ,            ,            ,            ,            ,            ,            ,            ,            ,            ,            ,            ,            ,            ,            ,            ,            ,            ,            ,            ,            ,            ,   20115.771,       1.072,            ,            ,            ,            ,            ,            ,            ,
                              ,   19325.804,       1.163,            ,            ,            ,            ,            ,            ,            ,            ,            ,            ,            ,            ,            ,            ,            ,            ,            ,            ,            ,            ,            ,            ,            ,            ,            ,            ,            ,            ,            ,            ,            ,            ,            ,            ,            ,            ,            ,            ,            ,            ,            ,            ,            ,   20116.767,       0.996,            ,            ,            ,            ,            ,            ,            ,
                              ,   19326.934,       1.130,            ,            ,            ,            ,            ,            ,            ,            ,            ,            ,            ,            ,            ,            ,            ,            ,            ,            ,            ,            ,            ,            ,            ,            ,            ,            ,            ,            ,            ,            ,            ,            ,            ,            ,            ,            ,            ,            ,            ,            ,            ,            ,            ,   20117.791,       1.024,            ,            ,            ,            ,            ,            ,            ,
                              ,   19328.042,       1.108,            ,            ,            ,            ,            ,            ,            ,            ,            ,            ,            ,            ,            ,            ,            ,            ,            ,            ,            ,            ,            ,            ,            ,            ,            ,            ,            ,            ,            ,            ,            ,            ,            ,            ,            ,            ,            ,            ,            ,            ,            ,            ,            ,   20118.875,       1.084,            ,            ,            ,            ,            ,            ,            ,
                              ,   19329.150,       1.108,            ,            ,            ,            ,            ,            ,            ,            ,            ,            ,            ,            ,            ,            ,            ,            ,            ,            ,            ,            ,            ,            ,            ,            ,            ,            ,            ,            ,            ,            ,            ,            ,            ,            ,            ,            ,            ,            ,            ,            ,            ,            ,            ,   20119.936,       1.061,            ,            ,            ,            ,            ,            ,            ,
                              ,   19330.271,       1.121,            ,            ,            ,            ,            ,            ,            ,            ,            ,            ,            ,            ,            ,            ,            ,            ,            ,            ,            ,            ,            ,            ,            ,            ,            ,            ,            ,            ,            ,            ,            ,            ,            ,            ,            ,            ,            ,            ,            ,            ,            ,            ,            ,   20120.986,       1.050,            ,            ,            ,            ,            ,            ,            ,
                              ,   19331.431,       1.160,            ,            ,            ,            ,            ,            ,            ,            ,            ,            ,            ,            ,            ,            ,            ,            ,            ,            ,            ,            ,            ,            ,            ,            ,            ,            ,            ,            ,            ,            ,            ,            ,            ,            ,            ,            ,            ,            ,            ,            ,            ,            ,            ,   20122.098,       1.112,            ,            ,            ,            ,            ,            ,            ,
                              ,   19332.614,       1.183,            ,            ,            ,            ,            ,            ,            ,            ,            ,            ,            ,            ,            ,            ,            ,            ,            ,            ,            ,            ,            ,            ,            ,            ,            ,            ,            ,            ,            ,            ,            ,            ,            ,            ,            ,            ,            ,            ,            ,            ,            ,            ,            ,   20123.183,       1.085,            ,            ,            ,            ,            ,            ,            ,
                              ,   19333.843,       1.229,            ,            ,            ,            ,            ,            ,            ,            ,            ,            ,            ,            ,            ,            ,            ,            ,            ,            ,            ,            ,            ,            ,            ,            ,            ,            ,            ,            ,            ,            ,            ,            ,            ,            ,            ,            ,            ,            ,            ,            ,            ,            ,            ,   20124.200,       1.017,            ,            ,            ,            ,            ,            ,            ,
                              ,   19335.029,       1.186,            ,            ,            ,            ,            ,            ,            ,            ,            ,            ,            ,            ,            ,            ,            ,            ,            ,            ,            ,            ,            ,            ,            ,            ,            ,            ,            ,            ,            ,            ,            ,            ,            ,            ,            ,            ,            ,            ,            ,            ,            ,            ,            ,   20125.185,       0.985,            ,            ,            ,            ,            ,            ,            ,
                              ,   19336.185,       1.156,            ,            ,            ,            ,            ,            ,            ,            ,            ,            ,            ,            ,            ,            ,            ,            ,            ,            ,            ,            ,            ,            ,            ,            ,            ,            ,            ,            ,            ,            ,            ,            ,            ,            ,            ,            ,            ,            ,            ,            ,            ,            ,            ,   20126.233,       1.048,            ,            ,            ,            ,            ,            ,            ,
                              ,   19337.331,       1.146,            ,            ,            ,            ,            ,            ,            ,            ,            ,            ,            ,            ,            ,            ,            ,            ,            ,            ,            ,            ,            ,            ,            ,            ,            ,            ,            ,            ,            ,            ,            ,            ,            ,            ,            ,            ,            ,            ,            ,            ,            ,            ,            ,   20127.287,       1.054,            ,            ,            ,            ,            ,            ,            ,
                              ,   19338.438,       1.107,            ,            ,            ,            ,            ,            ,            ,            ,            ,            ,            ,            ,            ,            ,            ,            ,            ,            ,            ,            ,            ,            ,            ,            ,            ,            ,            ,            ,            ,            ,            ,            ,            ,            ,            ,            ,            ,            ,            ,            ,            ,            ,            ,   20128.291,       1.004,            ,            ,            ,            ,            ,            ,            ,
                              ,   19339.556,       1.118,            ,            ,            ,            ,            ,            ,            ,            ,            ,            ,            ,            ,            ,            ,            ,            ,            ,            ,            ,            ,            ,            ,            ,            ,            ,            ,            ,            ,            ,            ,            ,            ,            ,            ,            ,            ,            ,            ,            ,            ,            ,            ,            ,   20129.381,       1.090,            ,            ,            ,            ,            ,            ,            ,
                              ,   19340.673,       1.117,            ,            ,            ,            ,            ,            ,            ,            ,            ,            ,            ,            ,            ,            ,            ,            ,            ,            ,            ,            ,            ,            ,            ,            ,            ,            ,            ,            ,            ,            ,            ,            ,            ,            ,            ,            ,            ,            ,            ,            ,            ,            ,            ,   20130.491,       1.110,            ,            ,            ,            ,            ,            ,            ,
                              ,   19341.826,       1.153,            ,            ,            ,            ,            ,            ,            ,            ,            ,            ,            ,            ,            ,            ,            ,            ,            ,            ,            ,            ,            ,            ,            ,            ,            ,            ,            ,            ,            ,            ,            ,            ,            ,            ,            ,            ,            ,            ,            ,            ,            ,            ,            ,   20131.550,       1.059,            ,            ,            ,            ,            ,            ,            ,
                              ,   19342.969,       1.143,            ,            ,            ,            ,            ,            ,            ,            ,            ,            ,            ,            ,            ,            ,            ,            ,            ,            ,            ,            ,            ,            ,            ,            ,            ,            ,            ,            ,            ,            ,            ,            ,            ,            ,            ,            ,            ,            ,            ,            ,            ,            ,            ,   20132.547,       0.997,            ,            ,            ,            ,            ,            ,            ,
                              ,   19344.115,       1.146,            ,            ,            ,            ,            ,            ,            ,            ,            ,            ,            ,            ,            ,            ,            ,            ,            ,            ,            ,            ,            ,            ,            ,            ,            ,            ,            ,            ,            ,            ,            ,            ,            ,            ,            ,            ,            ,            ,            ,            ,            ,            ,            ,   20133.583,       1.036,            ,            ,            ,            ,            ,            ,            ,
                              ,   19345.220,       1.105,            ,            ,            ,            ,            ,            ,            ,            ,            ,            ,            ,            ,            ,            ,            ,            ,            ,            ,            ,            ,            ,            ,            ,            ,            ,            ,            ,            ,            ,            ,            ,            ,            ,            ,            ,            ,            ,            ,            ,            ,            ,            ,            ,   20134.647,       1.064,            ,            ,            ,            ,            ,            ,            ,
                              ,   19346.315,       1.095,            ,            ,            ,            ,            ,            ,            ,            ,            ,            ,            ,            ,            ,            ,            ,            ,            ,            ,            ,            ,            ,            ,            ,            ,            ,            ,            ,            ,            ,            ,            ,            ,            ,            ,            ,            ,            ,            ,            ,            ,            ,            ,            ,   20135.651,       1.004,            ,            ,            ,            ,            ,            ,            ,
                              ,   19347.436,       1.121,            ,            ,            ,            ,            ,            ,            ,            ,            ,            ,            ,            ,            ,            ,            ,            ,            ,            ,            ,            ,            ,            ,            ,            ,            ,            ,            ,            ,            ,            ,            ,            ,            ,            ,            ,            ,            ,            ,            ,            ,            ,            ,            ,   20136.672,       1.021,            ,            ,            ,            ,            ,            ,            ,
                              ,   19348.608,       1.172,            ,            ,            ,            ,            ,            ,            ,            ,            ,            ,            ,            ,            ,            ,            ,            ,            ,            ,            ,            ,            ,            ,            ,            ,            ,            ,            ,            ,            ,            ,            ,            ,            ,            ,            ,            ,            ,            ,            ,            ,            ,            ,            ,   20137.748,       1.076,            ,            ,            ,            ,            ,            ,            ,
                              ,   19349.785,       1.177,            ,            ,            ,            ,            ,            ,            ,            ,            ,            ,            ,            ,            ,            ,            ,            ,            ,            ,            ,            ,            ,            ,            ,            ,            ,            ,            ,            ,            ,            ,            ,            ,            ,            ,            ,            ,            ,            ,            ,            ,            ,            ,            ,   20138.774,       1.026,            ,            ,            ,            ,            ,            ,            ,
                              ,   19350.885,       1.100,            ,            ,            ,            ,            ,            ,            ,            ,            ,            ,            ,            ,            ,            ,            ,            ,            ,            ,            ,            ,            ,            ,            ,            ,            ,            ,            ,            ,            ,            ,            ,            ,            ,            ,            ,            ,            ,            ,            ,            ,            ,            ,            ,   20139.761,       0.987,            ,            ,            ,            ,            ,            ,            ,
                              ,   19351.969,       1.084,            ,            ,            ,            ,            ,            ,            ,            ,            ,            ,            ,            ,            ,            ,            ,            ,            ,            ,            ,            ,            ,            ,            ,            ,            ,            ,            ,            ,            ,            ,            ,            ,            ,            ,            ,            ,            ,            ,            ,            ,            ,            ,            ,   20140.808,       1.047,            ,            ,            ,            ,            ,            ,            ,
                              ,   19353.089,       1.120,            ,            ,            ,            ,            ,            ,            ,            ,            ,            ,            ,            ,            ,            ,            ,            ,            ,            ,            ,            ,            ,            ,            ,            ,            ,            ,            ,            ,            ,            ,            ,            ,            ,            ,            ,            ,            ,            ,            ,            ,            ,            ,            ,   20141.804,       0.996,            ,            ,            ,            ,            ,            ,            ,
                              ,   19354.249,       1.160,            ,            ,            ,            ,            ,            ,            ,            ,            ,            ,            ,            ,            ,            ,            ,            ,            ,            ,            ,            ,            ,            ,            ,            ,            ,            ,            ,            ,            ,            ,            ,            ,            ,            ,            ,            ,            ,            ,            ,            ,            ,            ,            ,   20142.770,       0.966,            ,            ,            ,            ,            ,            ,            ,
                              ,   19355.391,       1.142,            ,            ,            ,            ,            ,            ,            ,            ,            ,            ,            ,            ,            ,            ,            ,            ,            ,            ,            ,            ,            ,            ,            ,            ,            ,            ,            ,            ,            ,            ,            ,            ,            ,            ,            ,            ,            ,            ,            ,            ,            ,            ,            ,   20143.758,       0.988,            ,            ,            ,            ,            ,            ,            ,
                              ,   19356.519,       1.128,            ,            ,            ,            ,            ,            ,            ,            ,            ,            ,            ,            ,            ,            ,            ,            ,            ,            ,            ,            ,            ,            ,            ,            ,            ,            ,            ,            ,            ,            ,            ,            ,            ,            ,            ,            ,            ,            ,            ,            ,            ,            ,            ,   20144.773,       1.015,            ,            ,            ,            ,            ,            ,            ,
                              ,   19357.640,       1.121,            ,            ,            ,            ,            ,            ,            ,            ,            ,            ,            ,            ,            ,            ,            ,            ,            ,            ,            ,            ,            ,            ,            ,            ,            ,            ,            ,            ,            ,            ,            ,            ,            ,            ,            ,            ,            ,            ,            ,            ,            ,            ,            ,   20145.757,       0.984,            ,            ,            ,            ,            ,            ,            ,
                              ,   19358.788,       1.148,            ,            ,            ,            ,            ,            ,            ,            ,            ,            ,            ,            ,            ,            ,            ,            ,            ,            ,            ,            ,            ,            ,            ,            ,            ,            ,            ,            ,            ,            ,            ,            ,            ,            ,            ,            ,            ,            ,            ,            ,            ,            ,            ,   20146.728,       0.971,            ,            ,            ,            ,            ,            ,            ,
                              ,   19359.954,       1.166,            ,            ,            ,            ,            ,            ,            ,            ,            ,            ,            ,            ,            ,            ,            ,            ,            ,            ,            ,            ,            ,            ,            ,            ,            ,            ,            ,            ,            ,            ,            ,            ,            ,            ,            ,            ,            ,            ,            ,            ,            ,            ,            ,   20147.739,       1.011,            ,            ,            ,            ,            ,            ,            ,
                              ,   19361.151,       1.197,            ,            ,            ,            ,            ,            ,            ,            ,            ,            ,            ,            ,            ,            ,            ,            ,            ,            ,            ,            ,            ,            ,            ,            ,            ,            ,            ,            ,            ,            ,            ,            ,            ,            ,            ,            ,            ,            ,            ,            ,            ,            ,            ,   20148.746,       1.007,            ,            ,            ,            ,            ,            ,            ,
                              ,   19362.311,       1.160,            ,            ,            ,            ,            ,            ,            ,            ,            ,            ,            ,            ,            ,            ,            ,            ,            ,            ,            ,            ,            ,            ,            ,            ,            ,            ,            ,            ,            ,            ,            ,            ,            ,            ,            ,            ,            ,            ,            ,            ,            ,            ,            ,   20149.730,       0.984,            ,            ,            ,            ,            ,            ,            ,
                              ,   19363.442,       1.131,            ,            ,            ,            ,            ,            ,            ,            ,            ,            ,            ,            ,            ,            ,            ,            ,            ,            ,            ,            ,            ,            ,            ,            ,            ,            ,            ,            ,            ,            ,            ,            ,            ,            ,            ,            ,            ,            ,            ,            ,            ,            ,            ,   20150.771,       1.041,            ,            ,            ,            ,            ,            ,            ,
                              ,   19364.549,       1.107,            ,            ,            ,            ,            ,            ,            ,            ,            ,            ,            ,            ,            ,            ,            ,            ,            ,            ,            ,            ,            ,            ,            ,            ,            ,            ,            ,            ,            ,            ,            ,            ,            ,            ,            ,            ,            ,            ,            ,            ,            ,            ,            ,   20151.872,       1.101,            ,            ,            ,            ,            ,            ,            ,
                              ,   19365.625,       1.076,            ,            ,            ,            ,            ,            ,            ,            ,            ,            ,            ,            ,            ,            ,            ,            ,            ,            ,            ,            ,            ,            ,            ,            ,            ,            ,            ,            ,            ,            ,            ,            ,            ,            ,            ,            ,            ,            ,            ,            ,            ,            ,            ,   20152.869,       0.997,            ,            ,            ,            ,            ,            ,            ,
                              ,   19366.711,       1.086,            ,            ,            ,            ,            ,            ,            ,            ,            ,            ,            ,            ,            ,            ,            ,            ,            ,            ,            ,            ,            ,            ,            ,            ,            ,            ,            ,            ,            ,            ,            ,            ,            ,            ,            ,            ,            ,            ,            ,            ,            ,            ,            ,   20154.130,       1.083,            ,            ,            ,            ,            ,            ,            ,
                              ,   19367.817,       1.106,            ,            ,            ,            ,            ,            ,            ,            ,            ,            ,            ,            ,            ,            ,            ,            ,            ,            ,            ,            ,            ,            ,            ,            ,            ,            ,            ,            ,            ,            ,            ,            ,            ,            ,            ,            ,            ,            ,            ,            ,            ,            ,            ,   20155.313,       1.183,            ,            ,            ,            ,            ,            ,            ,
                              ,   19368.962,       1.145,            ,            ,            ,            ,            ,            ,            ,            ,            ,            ,            ,            ,            ,            ,            ,            ,            ,            ,            ,            ,            ,            ,            ,            ,            ,            ,            ,            ,            ,            ,            ,            ,            ,            ,            ,            ,            ,            ,            ,            ,            ,            ,            ,   20156.410,       1.097,            ,            ,            ,            ,            ,            ,            ,
                              ,   19370.166,       1.204,            ,            ,            ,            ,            ,            ,            ,            ,            ,            ,            ,            ,            ,            ,            ,            ,            ,            ,            ,            ,            ,            ,            ,            ,            ,            ,            ,            ,            ,            ,            ,            ,            ,            ,            ,            ,            ,            ,            ,            ,            ,            ,            ,   20157.488,       1.078,            ,            ,            ,            ,            ,            ,            ,
                              ,   19371.342,       1.176,            ,            ,            ,            ,            ,            ,            ,            ,            ,            ,            ,            ,            ,            ,            ,            ,            ,            ,            ,            ,            ,            ,            ,            ,            ,            ,            ,            ,            ,            ,            ,            ,            ,            ,            ,            ,            ,            ,            ,            ,            ,            ,            ,   20158.472,       0.984,            ,            ,            ,            ,            ,            ,            ,
                              ,   19372.488,       1.146,            ,            ,            ,            ,            ,            ,            ,            ,            ,            ,            ,            ,            ,            ,            ,            ,            ,            ,            ,            ,            ,            ,            ,            ,            ,            ,            ,            ,            ,            ,            ,            ,            ,            ,            ,            ,            ,            ,            ,            ,            ,            ,            ,            ,            ,            ,            ,            ,            ,            ,            ,            ,
                              ,   19373.588,       1.100,            ,            ,            ,            ,            ,            ,            ,            ,            ,            ,            ,            ,            ,            ,            ,            ,            ,            ,            ,            ,            ,            ,            ,            ,            ,            ,            ,            ,            ,            ,            ,            ,            ,            ,            ,            ,            ,            ,            ,            ,            ,            ,            ,            ,            ,            ,            ,            ,            ,            ,            ,            ,
                              ,   19374.655,       1.067,            ,            ,            ,            ,            ,            ,            ,            ,            ,            ,            ,            ,            ,            ,            ,            ,            ,            ,            ,            ,            ,            ,            ,            ,            ,            ,            ,            ,            ,            ,            ,            ,            ,            ,            ,            ,            ,            ,            ,            ,            ,            ,            ,            ,            ,            ,            ,            ,            ,            ,            ,            ,
                              ,   19375.741,       1.086,            ,            ,            ,            ,            ,            ,            ,            ,            ,            ,            ,            ,            ,            ,            ,            ,            ,            ,            ,            ,            ,            ,            ,            ,            ,            ,            ,            ,            ,            ,            ,            ,            ,            ,            ,            ,            ,            ,            ,            ,            ,            ,            ,            ,            ,            ,            ,            ,            ,            ,            ,            ,


