sep=,
HRV ANALYSIS RESULTS - 02-Sep-2026 08:01:41
Kubios HRV Scientific Lite
4.3.0
released in March 2026

Analyzed by:  -  - 

File name: /Users/apc939/Downloads/24208073429_ACTIVITY.fit
Measurement date: 02.09.2026 05:13:16
File type: FIT
Channel label: RR data
Data length: 00:20:07 (h:min:s)
Measurement rate: - 

Parameters
 Number of samples: 6
 Detrending method: Smoothn priors (lambda: 500)
 Min/Max HR as average of: 5 beats
 Threshold for NNxx/pNNxx: 50 ms
 Frequency bands
  VLF: 0 - 0.04 Hz
  LF: 0.04 - 0.15 Hz
  HF: 0.15 - 0.4 Hz
 Interpolation rate: 4 Hz
 Points in frequency-domain: 300 points/Hz
 FFT spectrum options
  Window width: 300 s
  Window overlap: 50 %
 AR spectrum options
  AR model order: 16
  Use factorization: No
 Apply detrending for nonlinear analysis: 1
 Entropy, embedding dimension: 2
 Entropy, tolerance: 0.2 x SD
 DFA, short-term fluctuations: 4-12 beats
 DFA, long-term fluctuations: 13-64 beats

RR Interval Samples Selected for Analysis
                              ,       DS(1),     RC10(2),     RC12(3),      ORT(4),     RUFF(5),      REC(6),
  Sample limits (hh:mm:ss):   ,05:13:16-05:20:17,05:20:18-05:21:17,05:21:18-05:22:18,05:22:19-05:26:25,05:26:25-05:27:10,05:27:11-05:33:23,
  Sample Analysis Type: Single samples
  Beat correction: Threshold (medium)
  Beats total:                ,         390,          53,          53,         307,          67,         416,
  Beats corrected:            ,           5,           0,           0,           0,           6,           2,
  Beats corrected (%):        ,        1.28,           0,           0,           0,        8.96,       0.481,
  Effective data length (s):  ,         420,          60,          60,         246,          44,         372,
  Effective data length (%):  ,      100.00,      100.00,      100.00,      100.00,       97.73,      100.00,


RESULTS FOR SINGLE SAMPLES
                              ,       DS(1),            ,     RC10(2),            ,     RC12(3),            ,      ORT(4),            ,     RUFF(5),            ,      REC(6),            ,
Results Overview              ,
  PNS index:                  ,      0.7402,            ,      1.1710,            ,      0.8040,            ,     -1.1643,            ,     -2.3463,            ,      0.0104,            ,
  SNS index:                  ,     -1.2050,            ,     -0.6804,            ,     -0.8492,            ,      0.8730,            ,      4.6066,            ,     -0.2187,            ,
  Stress index:               ,      4.8835,            ,     10.8143,            ,      8.6960,            ,     10.4480,            ,     26.2410,            ,      7.4509,            ,

Time-Domain Results           ,
 Statistical parameters       ,
  Mean RR  (ms):              ,   1076.5992,            ,   1134.5660,            ,   1103.5472,            ,    804.4202,            ,    642.2135,            ,    892.8402,            ,
  SDNN (ms):                  ,     82.6168,            ,     42.1324,            ,     45.1123,            ,     45.7999,            ,     19.0651,            ,     50.7360,            ,
  Mean HR (beats/min):        ,     55.7310,            ,     52.8837,            ,     54.3701,            ,     74.5879,            ,     93.4269,            ,     67.2013,            ,
  SD HR (beats/min):          ,      4.4072,            ,      1.9590,            ,      2.2023,            ,      4.2129,            ,      2.7726,            ,      3.8389,            ,
  Min HR (beats/min):         ,     46.7435,            ,     50.1253,            ,     51.2996,            ,     58.9044,            ,     70.7714,            ,     50.4626,            ,
  Max HR (beats/min):         ,     69.2436,            ,     56.3698,            ,     57.1973,            ,     92.6498,            ,    106.9675,            ,    107.8361,            ,
  RMSSD (ms):                 ,     48.5550,            ,     47.0285,            ,     40.8966,            ,     23.7197,            ,      8.5987,            ,     46.8591,            ,
  NNxx (beats):               ,          85,            ,          14,            ,          11,            ,          13,            ,           0,            ,          85,            ,
  pNNxx (%):                  ,     21.8509,            ,     26.9231,            ,     21.1538,            ,      4.2484,            ,      0.0000,            ,     20.4819,            ,
  SDANN (ms):                 ,         NaN,            ,         NaN,            ,         NaN,            ,         NaN,            ,         NaN,            ,         NaN,            ,
  SDNN index (ms):            ,         NaN,            ,         NaN,            ,         NaN,            ,         NaN,            ,         NaN,            ,         NaN,            ,
 Geometric parameters         ,
  RR tri index:               ,   19.500000,            ,    7.571429,            ,    6.625000,            ,   11.370370,            ,    3.941176,            ,   11.555556,            ,
  TINN (ms):                  ,    417.0000,            ,    155.0000,            ,    184.0000,            ,    221.0000,            ,     66.0000,            ,    271.0000,            ,

Frequency-Domain Results      ,FFT spectrum, AR spectrum,FFT spectrum, AR spectrum,FFT spectrum, AR spectrum,FFT spectrum, AR spectrum,FFT spectrum, AR spectrum,FFT spectrum, AR spectrum,
 Peak frequencies             ,
  VLF (Hz):                   ,    0.036667,    0.040000,    0.040000,    0.003333,    0.040000,    0.026667,    0.036667,    0.040000,    0.033333,    0.033333,    0.030000,    0.040000,
  LF (Hz):                    ,    0.050000,    0.066667,    0.150000,    0.150000,    0.040000,    0.040000,    0.066667,    0.076667,    0.040000,    0.040000,    0.143333,    0.126667,
  HF (Hz):                    ,    0.180000,    0.150000,    0.163333,    0.163333,    0.200000,    0.200000,    0.150000,    0.150000,    0.266667,    0.150000,    0.153333,    0.150000,
 Absolute powers              ,
  VLF (ms^2):                 ,    968.5225,    951.6665,      3.7967,     74.7127,    272.5098,    620.2188,    132.6842,    280.5240,    267.0303,    161.7705,     18.3794,     91.4496,
  LF (ms^2):                  ,   5584.3677,   5377.5822,    429.3493,    353.8440,    408.0117,    555.6374,   1550.5748,   1751.4454,    169.9605,    116.6651,   2870.0266,   1859.4766,
  HF (ms^2):                  ,    271.8579,    392.8010,   1205.2640,   1079.9514,    637.1985,    747.2170,     81.9928,    124.5369,     21.5962,     16.0160,   1170.7086,    784.3242,
  VLF (log):                  ,      6.8758,      6.8582,      1.3341,      4.3136,      5.6077,      6.4301,      4.8880,      5.6367,      5.5874,      5.0862,      2.9112,      4.5158,
  LF (log):                   ,      8.6277,      8.5900,      6.0623,      5.8689,      6.0113,      6.3201,      7.3464,      7.4682,      5.1356,      4.7593,      7.9621,      7.5281,
  HF (log):                   ,      5.6053,      5.9733,      7.0945,      6.9847,      6.4571,      6.6164,      4.4066,      4.8246,      3.0725,      2.7736,      7.0654,      6.6648,
 Relative powers              ,
  VLF (%):                    ,     14.1911,     14.1569,      0.2317,      4.9514,     20.6689,     32.2461,      7.5163,     13.0076,     58.2257,     54.9341,      0.4528,      3.3431,
  LF (%):                     ,     81.8237,     79.9967,     26.1988,     23.4504,     30.9463,     28.8884,     87.8371,     81.2127,     37.0597,     39.6172,     70.7005,     67.9766,
  HF (%):                     ,      3.9833,      5.8433,     73.5449,     71.5718,     48.3293,     38.8489,      4.6447,      5.7746,      4.7090,      5.4387,     28.8393,     28.6724,
 Normalized powers            ,
  LF (n.u.):                  ,     95.3556,     93.1894,     26.2596,     24.6720,     39.0091,     42.6373,     94.9757,     93.3561,     88.7140,     87.9095,     71.0220,     70.3278,
  HF (n.u.):                  ,      4.6421,      6.8069,     73.7157,     75.3002,     60.9211,     57.3383,      5.0222,      6.6381,     11.2725,     12.0684,     28.9705,     29.6641,
 Total power (ms^2):          ,   6824.8818,   6722.2579,   1638.8144,   1508.9069,   1318.4504,   1923.3919,   1765.2854,   2156.6141,    458.6127,    294.4810,   4059.4174,   2735.4641,
 LF/HF ratio:                 ,     20.5415,     13.6903,      0.3562,      0.3276,      0.6403,      0.7436,     18.9111,     14.0637,      7.8699,      7.2843,      2.4515,      2.3708,


Nonlinear Results             ,
 Poincare plot                ,
  SD1 (ms):                   ,   34.377848,            ,   33.585004,            ,   29.291788,            ,   16.801050,            ,    6.143184,            ,   33.174743,            ,
  SD2 (ms):                   ,  111.499636,            ,   48.830873,            ,   53.219551,            ,   62.122770,            ,   26.048553,            ,   63.587258,            ,
  SD2/SD1 ratio:              ,    3.243357,            ,    1.453949,            ,    1.816876,            ,    3.697553,            ,    4.240237,            ,    1.916737,            ,
 Approximate entropy (ApEn):  ,      0.9490,            ,         NaN,            ,         NaN,            ,      0.7208,            ,      0.7257,            ,      0.9924,            ,
 Sample entropy (SampEn):     ,      1.1236,            ,         NaN,            ,         NaN,            ,      0.7476,            ,      1.6071,            ,      1.1638,            ,
 Detrended fluctuation analysis (DFA),
  alpha 1:                    ,      1.4868,            ,         NaN,            ,         NaN,            ,      1.4370,            ,      1.9071,            ,      1.0094,            ,
  alpha 2:                    ,      0.2298,            ,         NaN,            ,         NaN,            ,      0.5592,            ,      1.1458,            ,      0.1859,            ,


RR INTERVAL DATA and SPECTRUM ESTIMATES,
                              ,       DS(1),            ,            ,            ,            ,            ,            ,            ,            ,     RC10(2),            ,            ,            ,            ,            ,            ,            ,            ,     RC12(3),            ,            ,            ,            ,            ,            ,            ,            ,      ORT(4),            ,            ,            ,            ,            ,            ,            ,            ,     RUFF(5),            ,            ,            ,            ,            ,            ,            ,            ,      REC(6),            ,            ,            ,            ,            ,            ,            ,            ,
                              ,     RR Data,            ,FFT spectrum,            , AR Spectrum,            ,            ,            ,            ,     RR Data,            ,FFT spectrum,            , AR Spectrum,            ,            ,            ,            ,     RR Data,            ,FFT spectrum,            , AR Spectrum,            ,            ,            ,            ,     RR Data,            ,FFT spectrum,            , AR Spectrum,            ,            ,            ,            ,     RR Data,            ,FFT spectrum,            , AR Spectrum,            ,            ,            ,            ,     RR Data,            ,FFT spectrum,            , AR Spectrum,            ,            ,            ,            ,
                              ,        Time, RR interval,   Frequency,         PSD,   Frequency,         PSD,   VLF comp.,    LF comp.,    HF comp.,        Time, RR interval,   Frequency,         PSD,   Frequency,         PSD,   VLF comp.,    LF comp.,    HF comp.,        Time, RR interval,   Frequency,         PSD,   Frequency,         PSD,   VLF comp.,    LF comp.,    HF comp.,        Time, RR interval,   Frequency,         PSD,   Frequency,         PSD,   VLF comp.,    LF comp.,    HF comp.,        Time, RR interval,   Frequency,         PSD,   Frequency,         PSD,   VLF comp.,    LF comp.,    HF comp.,        Time, RR interval,   Frequency,         PSD,   Frequency,         PSD,   VLF comp.,    LF comp.,    HF comp.,
                              ,         (s),         (s),        (Hz),   (ms^2/Hz),        (Hz),   (ms^2/Hz),   (ms^2/Hz),   (ms^2/Hz),   (ms^2/Hz),         (s),         (s),        (Hz),   (ms^2/Hz),        (Hz),   (ms^2/Hz),   (ms^2/Hz),   (ms^2/Hz),   (ms^2/Hz),         (s),         (s),        (Hz),   (ms^2/Hz),        (Hz),   (ms^2/Hz),   (ms^2/Hz),   (ms^2/Hz),   (ms^2/Hz),         (s),         (s),        (Hz),   (ms^2/Hz),        (Hz),   (ms^2/Hz),   (ms^2/Hz),   (ms^2/Hz),   (ms^2/Hz),         (s),         (s),        (Hz),   (ms^2/Hz),        (Hz),   (ms^2/Hz),   (ms^2/Hz),   (ms^2/Hz),   (ms^2/Hz),         (s),         (s),        (Hz),   (ms^2/Hz),        (Hz),   (ms^2/Hz),   (ms^2/Hz),   (ms^2/Hz),   (ms^2/Hz),
                              ,   18797.169,       1.169,       0.000,     15.3569,       0.000,   9225.2086,            ,            ,            ,   19217.777,       1.192,       0.000,     26.7506,       0.000,   1006.9048,            ,            ,            ,   19278.925,       1.080,       0.000,   3181.6529,       0.000,   7561.9129,            ,            ,            ,   19338.659,       1.137,       0.000,   1002.9456,       0.000,   2960.7050,            ,            ,            ,   19585.328,       0.849,       0.000,   2355.8516,       0.000,   1759.7883,            ,            ,            ,   19630.903,       0.572,       0.000,      0.7474,       0.000,   1070.4461,            ,            ,            ,
                              ,   18798.312,       1.143,       0.003,      8.3267,       0.003,  18538.0973,            ,            ,            ,   19218.935,       1.158,       0.003,     61.1623,       0.003,   2011.1241,            ,            ,            ,   19279.968,       1.043,       0.003,   6242.0696,       0.003,  15159.3687,            ,            ,            ,   19339.726,       1.067,       0.003,    717.6870,       0.003,   5941.8984,            ,            ,            ,   19586.178,       0.850,       0.003,   4794.4546,       0.003,   3536.1951,            ,            ,            ,   19631.488,       0.585,       0.003,      0.4266,       0.003,   2144.4843,            ,            ,            ,
                              ,   18799.460,       1.148,       0.007,      3.3765,       0.007,  18804.4334,            ,            ,            ,   19220.106,       1.171,       0.007,     78.5463,       0.007,   2003.1597,            ,            ,            ,   19281.020,       1.052,       0.007,   5922.6632,       0.007,  15263.6439,            ,            ,            ,   19340.637,       0.911,       0.007,      6.8151,       0.007,   6003.9153,            ,            ,            ,   19587.023,       0.845,       0.007,   5037.6696,       0.007,   3586.0114,            ,            ,            ,   19632.064,       0.576,       0.007,      1.1885,       0.007,   2155.3073,            ,            ,            ,
                              ,   18800.527,       1.067,       0.010,     26.6106,       0.010,  19259.5635,            ,            ,            ,   19221.315,       1.209,       0.010,     92.0814,       0.010,   1990.1865,            ,            ,            ,   19282.121,       1.101,       0.010,   5527.2975,       0.010,  15429.2856,            ,            ,            ,   19341.498,       0.861,       0.010,      4.2841,       0.010,   6109.1450,            ,            ,            ,   19587.863,       0.840,       0.010,   5425.2470,       0.010,   3668.7724,            ,            ,            ,   19632.643,       0.579,       0.010,      1.5061,       0.010,   2173.5030,            ,            ,            ,
                              ,   18801.496,       0.969,       0.013,    163.0720,       0.013,  19921.2509,            ,            ,            ,   19222.569,       1.254,       0.013,     88.4757,       0.013,   1972.6351,            ,            ,            ,   19283.238,       1.117,       0.013,   5224.7635,       0.013,  15643.0510,            ,            ,            ,   19342.321,       0.823,       0.013,    238.9585,       0.013,   6260.4948,            ,            ,            ,   19588.695,       0.832,       0.013,   5927.8131,       0.013,   3783.5727,            ,            ,            ,   19633.226,       0.583,       0.013,     30.1090,       0.013,   2199.3118,            ,            ,            ,
                              ,   18802.413,       0.917,       0.017,    207.2415,       0.017,  20816.2940,            ,            ,            ,   19223.762,       1.193,       0.017,     63.9749,       0.017,   1951.0703,            ,            ,            ,   19284.339,       1.101,       0.017,   5182.8270,       0.017,  15884.5710,            ,            ,            ,   19343.127,       0.806,       0.017,   1293.5328,       0.017,   6462.2534,            ,            ,            ,   19589.502,       0.807,       0.017,   6501.1437,       0.017,   3928.0320,            ,            ,            ,   19633.795,       0.569,       0.017,    129.6112,       0.017,   2233.0791,            ,            ,            ,
                              ,   18803.371,       0.958,       0.020,    506.0701,       0.020,  21982.7372,            ,            ,            ,   19224.899,       1.137,       0.020,     29.2328,       0.020,   1926.1581,            ,            ,            ,   19285.427,       1.088,       0.020,   5515.4223,       0.020,  16125.1012,            ,            ,            ,   19343.901,       0.774,       0.020,   2498.8801,       0.020,   6720.3307,            ,            ,            ,   19590.294,       0.792,       0.020,   7087.3086,       0.020,   4096.9777,            ,            ,            ,   19634.373,       0.578,       0.020,    717.6402,       0.020,   2275.2656,            ,            ,            ,
                              ,   18804.424,       1.053,       0.023,   4037.6438,       0.023,  23473.1623,            ,            ,            ,   19225.994,       1.095,       0.023,      5.7692,       0.023,   1898.6307,            ,            ,            ,   19286.515,       1.088,       0.023,   6241.1215,       0.023,  16326.9623,            ,            ,            ,   19344.678,       0.777,       0.023,   2590.6205,       0.023,   7042.5971,            ,            ,            ,   19591.076,       0.782,       0.023,   7619.8052,       0.023,   4280.5840,            ,            ,            ,   19634.954,       0.581,       0.023,    351.5911,       0.023,   2326.4595,            ,            ,            ,
                              ,   18805.458,       1.034,       0.027,   6377.0720,       0.027,  25359.4846,            ,            ,            ,   19227.136,       1.142,       0.027,     14.7771,       0.027,   1869.2529,            ,            ,            ,   19287.637,       1.122,       0.027,   7267.8008,       0.027,  16444.6814,            ,            ,            ,   19345.449,       0.771,       0.027,   1203.4516,       0.027,   7439.3504,            ,            ,            ,   19591.841,       0.765,       0.027,   8032.4087,       0.027,   4462.1871,            ,            ,            ,   19635.530,       0.576,       0.027,    918.3637,       0.027,   2387.3942,            ,            ,            ,
                              ,   18806.485,       1.027,       0.030,  23878.7126,       0.030,  27739.8744,            ,            ,            ,   19228.298,       1.162,       0.030,     65.2765,       0.030,   1838.7911,            ,            ,            ,   19288.741,       1.104,       0.030,   8409.3879,       0.030,  16428.9348,            ,            ,            ,   19346.215,       0.766,       0.030,    439.6306,       0.030,   7923.9462,            ,            ,            ,   19592.601,       0.760,       0.030,   8269.8500,       0.030,   4616.6105,            ,            ,            ,   19636.108,       0.578,       0.030,   1686.8427,       0.030,   2458.9705,            ,            ,            ,
                              ,   18807.505,       1.020,       0.033,  80244.1632,       0.033,  30748.6655,            ,            ,            ,   19229.477,       1.179,       0.033,    151.5788,       0.033,   1807.9891,            ,            ,            ,   19289.835,       1.094,       0.033,   9429.5783,       0.033,  16233.8567,            ,            ,            ,   19346.972,       0.757,       0.033,  11086.2901,       0.033,   8513.6359,            ,            ,            ,   19593.359,       0.758,       0.033,   8297.4363,       0.033,   4710.7704,            ,            ,            ,   19636.675,       0.567,       0.033,    400.8652,       0.033,   2542.2841,            ,            ,            ,
                              ,   18808.520,       1.015,       0.037, 123215.6047,       0.037,  34570.3360,            ,            ,            ,   19230.608,       1.131,       0.037,    265.4384,       0.037,   1777.5497,            ,            ,            ,   19290.924,       1.089,       0.037,  10100.5191,       0.037,  15826.8305,            ,            ,            ,   19347.716,       0.744,       0.037,  17890.3995,       0.037,   9230.6663,            ,            ,            ,   19594.113,       0.754,       0.037,   8106.7990,       0.037,   4708.8780,            ,            ,            ,   19637.243,       0.568,       0.037,    418.2407,       0.037,   2638.6622,            ,            ,            ,
                              ,   18809.536,       1.016,       0.040, 104971.2744,       0.040,  39458.5790,            ,            ,            ,   19231.722,       1.114,       0.040,    416.8983,       0.040,   1748.1241,            ,            ,            ,   19292.075,       1.151,       0.040,  10262.5953,       0.040,  15197.9093,            ,            ,            ,   19348.449,       0.733,       0.040,   3165.9518,       0.040,  10103.6830,            ,            ,            ,   19594.845,       0.732,       0.040,   7716.0770,       0.040,   4583.0937,            ,            ,            ,   19637.819,       0.576,       0.040,   1630.2447,       0.040,   2749.7078,            ,            ,            ,
                              ,   18810.597,       1.061,       0.043,  62457.0615,       0.043,  45760.2540,            ,            ,            ,   19232.834,       1.112,       0.043,    647.3202,       0.043,   1720.3059,            ,            ,            ,   19293.213,       1.138,       0.043,   9871.0850,       0.043,  14364.8373,            ,            ,            ,   19349.172,       0.723,       0.043,   1828.9691,       0.043,  11169.4430,            ,            ,            ,   19595.594,       0.749,       0.043,   7164.5816,       0.043,   4326.0388,            ,            ,            ,   19638.389,       0.570,       0.043,   9329.0321,       0.043,   2877.3577,            ,            ,            ,
                              ,   18811.742,       1.145,       0.047, 119384.0755,       0.047,  53939.0820,            ,            ,            ,   19234.024,       1.190,       0.047,   1018.4918,       0.047,   1694.6325,            ,            ,            ,   19294.273,       1.060,       0.047,   9014.6999,       0.047,  13370.7448,            ,            ,            ,   19349.893,       0.721,       0.047,   4234.4970,       0.047,  12474.7084,            ,            ,            ,   19596.321,       0.727,       0.047,   6503.6735,       0.047,   3957.1981,            ,            ,            ,   19638.950,       0.561,       0.047,   9706.7231,       0.047,   3023.9549,            ,            ,            ,
                              ,   18812.876,       1.134,       0.050, 442843.5896,       0.050,  64578.4887,            ,            ,            ,   19235.204,       1.180,       0.050,   1576.6790,       0.050,   1671.5895,            ,            ,            ,   19295.306,       1.033,       0.050,   7893.6386,       0.050,  12274.9045,            ,            ,            ,   19350.599,       0.706,       0.050,  11033.2160,       0.050,  14077.8594,            ,            ,            ,   19597.040,       0.719,       0.050,   5786.5670,       0.050,   3517.3062,            ,            ,            ,   19639.510,       0.560,       0.050,   6264.8318,       0.050,   3192.3420,            ,            ,            ,
                              ,   18813.991,       1.115,       0.053, 305486.1015,       0.053,  78301.1812,            ,            ,            ,   19236.331,       1.127,       0.053,   2311.4731,       0.053,   1651.6188,            ,            ,            ,   19296.386,       1.080,       0.053,   6756.2342,       0.053,  11140.2807,            ,            ,            ,   19351.297,       0.698,       0.053,  26847.1323,       0.053,  16048.9783,            ,            ,            ,   19597.745,       0.705,       0.053,   5059.7736,       0.053,   3053.7367,            ,            ,            ,   19640.065,       0.555,       0.053,    682.5280,       0.053,   3385.9799,            ,            ,            ,
                              ,   18815.055,       1.064,       0.057,  39722.6030,       0.057,  95450.3812,            ,            ,            ,   19237.409,       1.078,       0.057,   3139.5731,       0.057,   1635.1299,            ,            ,            ,   19297.531,       1.145,       0.057,   5812.6419,       0.057,  10022.5765,            ,            ,            ,   19351.987,       0.690,       0.057,  33023.2502,       0.057,  18465.4534,            ,            ,            ,   19598.452,       0.707,       0.057,   4357.9875,       0.057,   2606.3495,            ,            ,            ,   19640.620,       0.555,       0.057,   1417.7136,       0.057,   3609.1022,            ,            ,            ,
                              ,   18816.109,       1.054,       0.060,  63314.7018,       0.060, 115257.8736,            ,            ,            ,   19238.528,       1.119,       0.060,   3931.5801,       0.060,   1622.5120,            ,            ,            ,   19298.631,       1.100,       0.060,   5160.6050,       0.060,   8963.7779,            ,            ,            ,   19352.669,       0.682,       0.060,  29159.5248,       0.060,  21396.8539,            ,            ,            ,   19599.150,       0.698,       0.060,   3702.8605,       0.060,   2200.6015,            ,            ,            ,   19641.175,       0.555,       0.060,   2135.0800,       0.060,   3866.9144,            ,            ,            ,
                              ,   18817.129,       1.020,       0.063, 169644.2899,       0.063, 134416.1025,            ,            ,            ,   19239.732,       1.204,       0.063,   4570.7201,       0.063,   1614.1486,            ,            ,            ,   19299.715,       1.084,       0.063,   4758.6101,       0.063,   7990.5441,            ,            ,            ,   19353.341,       0.672,       0.063,  34752.5194,       0.063,  24867.6545,            ,            ,            ,   19599.833,       0.683,       0.063,   3104.8690,       0.063,   1847.9409,            ,            ,            ,   19641.732,       0.557,       0.063,   5750.7384,       0.063,   4165.8549,            ,            ,            ,
                              ,   18818.125,       0.996,       0.067, 105738.6813,       0.067, 146405.6150,            ,            ,            ,   19240.929,       1.197,       0.067,   5007.2486,       0.067,   1610.4328,            ,            ,            ,   19300.815,       1.100,       0.067,   4461.1435,       0.067,   7116.0052,            ,            ,            ,   19354.003,       0.662,       0.067,  80580.3862,       0.067,  28782.4746,            ,            ,            ,   19600.496,       0.663,       0.067,   2566.7814,       0.067,   1549.8134,            ,            ,            ,   19642.295,       0.563,       0.067,   3792.3589,       0.067,   4513.9363,            ,            ,            ,
                              ,   18819.123,       0.998,       0.070,  39761.2814,       0.070, 144828.2866,            ,            ,            ,   19242.086,       1.157,       0.070,   5272.1533,       0.070,   1611.7845,            ,            ,            ,   19301.960,       1.145,       0.070,   4099.5658,       0.070,   6343.1038,            ,            ,            ,   19354.655,       0.652,       0.070,  34672.0188,       0.070,  32810.3170,            ,            ,            ,   19601.152,       0.656,       0.070,   2087.2235,       0.070,   1302.0205,            ,            ,            ,   19642.868,       0.573,       0.070,   6894.6510,       0.070,   4921.1968,            ,            ,            ,
                              ,   18820.124,       1.001,       0.073,  30199.5159,       0.073, 129688.0720,            ,            ,            ,   19243.193,       1.107,       0.073,   5441.3185,       0.073,   1618.6688,            ,            ,            ,   19303.090,       1.130,       0.073,   3569.1058,       0.073,   5668.0774,            ,            ,            ,   19355.300,       0.645,       0.073,   3724.4516,       0.073,  36283.5274,            ,            ,            ,   19601.808,       0.656,       0.073,   1663.3551,       0.073,   1097.9607,            ,            ,            ,   19643.444,       0.576,       0.073,  14636.4629,       0.073,   5400.2974,            ,            ,            ,
                              ,   18821.199,       1.075,       0.077,  29632.4675,       0.077, 107670.6463,            ,            ,            ,   19244.319,       1.126,       0.077,   5576.4132,       0.077,   1631.6183,            ,            ,            ,   19304.194,       1.104,       0.077,   2881.3463,       0.077,   5083.3513,            ,            ,            ,   19355.939,       0.639,       0.077,   3497.7838,       0.077,  38277.3811,            ,            ,            ,   19602.446,       0.638,       0.077,   1292.3592,       0.077,    930.5729,            ,            ,            ,   19644.038,       0.594,       0.077,   4618.8901,       0.077,   5967.3140,            ,            ,            ,
                              ,   18822.339,       1.140,       0.080,   9105.5372,       0.080,  85731.8607,            ,            ,            ,   19245.475,       1.156,       0.080,   5683.9850,       0.080,   1651.2573,            ,            ,            ,   19305.310,       1.116,       0.080,   2161.4460,       0.080,   4579.6291,            ,            ,            ,   19356.579,       0.640,       0.080,  18602.0169,       0.080,  38029.6816,            ,            ,            ,   19603.067,       0.621,       0.080,    971.9746,       0.080,    793.3089,            ,            ,            ,   19644.645,       0.607,       0.080,  21392.9355,       0.080,   6642.7879,            ,            ,            ,
                              ,   18823.443,       1.104,       0.083,   7139.4335,       0.083,  67295.8284,            ,            ,            ,   19246.623,       1.148,       0.083,   5717.8875,       0.083,   1678.3327,            ,            ,            ,   19306.433,       1.123,       0.083,   1596.6931,       0.083,   4147.2503,            ,            ,            ,   19357.245,       0.666,       0.083,  52244.6517,       0.083,  35481.5600,            ,            ,            ,   19603.674,       0.607,       0.083,    700.5009,       0.083,    680.5131,            ,            ,            ,   19645.271,       0.626,       0.083,  33632.0324,       0.083,   7453.1051,            ,            ,            ,
                              ,   18824.509,       1.066,       0.087,  30700.6151,       0.087,  52960.1055,            ,            ,            ,   19247.753,       1.130,       0.087,   5616.4902,       0.087,   1713.7503,            ,            ,            ,   19307.586,       1.153,       0.087,   1362.2768,       0.087,   3776.9859,            ,            ,            ,   19358.022,       0.777,       0.087,  43713.5161,       0.087,  31357.4897,            ,            ,            ,   19604.275,       0.601,       0.087,    476.6036,       0.087,    587.4883,            ,            ,            ,   19645.915,       0.644,       0.087,  21932.3799,       0.087,   8432.2808,            ,            ,            ,
                              ,   18825.523,       1.014,       0.090,  21298.2308,       0.090,  42143.5087,            ,            ,            ,   19248.829,       1.076,       0.090,   5342.9987,       0.090,   1758.6228,            ,            ,            ,   19308.690,       1.104,       0.090,   1553.9761,       0.090,   3460.4459,            ,            ,            ,   19358.837,       0.815,       0.090,   8972.2377,       0.090,  26665.2782,            ,            ,            ,   19604.868,       0.593,       0.090,    299.0259,       0.090,    510.4187,            ,            ,            ,   19646.583,       0.668,       0.090,  22404.7256,       0.090,   9624.1785,            ,            ,            ,
                              ,   18826.497,       0.974,       0.093,   3280.7028,       0.093,  34031.4459,            ,            ,            ,   19249.896,       1.067,       0.093,   4901.7849,       0.093,   1814.3302,            ,            ,            ,   19309.773,       1.083,       0.093,   2148.8742,       0.093,   3190.2435,            ,            ,            ,   19359.695,       0.858,       0.093,  12109.4276,       0.093,  22177.1722,            ,            ,            ,   19605.458,       0.590,       0.093,    166.1655,       0.093,    446.2417,            ,            ,            ,   19647.260,       0.677,       0.093,  15475.4017,       0.093,  11085.0621,            ,            ,            ,
                              ,   18827.456,       0.959,       0.097,  11436.3197,       0.097,  27913.1658,            ,            ,            ,   19250.991,       1.095,       0.097,   4328.1806,       0.097,   1882.6004,            ,            ,            ,   19310.846,       1.073,       0.097,   3002.6078,       0.097,   2960.0150,            ,            ,            ,   19360.556,       0.861,       0.097,   9984.3754,       0.097,  18275.8115,            ,            ,            ,   19606.053,       0.595,       0.097,     75.4897,       0.097,    392.5136,            ,            ,            ,   19647.933,       0.673,       0.097,  40575.1546,       0.097,  12886.0007,            ,            ,            ,
                              ,   18828.397,       0.941,       0.100,  17329.8540,       0.100,  23247.7774,            ,            ,            ,   19252.193,       1.202,       0.100,   3669.8661,       0.100,   1965.6176,            ,            ,            ,   19311.949,       1.103,       0.100,   3881.6942,       0.100,   2764.3651,            ,            ,            ,   19361.396,       0.840,       0.100,   2041.2605,       0.100,  15055.0443,            ,            ,            ,   19606.637,       0.584,       0.100,     22.9064,       0.100,    347.2882,            ,            ,            ,   19648.591,       0.658,       0.100,  34511.6199,       0.100,  15113.7449,            ,            ,            ,
                              ,   18829.352,       0.955,       0.103,  10996.9014,       0.103,  19643.7947,            ,            ,            ,   19253.394,       1.201,       0.103,   2977.7241,       0.103,   2066.1706,            ,            ,            ,   19313.036,       1.087,       0.103,   4523.4247,       0.103,   2598.7770,            ,            ,            ,   19362.216,       0.820,       0.103,   8272.4087,       0.103,  12462.9436,            ,            ,            ,   19607.222,       0.585,       0.103,      2.3507,       0.103,    309.0143,            ,            ,            ,   19649.243,       0.652,       0.103,  15830.9279,       0.103,  17866.7150,            ,            ,            ,
                              ,   18830.311,       0.959,       0.107,   9392.7663,       0.107,  16822.3655,            ,            ,            ,   19254.524,       1.130,       0.107,   2307.4101,       0.107,   2187.8588,            ,            ,            ,   19314.083,       1.047,       0.107,   4711.0466,       0.107,   2459.5135,            ,            ,            ,   19363.007,       0.791,       0.107,    449.7001,       0.107,  10397.5515,            ,            ,            ,   19607.788,       0.566,       0.107,      5.8706,       0.107,    276.4526,            ,            ,            ,   19649.894,       0.651,       0.107,  16429.0361,       0.107,  21238.8736,            ,            ,            ,
                              ,   18831.300,       0.989,       0.110,   3982.5855,       0.110,  14584.9461,            ,            ,            ,   19255.629,       1.105,       0.110,   1719.2889,       0.110,   2335.3850,            ,            ,            ,   19315.080,       0.997,       0.110,   4346.1418,       0.110,   2343.5221,            ,            ,            ,   19363.793,       0.786,       0.110,   6109.2159,       0.110,   8753.5727,            ,            ,            ,   19608.356,       0.568,       0.110,     24.3450,       0.110,    248.6096,            ,            ,            ,   19650.546,       0.652,       0.110,  11969.0025,       0.110,  25278.2105,            ,            ,            ,
                              ,   18832.353,       1.053,       0.113,   7583.9541,       0.113,  12789.1690,            ,            ,            ,   19256.723,       1.094,       0.113,   1267.4083,       0.113,   2514.9775,            ,            ,            ,   19316.091,       1.011,       0.113,   3494.7254,       0.113,   2248.3515,            ,            ,            ,   19364.574,       0.781,       0.113,   8282.2171,       0.113,   7439.8016,            ,            ,            ,   19608.925,       0.569,       0.113,     48.7228,       0.113,    224.6857,            ,            ,            ,   19651.199,       0.653,       0.113,   5288.5064,       0.113,  29902.0966,            ,            ,            ,
                              ,   18833.408,       1.055,       0.117,  11108.7900,       0.117,  11331.8580,            ,            ,            ,   19257.856,       1.133,       0.117,    982.6382,       0.117,   2735.0125,            ,            ,            ,   19317.201,       1.110,       0.117,   2384.1517,       0.117,   2172.0815,            ,            ,            ,   19365.370,       0.796,       0.117,   1729.3057,       0.117,   6382.8647,            ,            ,            ,   19609.497,       0.572,       0.117,     71.4395,       0.117,    204.0338,            ,            ,            ,   19651.863,       0.664,       0.117,  21297.2467,       0.117,  34765.6034,            ,            ,            ,
                              ,   18834.470,       1.062,       0.120,   7973.2472,       0.120,  10137.3259,            ,            ,            ,   19259.022,       1.166,       0.120,    864.4211,       0.120,   3006.9513,            ,            ,            ,   19318.308,       1.107,       0.120,   1340.1008,       0.120,   2113.2703,            ,            ,            ,   19366.183,       0.813,       0.120,    551.3398,       0.120,   5525.7016,            ,            ,            ,   19610.076,       0.579,       0.120,     87.5762,       0.120,    186.1282,            ,            ,            ,   19652.548,       0.685,       0.120,  17790.7691,       0.120,  39145.7710,            ,            ,            ,
                              ,   18835.550,       1.080,       0.123,   6600.9903,       0.123,   9149.3460,            ,            ,            ,   19260.159,       1.137,       0.123,    890.6911,       0.123,   3346.7856,            ,            ,            ,   19319.398,       1.090,       0.123,    676.6303,       0.123,   2070.9171,            ,            ,            ,   19367.003,       0.820,       0.123,    119.6764,       0.123,   4824.5797,            ,            ,            ,   19610.645,       0.569,       0.123,     95.4009,       0.123,    170.5397,            ,            ,            ,   19653.238,       0.690,       0.123,  34530.4522,       0.123,  42023.4220,            ,            ,            ,
                              ,   18836.608,       1.058,       0.127,   8332.6405,       0.127,   8325.6227,            ,            ,            ,   19261.224,       1.065,       0.127,   1044.0153,       0.127,   3777.3251,            ,            ,            ,   19320.486,       1.088,       0.127,    578.1375,       0.127,   2044.4428,            ,            ,            ,   19367.824,       0.821,       0.127,   4471.3274,       0.127,   4246.1250,            ,            ,            ,   19611.223,       0.578,       0.127,     96.1481,       0.127,    156.9159,            ,            ,            ,   19653.934,       0.696,       0.127,  38550.1392,       0.127,  42528.3206,            ,            ,            ,
                              ,   18837.637,       1.029,       0.130,  19248.7893,       0.130,   7633.9501,            ,            ,            ,   19262.324,       1.100,       0.130,   1347.5511,       0.130,   4331.9236,            ,            ,            ,   19321.557,       1.071,       0.130,   1024.5164,       0.130,   2033.6896,            ,            ,            ,   19368.605,       0.781,       0.130,   9508.2973,       0.130,   3764.8329,            ,            ,            ,   19611.797,       0.574,       0.130,     93.1339,       0.130,    144.9662,            ,            ,            ,   19654.626,       0.692,       0.130,  38043.1932,       0.130,  40512.4942,            ,            ,            ,
                              ,   18838.604,       0.967,       0.133,   9137.4836,       0.133,   7049.5160,            ,            ,            ,   19263.403,       1.079,       0.133,   1908.2711,       0.133,   5060.7345,            ,            ,            ,   19322.699,       1.142,       0.133,   1797.9002,       0.133,   2038.9414,            ,            ,            ,   19369.362,       0.757,       0.133,   6621.3580,       0.133,   3361.1216,            ,            ,            ,   19612.374,       0.577,       0.133,     90.4857,       0.133,    134.4497,            ,            ,            ,   19655.308,       0.682,       0.133,  71268.7178,       0.133,  36656.5846,            ,            ,            ,
                              ,   18839.543,       0.939,       0.137,   7307.2887,       0.137,   6552.9875,            ,            ,            ,   19264.559,       1.156,       0.137,   2962.5070,       0.137,   6041.5558,            ,            ,            ,   19323.758,       1.059,       0.137,   2573.0795,       0.137,   2060.9703,            ,            ,            ,   19370.099,       0.737,       0.137,   1443.0174,       0.137,   3019.8596,            ,            ,            ,   19612.962,       0.588,       0.137,     91.8350,       0.137,    125.1661,            ,            ,            ,   19655.976,       0.668,       0.137,  50000.8957,       0.137,  31984.0571,            ,            ,            ,
                              ,   18840.480,       0.937,       0.140,   3539.6467,       0.140,   6129.1349,            ,            ,            ,   19265.719,       1.160,       0.140,   4898.3624,       0.140,   7399.2278,            ,            ,            ,   19324.785,       1.027,       0.140,   3051.9186,       0.140,   2101.1160,            ,            ,            ,   19370.822,       0.723,       0.140,   1868.7232,       0.140,   2729.2674,            ,            ,            ,   19613.556,       0.594,       0.140,     99.2817,       0.140,    116.9477,            ,            ,            ,   19656.641,       0.665,       0.140,  78079.8800,       0.140,  27329.2537,            ,            ,            ,
                              ,   18841.395,       0.915,       0.143,    835.2650,       0.143,   5765.8297,            ,            ,            ,   19266.818,       1.099,       0.143,   8203.9716,       0.143,   9341.1856,            ,            ,            ,   19325.884,       1.099,       0.143,   3078.9718,       0.143,   2161.4078,            ,            ,            ,   19371.539,       0.717,       0.143,    245.5140,       0.143,   2480.1029,            ,            ,            ,   19614.160,       0.604,       0.143,    112.8357,       0.143,    109.6538,            ,            ,            ,   19657.308,       0.667,       0.143, 143007.8101,       0.143,  23150.2748,            ,            ,            ,
                              ,   18842.331,       0.936,       0.147,   2977.7029,       0.147,   5453.3067,            ,            ,            ,   19267.914,       1.096,       0.147,  13295.6629,       0.147,  12222.7026,            ,            ,            ,   19327.054,       1.170,       0.147,   2685.5573,       0.147,   2244.7492,            ,            ,            ,   19372.263,       0.724,       0.147,   2328.9994,       0.147,   2265.0567,            ,            ,            ,   19614.748,       0.588,       0.147,    130.4167,       0.147,    103.1657,            ,            ,            ,   19657.980,       0.672,       0.147,  41337.9212,       0.147,  19603.7270,            ,            ,            ,
                              ,   18843.283,       0.952,       0.150,   3146.7695,       0.150,   5183.6129,            ,            ,            ,   19268.999,       1.085,       0.150,  20241.4196,       0.150,  16657.6837,            ,            ,            ,   19328.252,       1.198,       0.150,   2047.3526,       0.150,   2355.1883,            ,            ,            ,   19373.014,       0.751,       0.150,   2921.8938,       0.150,   2078.3022,            ,            ,            ,   19615.343,       0.595,       0.150,    148.3810,       0.150,     97.3830,            ,            ,            ,   19658.673,       0.693,       0.150,  44705.8156,       0.150,  16679.3458,            ,            ,            ,
                              ,   18844.288,       1.005,       0.153,   1094.4589,       0.153,   4950.1911,            ,            ,            ,   19270.177,       1.178,       0.153,  28491.5205,       0.153,  23635.9891,            ,            ,            ,   19329.370,       1.118,       0.153,   1384.2595,       0.153,   2498.3182,            ,            ,            ,   19373.816,       0.802,       0.153,   2170.0831,       0.153,   1915.1591,            ,            ,            ,   19615.924,       0.581,       0.153,    162.4385,       0.153,     92.2203,            ,            ,            ,   19659.392,       0.719,       0.153,  45542.0433,       0.153,  14298.5287,            ,            ,            ,
                              ,   18845.358,       1.070,       0.157,   3381.3173,       0.157,   4747.5599,            ,            ,            ,   19271.325,       1.148,       0.157,  36791.1196,       0.157,  34191.5268,            ,            ,            ,   19330.488,       1.118,       0.157,    857.0528,       0.157,   2681.8725,            ,            ,            ,   19374.684,       0.868,       0.157,   1838.6144,       0.157,   1771.8394,            ,            ,            ,   19616.512,       0.588,       0.157,    168.7426,       0.157,     87.6051,            ,            ,            ,   19660.132,       0.740,       0.157,  12635.0596,       0.157,  12366.9135,            ,            ,            ,
                              ,   18846.465,       1.107,       0.160,   2749.7284,       0.160,   4571.0666,            ,            ,            ,   19272.433,       1.108,       0.160,  43409.1923,       0.160,  46627.8352,            ,            ,            ,   19331.636,       1.148,       0.160,    512.0448,       0.160,   2916.6221,            ,            ,            ,   19375.622,       0.938,       0.160,   1546.4239,       0.160,   1645.2556,            ,            ,            ,   19617.095,       0.583,       0.160,    164.8833,       0.160,     83.4751,            ,            ,            ,   19660.878,       0.746,       0.160,  15023.1339,       0.160,  10796.9023,            ,            ,            ,
                              ,   18847.616,       1.151,       0.163,   3358.2472,       0.163,   4416.6911,            ,            ,            ,   19273.473,       1.040,       0.163,  46667.0589,       0.163,  51303.3047,            ,            ,            ,   19332.813,       1.177,       0.163,    298.3232,       0.163,   3217.7459,            ,            ,            ,   19376.543,       0.921,       0.163,   2017.4113,       0.163,   1532.8735,            ,            ,            ,   19617.685,       0.590,       0.163,    150.5197,       0.163,     79.7770,            ,            ,            ,   19661.611,       0.733,       0.163,   5412.9835,       0.163,   9514.8454,            ,            ,            ,
                              ,   18848.725,       1.109,       0.167,   3538.8703,       0.167,   4280.8920,            ,            ,            ,   19274.493,       1.020,       0.167,  45565.8203,       0.167,  41755.4090,            ,            ,            ,   19333.971,       1.158,       0.167,    147.2977,       0.167,   3606.9556,            ,            ,            ,   19377.455,       0.912,       0.167,   1949.3342,       0.167,   1432.6001,            ,            ,            ,   19618.276,       0.591,       0.167,    127.4688,       0.167,     76.4651,            ,            ,            ,   19662.328,       0.717,       0.167,  13399.8054,       0.167,   8461.5762,            ,            ,            ,
                              ,   18849.781,       1.056,       0.170,   5628.8089,       0.170,   4160.4824,            ,            ,            ,   19275.551,       1.058,       0.170,  40216.0899,       0.170,  28283.8056,            ,            ,            ,   19335.122,       1.151,       0.170,     75.7271,       0.170,   4115.8287,            ,            ,            ,   19378.385,       0.930,       0.170,    785.3239,       0.170,   1342.6958,            ,            ,            ,   19618.856,       0.580,       0.170,     99.2193,       0.170,     73.4999,            ,            ,            ,   19663.032,       0.704,       0.170,   3503.4587,       0.170,   7590.5616,            ,            ,            ,
                              ,   18850.759,       0.978,       0.173,   1764.3294,       0.173,   4052.5327,            ,            ,            ,   19276.717,       1.166,       0.173,  31843.1301,       0.173,  18444.6035,            ,            ,            ,   19336.333,       1.211,       0.173,    259.4541,       0.173,   4791.0553,            ,            ,            ,   19379.317,       0.932,       0.173,    301.1932,       0.173,   1261.7066,            ,            ,            ,   19619.448,       0.592,       0.173,     70.0155,       0.173,     70.8474,            ,            ,            ,   19663.727,       0.695,       0.173,   2709.7293,       0.173,   6865.5207,            ,            ,            ,
                              ,   18851.719,       0.960,       0.177,   4367.3692,       0.177,   3954.2956,            ,            ,            ,            ,            ,       0.177,  22348.4326,       0.177,  12346.8886,            ,            ,            ,            ,            ,       0.177,   1029.7378,       0.177,   5702.5532,            ,            ,            ,   19380.288,       0.971,       0.177,    376.7335,       0.177,   1188.4106,            ,            ,            ,   19620.033,       0.585,       0.177,     43.7958,       0.177,     68.4781,            ,            ,            ,   19664.425,       0.698,       0.177,   2302.7851,       0.177,   6258.2142,            ,            ,            ,
                              ,   18852.664,       0.945,       0.180,   8071.8968,       0.180,   3863.1527,            ,            ,            ,            ,            ,       0.180,  13633.8661,       0.180,   8613.6304,            ,            ,            ,            ,            ,       0.180,   2769.2257,       0.180,   6955.1435,            ,            ,            ,   19381.246,       0.958,       0.180,     72.4868,       0.180,   1121.7762,            ,            ,            ,   19620.624,       0.591,       0.180,     23.3126,       0.180,     66.3666,            ,            ,            ,   19665.142,       0.717,       0.180,   4954.8914,       0.180,   5746.6142,            ,            ,            ,
                              ,   18853.578,       0.914,       0.183,   1316.8024,       0.183,   3776.5833,            ,            ,            ,            ,            ,       0.183,   7002.3682,       0.183,   6254.6607,            ,            ,            ,            ,            ,       0.183,   5727.5835,       0.183,   8701.4031,            ,            ,            ,   19382.136,       0.890,       0.183,    244.2967,       0.183,   1060.9286,            ,            ,            ,   19621.216,       0.592,       0.183,      9.6863,       0.183,     64.4909,            ,            ,            ,   19665.870,       0.728,       0.183,   7412.7193,       0.183,   5313.4611,            ,            ,            ,
                              ,   18854.532,       0.954,       0.187,   1067.5409,       0.187,   3692.1569,            ,            ,            ,            ,            ,       0.187,   2882.2023,       0.187,   4702.7688,            ,            ,            ,            ,            ,       0.187,   9824.6525,       0.187,  11138.7657,            ,            ,            ,   19383.001,       0.865,       0.187,    403.2002,       0.187,   1005.1230,            ,            ,            ,   19621.789,       0.573,       0.187,      2.4834,       0.187,     62.8320,            ,            ,            ,   19666.603,       0.733,       0.187,    953.9214,       0.187,   4945.1560,            ,            ,            ,
                              ,   18855.484,       0.952,       0.190,   2926.7607,       0.190,   3607.5501,            ,            ,            ,            ,            ,       0.190,    933.3560,       0.190,   3641.7182,            ,            ,            ,            ,            ,       0.190,  14537.9130,       0.190,  14422.4312,            ,            ,            ,   19383.862,       0.861,       0.190,    431.9803,       0.190,    953.7235,            ,            ,            ,   19622.368,       0.579,       0.190,      0.2223,       0.190,     61.3732,            ,            ,            ,   19667.337,       0.734,       0.190,   8320.4422,       0.190,   4630.9171,            ,            ,            ,
                              ,   18856.462,       0.978,       0.193,   2091.4764,       0.193,   3520.5892,            ,            ,            ,            ,            ,       0.193,    405.5377,       0.193,   2891.0967,            ,            ,            ,            ,            ,       0.193,  18956.8686,       0.193,  18311.7267,            ,            ,            ,   19384.703,       0.841,       0.193,   1003.4822,       0.193,    906.1858,            ,            ,            ,   19623.512,       0.582,       0.193,      1.0782,       0.193,     60.1006,            ,            ,            ,   19668.054,       0.717,       0.193,  11188.3730,       0.193,   4362.1418,            ,            ,            ,
                              ,   18857.507,       1.045,       0.197,    668.3224,       0.197,   3429.3162,            ,            ,            ,            ,            ,       0.197,    531.5392,       0.197,   2344.2089,            ,            ,            ,            ,            ,       0.197,  22023.2071,       0.197,  21462.2449,            ,            ,            ,   19385.531,       0.828,       0.197,    562.9609,       0.197,    862.0428,            ,            ,            ,   19624.091,       0.579,       0.197,      3.5249,       0.197,     59.0018,            ,            ,            ,   19668.761,       0.707,       0.197,   1803.0132,       0.197,   4131.9227,            ,            ,            ,
                              ,   18858.550,       1.043,       0.200,    574.7051,       0.200,   3332.0733,            ,            ,            ,            ,            ,       0.200,    782.6902,       0.200,   1935.5490,            ,            ,            ,            ,            ,       0.200,  22885.2977,       0.200,  21617.5815,            ,            ,            ,   19386.354,       0.823,       0.200,    173.8073,       0.200,    820.8939,            ,            ,            ,   19625.215,       0.577,       0.200,      6.7168,       0.200,     58.0663,            ,            ,            ,   19669.462,       0.701,       0.200,   1119.1290,       0.200,   3934.6790,            ,            ,            ,
                              ,   18859.638,       1.088,       0.203,   1396.1824,       0.203,   3227.5961,            ,            ,            ,            ,            ,       0.203,    930.2413,       0.203,   1623.4612,            ,            ,            ,            ,            ,       0.203,  21224.9429,       0.203,  18336.9577,            ,            ,            ,   19387.210,       0.856,       0.203,    304.0822,       0.203,    782.3948,            ,            ,            ,   19626.343,       0.576,       0.203,     10.5454,       0.203,     57.2854,            ,            ,            ,   19670.159,       0.697,       0.203,   1966.9645,       0.203,   3765.8748,            ,            ,            ,
                              ,   18860.737,       1.099,       0.207,   1216.8506,       0.207,   3115.1015,            ,            ,            ,            ,            ,       0.207,    964.3343,       0.207,   1380.6008,            ,            ,            ,            ,            ,       0.207,  17407.4333,       0.207,  13832.8082,            ,            ,            ,   19388.148,       0.938,       0.207,    942.6444,       0.207,    746.2503,            ,            ,            ,   19626.916,       0.573,       0.207,     15.4292,       0.207,     56.6513,            ,            ,            ,   19670.865,       0.706,       0.207,    745.9578,       0.207,   3621.8017,            ,            ,            ,
                              ,   18861.797,       1.060,       0.210,    979.5623,       0.210,   2994.3548,            ,            ,            ,            ,            ,       0.210,    966.3210,       0.210,   1188.5005,            ,            ,            ,            ,            ,       0.210,  12375.8089,       0.210,   9967.6209,            ,            ,            ,   19389.122,       0.974,       0.210,    269.1552,       0.210,    712.2075,            ,            ,            ,   19627.238,       0.567,       0.210,     21.9774,       0.210,     56.1579,            ,            ,            ,   19671.598,       0.733,       0.210,    782.5830,       0.210,   3499.4098,            ,            ,            ,
                              ,   18862.820,       1.023,       0.213,   3001.1820,       0.213,   2865.6990,            ,            ,            ,            ,            ,       0.213,   1009.8847,       0.213,   1034.3698,            ,            ,            ,            ,            ,       0.213,   7325.9014,       0.213,   7176.9255,            ,            ,            ,   19390.210,       1.088,       0.213,    785.9681,       0.213,    680.0503,            ,            ,            ,   19628.051,       0.561,       0.213,     30.6769,       0.213,     55.7999,            ,            ,            ,   19672.350,       0.752,       0.213,   1761.1075,       0.213,   3396.1747,            ,            ,            ,
                              ,   18863.777,       0.957,       0.217,   1900.3222,       0.217,   2730.0372,            ,            ,            ,            ,            ,       0.217,   1118.0930,       0.217,    909.1489,            ,            ,            ,            ,            ,       0.217,   3300.3227,       0.217,   5265.4658,            ,            ,            ,   19391.244,       1.034,       0.217,    808.2967,       0.217,    649.5943,            ,            ,            ,   19629.188,       0.559,       0.217,     41.7043,       0.217,     55.5731,            ,            ,            ,   19673.104,       0.754,       0.217,    712.2883,       0.217,   3309.9909,            ,            ,            ,
                              ,   18864.699,       0.922,       0.220,    612.9122,       0.220,   2588.7608,            ,            ,            ,            ,            ,       0.220,   1265.2334,       0.220,    806.2912,            ,            ,            ,            ,            ,       0.220,    872.8033,       0.220,   3959.8101,            ,            ,            ,   19392.193,       0.949,       0.220,     73.7436,       0.220,    620.6832,            ,            ,            ,   19629.754,       0.566,       0.220,     54.8926,       0.220,     55.4741,            ,            ,            ,   19673.843,       0.739,       0.220,   1865.9942,       0.220,   3239.0858,            ,            ,            ,
                              ,   18865.561,       0.862,       0.223,   1149.6224,       0.223,   2443.6340,            ,            ,            ,            ,            ,       0.223,   1399.6120,       0.223,    720.9810,            ,            ,            ,            ,            ,       0.223,     42.9814,       0.223,   3053.1828,            ,            ,            ,   19393.092,       0.899,       0.223,    136.5117,       0.223,    593.1850,            ,            ,            ,            ,            ,       0.223,     69.8218,       0.223,     55.5005,            ,            ,            ,   19674.565,       0.722,       0.223,   7337.4909,       0.223,   3181.9476,            ,            ,            ,
                              ,   18866.395,       0.834,       0.227,    704.9147,       0.227,   2296.6461,            ,            ,            ,            ,            ,       0.227,   1469.1621,       0.227,    649.6182,            ,            ,            ,            ,            ,       0.227,    356.8240,       0.227,   2409.2711,            ,            ,            ,   19393.978,       0.886,       0.227,    416.9885,       0.227,    566.9883,            ,            ,            ,            ,            ,       0.227,     85.9658,       0.227,     55.6502,            ,            ,            ,   19675.271,       0.706,       0.227,   7441.4296,       0.227,   3137.2637,            ,            ,            ,
                              ,   18867.235,       0.840,       0.230,    409.3774,       0.230,   2149.8532,            ,            ,            ,            ,            ,       0.230,   1441.1255,       0.230,    589.4734,            ,            ,            ,            ,            ,       0.230,   1167.3166,       0.230,   1941.1458,            ,            ,            ,   19394.835,       0.857,       0.230,    169.4336,       0.230,    542.0000,            ,            ,            ,            ,            ,       0.230,    102.8347,       0.230,     55.9221,            ,            ,            ,   19675.968,       0.697,       0.230,   6351.0936,       0.230,   3103.8651,            ,            ,            ,
                              ,   18868.143,       0.908,       0.233,    501.1470,       0.233,   2005.2305,            ,            ,            ,            ,            ,       0.233,   1312.1902,       0.233,    538.4493,            ,            ,            ,            ,            ,       0.233,   1903.8612,       0.233,   1593.2297,            ,            ,            ,   19395.669,       0.834,       0.233,     23.3107,       0.233,    518.1421,            ,            ,            ,            ,            ,       0.233,    120.0672,       0.233,     56.3151,            ,            ,            ,   19676.663,       0.695,       0.233,   9419.4362,       0.233,   3080.6755,            ,            ,            ,
                              ,   18869.081,       0.938,       0.237,     83.1382,       0.237,   1864.5518,            ,            ,            ,            ,            ,       0.237,   1107.3965,       0.237,    494.9164,            ,            ,            ,            ,            ,       0.237,   2241.6517,       0.237,   1329.4157,            ,            ,            ,   19396.476,       0.807,       0.237,    338.5682,       0.237,    495.3499,            ,            ,            ,            ,            ,       0.237,    137.4578,       0.237,     56.8287,            ,            ,            ,   19677.382,       0.719,       0.237,   8877.0844,       0.237,   3066.6615,            ,            ,            ,
                              ,   18870.042,       0.961,       0.240,    252.6242,       0.240,   1729.3061,            ,            ,            ,            ,            ,       0.240,    868.8127,       0.240,    457.5947,            ,            ,            ,            ,            ,       0.240,   2130.2859,       0.240,   1125.7540,            ,            ,            ,   19397.278,       0.802,       0.240,    513.1889,       0.240,    473.5690,            ,            ,            ,            ,            ,       0.240,    154.9254,       0.240,     57.4628,            ,            ,            ,   19678.116,       0.734,       0.240,   5184.5190,       0.240,   3060.7827,            ,            ,            ,
                              ,   18871.039,       0.997,       0.243,    660.7627,       0.243,   1600.6532,            ,            ,            ,            ,            ,       0.243,    639.1220,       0.243,    425.4695,            ,            ,            ,            ,            ,       0.243,   1711.2702,       0.243,    966.0093,            ,            ,            ,   19398.087,       0.809,       0.243,    215.9418,       0.243,    452.7540,            ,            ,            ,            ,            ,       0.243,    172.4385,       0.243,     58.2168,            ,            ,            ,   19678.864,       0.748,       0.243,   2894.9704,       0.243,   3061.9405,            ,            ,            ,
                              ,   18872.037,       0.998,       0.247,   1089.3467,       0.247,   1479.4160,            ,            ,            ,            ,            ,       0.247,    447.8497,       0.247,    397.7294,            ,            ,            ,            ,            ,       0.247,   1192.3388,       0.247,    838.9402,            ,            ,            ,   19398.943,       0.856,       0.247,    113.1565,       0.247,    432.8667,            ,            ,            ,            ,            ,       0.247,    189.9202,       0.247,     59.0904,            ,            ,            ,   19679.606,       0.742,       0.247,   1733.2225,       0.247,   3068.9250,            ,            ,            ,
                              ,   18873.066,       1.029,       0.250,   1396.0248,       0.250,   1366.1000,            ,            ,            ,            ,            ,       0.250,    306.2224,       0.250,    373.7212,            ,            ,            ,            ,            ,       0.250,    743.0869,       0.250,    736.6071,            ,            ,            ,   19399.883,       0.940,       0.250,     84.5960,       0.250,    413.8740,            ,            ,            ,            ,            ,       0.250,    207.1527,       0.250,     60.0827,            ,            ,            ,   19680.336,       0.730,       0.250,   3676.6239,       0.250,   3080.3612,            ,            ,            ,
                              ,   18874.185,       1.119,       0.253,   1364.1551,       0.253,   1260.9314,            ,            ,            ,            ,            ,       0.253,    211.3295,       0.253,    352.9154,            ,            ,            ,            ,            ,       0.253,    445.4727,       0.253,    653.2985,            ,            ,            ,   19400.733,       0.850,       0.253,      6.4747,       0.253,    395.7471,            ,            ,            ,            ,            ,       0.253,    223.7012,       0.253,     61.1921,            ,            ,            ,   19681.052,       0.716,       0.253,   5338.0663,       0.253,   3094.6572,            ,            ,            ,
                              ,   18875.331,       1.146,       0.257,   1463.7705,       0.257,   1163.9052,            ,            ,            ,            ,            ,       0.257,    155.0351,       0.257,    334.8804,            ,            ,            ,            ,            ,       0.257,    297.7749,       0.257,    584.8364,            ,            ,            ,   19401.577,       0.844,       0.257,     79.8953,       0.257,    378.4602,            ,            ,            ,            ,            ,       0.257,    238.8733,       0.257,     62.4160,            ,            ,            ,   19681.763,       0.711,       0.257,   4331.8705,       0.257,   3109.9592,            ,            ,            ,
                              ,   18876.438,       1.107,       0.260,    582.0819,       0.260,   1074.8353,            ,            ,            ,            ,            ,       0.260,    131.3960,       0.260,    319.2635,            ,            ,            ,            ,            ,       0.260,    249.1978,       0.260,    528.1176,            ,            ,            ,   19402.446,       0.869,       0.260,    136.2271,       0.260,    361.9893,            ,            ,            ,            ,            ,       0.260,    251.7265,       0.260,     63.7505,            ,            ,            ,   19682.474,       0.711,       0.260,   4148.3907,       0.260,   3124.1210,            ,            ,            ,
                              ,   18877.504,       1.066,       0.263,    266.5064,       0.263,    993.4031,            ,            ,            ,            ,            ,       0.263,    138.7383,       0.263,    305.7752,            ,            ,            ,            ,            ,       0.263,    239.0633,       0.263,    480.8054,            ,            ,            ,   19403.318,       0.872,       0.263,    301.7413,       0.263,    346.3118,            ,            ,            ,            ,            ,       0.263,    261.1313,       0.263,     65.1896,            ,            ,            ,   19683.205,       0.731,       0.263,   6985.4920,       0.263,   3134.6995,            ,            ,            ,
                              ,   18878.525,       1.021,       0.267,    498.9874,       0.267,    919.1988,            ,            ,            ,            ,            ,       0.267,    176.7452,       0.267,    294.1779,            ,            ,            ,            ,            ,       0.267,    223.5461,       0.267,    441.1186,            ,            ,            ,   19404.184,       0.866,       0.267,    319.0301,       0.267,    331.4056,            ,            ,            ,            ,            ,       0.267,    265.8851,       0.267,     66.7250,            ,            ,            ,   19683.953,       0.748,       0.267,   6748.1819,       0.267,   3138.9891,            ,            ,            ,
                              ,   18879.548,       1.023,       0.270,   1700.2991,       0.270,    851.7576,            ,            ,            ,            ,            ,       0.270,    241.9183,       0.270,    284.2770,            ,            ,            ,            ,            ,       0.270,    185.0396,       0.270,    407.6845,            ,            ,            ,   19405.050,       0.866,       0.270,     95.9870,       0.270,    317.2487,            ,            ,            ,            ,            ,       0.270,    264.8695,       0.270,     68.3453,            ,            ,            ,   19684.697,       0.744,       0.270,   4212.4162,       0.270,   3134.1083,            ,            ,            ,
                              ,   18880.582,       1.034,       0.273,   1460.8678,       0.273,    790.5875,            ,            ,            ,            ,            ,       0.273,    325.0403,       0.273,    275.9136,            ,            ,            ,            ,            ,       0.273,    127.9755,       0.273,    379.4350,            ,            ,            ,   19405.911,       0.861,       0.273,     39.2573,       0.273,    303.8192,            ,            ,            ,            ,            ,       0.273,    257.2312,       0.273,     70.0356,            ,            ,            ,   19685.442,       0.745,       0.273,   7155.6213,       0.273,   3117.1494,            ,            ,            ,
                              ,   18881.610,       1.028,       0.277,    538.7406,       0.277,    735.1906,            ,            ,            ,            ,            ,       0.277,    412.2917,       0.277,    268.9590,            ,            ,            ,            ,            ,       0.277,     68.2565,       0.277,    355.5329,            ,            ,            ,   19406.768,       0.857,       0.277,    152.5826,       0.277,    291.0944,            ,            ,            ,            ,            ,       0.277,    242.5614,       0.277,     71.7768,            ,            ,            ,   19686.167,       0.725,       0.277,  20425.5329,       0.277,   3085.3914,            ,            ,            ,
                              ,   18882.628,       1.018,       0.280,     94.1582,       0.280,    685.0785,            ,            ,            ,            ,            ,       0.280,    489.1737,       0.280,    263.3108,            ,            ,            ,            ,            ,       0.280,     22.6297,       0.280,    335.3174,            ,            ,            ,   19407.630,       0.862,       0.280,     89.6719,       0.280,    279.0515,            ,            ,            ,            ,            ,       0.280,    221.0454,       0.280,     73.5446,            ,            ,            ,   19686.879,       0.712,       0.280,  23116.0243,       0.280,   3036.5617,            ,            ,            ,
                              ,   18883.683,       1.055,       0.283,    665.8110,       0.283,    639.7831,            ,            ,            ,            ,            ,       0.283,    544.9160,       0.283,    258.8894,            ,            ,            ,            ,            ,       0.283,      1.6438,       0.283,    318.2648,            ,            ,            ,   19408.497,       0.867,       0.283,     82.4209,       0.283,    267.6670,            ,            ,            ,            ,            ,       0.283,    193.5535,       0.283,     75.3098,            ,            ,            ,   19687.582,       0.703,       0.283,   7541.2291,       0.283,   2969.1151,            ,            ,            ,
                              ,   18884.753,       1.070,       0.287,   1203.0187,       0.287,    598.8633,            ,            ,            ,            ,            ,       0.287,    575.1670,       0.287,    255.6353,            ,            ,            ,            ,            ,       0.287,      7.1498,       0.287,    303.9599,            ,            ,            ,   19409.375,       0.878,       0.287,    111.5975,       0.287,    256.9171,            ,            ,            ,            ,            ,       0.287,    161.6456,       0.287,     77.0376,            ,            ,            ,   19688.281,       0.699,       0.287,    333.5016,       0.287,   2882.4793,            ,            ,            ,
                              ,   18885.882,       1.129,       0.290,    272.1170,       0.290,    561.9089,            ,            ,            ,            ,            ,       0.290,    582.0004,       0.290,    253.5079,            ,            ,            ,            ,            ,       0.290,     33.5648,       0.290,    292.0734,            ,            ,            ,   19410.265,       0.890,       0.290,     45.6649,       0.290,    246.7774,            ,            ,            ,            ,            ,       0.290,    127.4736,       0.290,     78.6877,            ,            ,            ,   19688.994,       0.713,       0.290,    116.9746,       0.290,   2777.2125,            ,            ,            ,
                              ,   18887.025,       1.143,       0.293,    808.9752,       0.293,    528.5422,            ,            ,            ,            ,            ,       0.293,    571.7153,       0.293,    252.4833,            ,            ,            ,            ,            ,       0.293,     71.3775,       0.293,    282.3465,            ,            ,            ,   19411.154,       0.889,       0.293,     32.6793,       0.293,    237.2234,            ,            ,            ,            ,            ,       0.293,     93.5792,       0.293,     80.2152,            ,            ,            ,   19689.718,       0.724,       0.293,    235.9760,       0.293,   2655.0252,            ,            ,            ,
                              ,   18888.141,       1.116,       0.297,   1407.2130,       0.297,    498.4183,            ,            ,            ,            ,            ,       0.297,    551.7545,       0.297,    252.5544,            ,            ,            ,            ,            ,       0.297,    111.2869,       0.297,    274.5786,            ,            ,            ,   19412.026,       0.872,       0.297,     63.2548,       0.297,    228.2304,            ,            ,            ,            ,            ,       0.297,     62.6006,       0.297,     81.5713,            ,            ,            ,   19690.447,       0.729,       0.297,   2511.8460,       0.297,   2518.6487,            ,            ,            ,
                              ,   18889.194,       1.053,       0.300,   1158.6911,       0.300,    471.2238,            ,            ,            ,            ,            ,       0.300,    528.0741,       0.300,    253.7300,            ,            ,            ,            ,            ,       0.300,    147.5582,       0.300,    268.6180,            ,            ,            ,   19412.885,       0.859,       0.300,     45.0887,       0.300,    219.7737,            ,            ,            ,            ,            ,       0.300,     36.9271,       0.300,     82.7058,            ,            ,            ,   19691.184,       0.737,       0.300,   8403.8971,       0.300,   2371.5675,            ,            ,            ,
                              ,   18890.212,       1.018,       0.303,    769.4485,       0.303,    446.6756,            ,            ,            ,            ,            ,       0.303,    503.7087,       0.303,    256.0348,            ,            ,            ,            ,            ,       0.303,    179.5616,       0.303,    264.3562,            ,            ,            ,   19413.725,       0.840,       0.303,    121.5398,       0.303,    211.8287,            ,            ,            ,            ,            ,       0.303,     18.3501,       0.303,     83.5687,            ,            ,            ,   19691.907,       0.723,       0.303,   4331.8012,       0.303,   2217.6665,            ,            ,            ,
                              ,   18891.280,       1.068,       0.307,    890.8486,       0.307,    424.5187,            ,            ,            ,            ,            ,       0.307,    478.5921,       0.307,    259.5096,            ,            ,            ,            ,            ,       0.307,    211.0928,       0.307,    261.7229,            ,            ,            ,   19414.552,       0.827,       0.307,     92.4623,       0.307,    204.3708,            ,            ,            ,            ,            ,       0.307,      7.7739,       0.307,     84.1139,            ,            ,            ,   19692.626,       0.719,       0.307,   3599.1891,       0.307,   2060.8612,            ,            ,            ,
                              ,   18892.364,       1.084,       0.310,    322.7901,       0.310,    404.5237,            ,            ,            ,            ,            ,       0.310,    450.2948,       0.310,    264.2120,            ,            ,            ,            ,            ,       0.310,    247.9143,       0.310,    260.6834,            ,            ,            ,   19415.361,       0.809,       0.310,     33.4319,       0.310,    197.3762,            ,            ,            ,            ,            ,       0.310,      5.0463,       0.310,     84.3019,            ,            ,            ,   19693.352,       0.726,       0.310,   2483.1469,       0.310,   1904.7753,            ,            ,            ,
                              ,   18893.465,       1.101,       0.313,    682.3619,       0.313,    386.4851,            ,            ,            ,            ,            ,       0.313,    415.3180,       0.313,    270.2167,            ,            ,            ,            ,            ,       0.313,    294.6750,       0.313,    261.2374,            ,            ,            ,   19416.167,       0.806,       0.313,     68.1433,       0.313,    190.8210,            ,            ,            ,            ,            ,       0.313,      8.9534,       0.313,     84.1035,            ,            ,            ,   19694.087,       0.735,       0.313,    868.0223,       0.313,   1752.5082,            ,            ,            ,
                              ,   18894.602,       1.137,       0.317,    338.0027,       0.317,    370.2182,            ,            ,            ,            ,            ,       0.317,    370.7318,       0.317,    277.6161,            ,            ,            ,            ,            ,       0.317,    352.5550,       0.317,    263.4184,            ,            ,            ,   19416.967,       0.800,       0.317,     68.8142,       0.317,    184.6821,            ,            ,            ,            ,            ,       0.317,     17.4011,       0.317,     83.5020,            ,            ,            ,   19694.829,       0.742,       0.317,   1011.8062,       0.317,   1606.5083,            ,            ,            ,
                              ,   18895.791,       1.189,       0.320,    274.5735,       0.320,    355.5575,            ,            ,            ,            ,            ,       0.320,    315.9871,       0.320,    286.5205,            ,            ,            ,            ,            ,       0.320,    418.4914,       0.320,    267.2955,            ,            ,            ,   19417.771,       0.804,       0.320,    261.7806,       0.320,    178.9368,            ,            ,            ,            ,            ,       0.320,     27.7679,       0.320,     82.4953,            ,            ,            ,   19695.561,       0.732,       0.320,   2301.8825,       0.320,   1468.5426,            ,            ,            ,
                              ,   18897.067,       1.276,       0.323,    173.0822,       0.323,    342.3540,            ,            ,            ,            ,            ,       0.323,    254.5162,       0.323,    297.0581,            ,            ,            ,            ,            ,       0.323,    485.9892,       0.323,    272.9744,            ,            ,            ,   19418.582,       0.811,       0.323,    215.9687,       0.323,    173.5630,            ,            ,            ,            ,            ,       0.323,     37.3771,       0.323,     81.0965,            ,            ,            ,   19696.285,       0.724,       0.323,    938.6938,       0.323,   1339.7410,            ,            ,            ,
                              ,   18898.350,       1.283,       0.327,    528.3382,       0.327,    330.4736,            ,            ,            ,            ,            ,       0.327,    194.4006,       0.327,    309.3728,            ,            ,            ,            ,            ,       0.327,    546.8559,       0.327,    280.6014,            ,            ,            ,   19419.406,       0.824,       0.327,    224.4737,       0.327,    168.5393,            ,            ,            ,            ,            ,       0.327,     44.0032,       0.327,     79.3329,            ,            ,            ,   19697.004,       0.719,       0.327,   1694.0855,       0.327,   1220.6844,            ,            ,            ,
                              ,   18899.621,       1.271,       0.330,    532.0636,       0.330,    319.7948,            ,            ,            ,            ,            ,       0.330,    147.2877,       0.330,    323.6211,            ,            ,            ,            ,            ,       0.330,    593.0849,       0.330,    290.3656,            ,            ,            ,   19420.253,       0.847,       0.330,    205.7318,       0.330,    163.8448,            ,            ,            ,            ,            ,       0.330,     46.3083,       0.330,     77.2444,            ,            ,            ,   19697.721,       0.717,       0.330,    674.3472,       0.330,   1111.5142,            ,            ,            ,
                              ,   18900.875,       1.254,       0.333,    161.0097,       0.333,    310.2070,            ,            ,            ,            ,            ,       0.333,    125.1858,       0.333,    339.9646,            ,            ,            ,            ,            ,       0.333,    618.4490,       0.333,    302.5029,            ,            ,            ,   19421.127,       0.874,       0.333,     59.0562,       0.333,    159.4589,            ,            ,            ,            ,            ,       0.333,     44.1066,       0.333,     74.8801,            ,            ,            ,   19698.457,       0.736,       0.333,    515.7159,       0.333,   1012.0421,            ,            ,            ,
                              ,   18902.126,       1.251,       0.337,    115.2013,       0.337,    301.6086,            ,            ,            ,            ,            ,       0.337,    135.7938,       0.337,    358.5578,            ,            ,            ,            ,            ,       0.337,    619.7388,       0.337,    317.2970,            ,            ,            ,   19422.000,       0.873,       0.337,     77.7643,       0.337,    155.3620,            ,            ,            ,            ,            ,       0.337,     38.3814,       0.337,     72.2950,            ,            ,            ,   19699.208,       0.751,       0.337,    405.3311,       0.337,    921.8497,            ,            ,            ,
                              ,   18903.314,       1.188,       0.340,     93.7143,       0.340,    293.9055,            ,            ,            ,            ,            ,       0.340,    178.1470,       0.340,    379.5276,            ,            ,            ,            ,            ,       0.340,    597.6126,       0.340,    335.0772,            ,            ,            ,   19422.865,       0.865,       0.340,    204.9669,       0.340,    151.5347,            ,            ,            ,            ,            ,       0.340,     31.0329,       0.340,     69.5466,            ,            ,            ,   19699.964,       0.756,       0.340,     67.4204,       0.340,    840.3713,            ,            ,            ,
                              ,   18904.470,       1.156,       0.343,    176.2294,       0.343,    287.0095,            ,            ,            ,            ,            ,       0.343,    240.8270,       0.343,    402.9416,            ,            ,            ,            ,            ,       0.343,    556.7450,       0.343,    356.2070,            ,            ,            ,   19423.727,       0.862,       0.343,     73.4771,       0.343,    147.9580,            ,            ,            ,            ,            ,       0.343,     24.4002,       0.343,     66.6911,            ,            ,            ,   19700.704,       0.740,       0.343,    461.9963,       0.343,    766.9597,            ,            ,            ,
                              ,   18905.604,       1.134,       0.347,    304.8956,       0.347,    280.8363,            ,            ,            ,            ,            ,       0.347,    304.2403,       0.347,    428.7614,            ,            ,            ,            ,            ,       0.347,    504.7730,       0.347,    381.0578,            ,            ,            ,   19424.563,       0.836,       0.347,    131.4498,       0.347,    144.6135,            ,            ,            ,            ,            ,       0.347,     20.6625,       0.347,     63.7811,            ,            ,            ,   19701.433,       0.729,       0.347,    444.2473,       0.347,    700.9343,            ,            ,            ,
                              ,   18906.725,       1.121,       0.350,    210.8342,       0.350,    275.3042,            ,            ,            ,            ,            ,       0.350,    346.6613,       0.350,    456.7772,            ,            ,            ,            ,            ,       0.350,    449.8585,       0.350,    409.9524,            ,            ,            ,   19425.388,       0.825,       0.350,    118.6172,       0.350,    141.4829,            ,            ,            ,            ,            ,       0.350,     21.2689,       0.350,     60.8637,            ,            ,            ,   19702.158,       0.725,       0.350,    726.2597,       0.350,    641.6154,            ,            ,            ,
                              ,   18907.804,       1.079,       0.353,    131.2296,       0.353,    270.3327,            ,            ,            ,            ,            ,       0.353,    351.7998,       0.353,    486.5244,            ,            ,            ,            ,            ,       0.353,    397.5792,       0.353,    443.0621,            ,            ,            ,   19426.198,       0.810,       0.353,     20.7414,       0.353,    138.5483,            ,            ,            ,            ,            ,       0.353,     26.5467,       0.353,     57.9789,            ,            ,            ,   19702.889,       0.731,       0.353,   1929.0383,       0.353,    588.3478,            ,            ,            ,
                              ,   18908.854,       1.050,       0.357,    262.2304,       0.357,    265.8409,            ,            ,            ,            ,            ,       0.357,    314.7725,       0.357,    517.1876,            ,            ,            ,            ,            ,       0.357,    348.7836,       0.357,    480.2301,            ,            ,            ,   19426.995,       0.797,       0.357,      4.9903,       0.357,    135.7917,            ,            ,            ,            ,            ,       0.357,     35.6020,       0.357,     55.1597,            ,            ,            ,   19703.637,       0.748,       0.357,   1469.6138,       0.357,    540.5144,            ,            ,            ,
                              ,   18909.912,       1.058,       0.360,    107.3726,       0.360,    261.7461,            ,            ,            ,            ,            ,       0.360,    244.1238,       0.360,    547.5128,            ,            ,            ,            ,            ,       0.360,    300.1730,       0.360,    520.6987,            ,            ,            ,   19427.790,       0.795,       0.360,     16.5250,       0.360,    133.1955,            ,            ,            ,            ,            ,       0.360,     46.5467,       0.360,     52.4319,            ,            ,            ,   19704.448,       0.811,       0.360,    454.4846,       0.360,    497.5440,            ,            ,            ,
                              ,   18910.907,       0.995,       0.363,     23.2749,       0.363,    257.9626,            ,            ,            ,            ,            ,       0.363,    159.4539,       0.363,    575.7651,            ,            ,            ,            ,            ,       0.363,    248.1881,       0.363,    562.7395,            ,            ,            ,   19428.582,       0.792,       0.363,     33.3528,       0.363,    130.7420,            ,            ,            ,            ,            ,       0.363,     56.9955,       0.363,     49.8147,            ,            ,            ,   19705.536,       0.898,       0.363,    500.9453,       0.363,    458.9149,            ,            ,            ,
                              ,   18911.896,       0.989,       0.367,    201.1988,       0.367,    254.4005,            ,            ,            ,            ,            ,       0.367,     86.0142,       0.367,    599.7870,            ,            ,            ,            ,            ,       0.367,    194.6340,       0.367,    603.2659,            ,            ,            ,   19429.364,       0.782,       0.367,     42.9454,       0.367,    128.4135,            ,            ,            ,            ,            ,       0.367,     64.6940,       0.367,     47.3215,            ,            ,            ,   19706.465,       0.929,       0.367,   1532.4292,       0.367,    424.1552,            ,            ,            ,
                              ,   18912.890,       0.994,       0.370,    554.0506,       0.370,    250.9658,            ,            ,            ,            ,            ,       0.370,     48.2615,       0.370,    617.2115,            ,            ,            ,            ,            ,       0.370,    150.6509,       0.370,    637.6503,            ,            ,            ,   19430.135,       0.771,       0.370,     92.3312,       0.370,    126.1922,            ,            ,            ,            ,            ,       0.370,     68.0986,       0.370,     44.9604,            ,            ,            ,   19707.325,       0.860,       0.370,    810.9216,       0.370,    392.8405,            ,            ,            ,
                              ,   18913.905,       1.015,       0.373,    199.3325,       0.373,    247.5594,            ,            ,            ,            ,            ,       0.373,     63.7978,       0.373,    625.8440,            ,            ,            ,            ,            ,       0.373,    135.6087,       0.373,    660.1331,            ,            ,            ,   19430.901,       0.766,       0.373,     90.7400,       0.373,    124.0605,            ,            ,            ,            ,            ,       0.373,     66.7423,       0.373,     42.7356,            ,            ,            ,   19708.121,       0.796,       0.373,    294.0876,       0.373,    364.5919,            ,            ,            ,
                              ,   18915.003,       1.098,       0.377,    389.8472,       0.377,    244.0782,            ,            ,            ,            ,            ,       0.377,    138.3270,       0.377,    624.1447,            ,            ,            ,            ,            ,       0.377,    169.8363,       0.377,    665.1543,            ,            ,            ,   19431.662,       0.761,       0.377,     49.3394,       0.377,    122.0005,            ,            ,            ,            ,            ,       0.377,     61.2840,       0.377,     40.6479,            ,            ,            ,   19708.879,       0.758,       0.377,    630.7838,       0.377,    339.0716,            ,            ,            ,
                              ,   18916.104,       1.101,       0.380,    445.8510,       0.380,    240.4165,            ,            ,            ,            ,            ,       0.380,    262.2308,       0.380,    611.6494,            ,            ,            ,            ,            ,       0.380,    263.7903,       0.380,    649.3949,            ,            ,            ,   19432.438,       0.776,       0.380,     97.9446,       0.380,    119.9945,            ,            ,            ,            ,            ,       0.380,     53.2411,       0.380,     38.6958,            ,            ,            ,   19709.605,       0.726,       0.380,    454.1471,       0.380,    315.9799,            ,            ,            ,
                              ,   18917.170,       1.066,       0.383,    103.2180,       0.383,    236.4687,            ,            ,            ,            ,            ,       0.383,    410.1456,       0.383,    589.1439,            ,            ,            ,            ,            ,       0.383,    409.1173,       0.383,    613.4583,            ,            ,            ,   19433.234,       0.796,       0.383,     53.4528,       0.383,    118.0249,            ,            ,            ,            ,            ,       0.383,     44.4990,       0.383,     36.8756,            ,            ,            ,   19710.323,       0.718,       0.383,    122.5220,       0.383,    295.0510,            ,            ,            ,
                              ,   18918.213,       1.043,       0.387,     78.3873,       0.387,    232.1324,            ,            ,            ,            ,            ,       0.387,    545.3572,       0.387,    558.4980,            ,            ,            ,            ,            ,       0.387,    577.0241,       0.387,    561.9203,            ,            ,            ,   19434.051,       0.817,       0.387,      2.0347,       0.387,    116.0742,            ,            ,            ,            ,            ,       0.387,     36.7610,       0.387,     35.1824,            ,            ,            ,   19711.054,       0.731,       0.387,    134.4775,       0.387,    276.0495,            ,            ,            ,
                              ,   18919.294,       1.081,       0.390,     85.0501,       0.390,    227.3137,            ,            ,            ,            ,            ,       0.390,    629.6562,       0.390,    522.2267,            ,            ,            ,            ,            ,       0.390,    726.0428,       0.390,    501.5829,            ,            ,            ,   19434.910,       0.859,       0.390,      3.6197,       0.390,    114.1257,            ,            ,            ,            ,            ,       0.390,     31.1095,       0.390,     33.6104,            ,            ,            ,   19711.813,       0.759,       0.390,    224.7502,       0.390,    258.7669,            ,            ,            ,
                              ,   18920.357,       1.063,       0.393,     85.6449,       0.393,    221.9326,            ,            ,            ,            ,            ,       0.393,    636.4121,       0.393,    482.9657,            ,            ,            ,            ,            ,       0.393,    816.3753,       0.393,    439.1360,            ,            ,            ,   19435.808,       0.898,       0.393,      1.7408,       0.393,    112.1630,            ,            ,            ,            ,            ,       0.393,     27.8052,       0.393,     32.1532,            ,            ,            ,   19712.602,       0.789,       0.393,    232.4743,       0.393,    243.0189,            ,            ,            ,
                              ,   18921.433,       1.076,       0.397,    102.7120,       0.397,    215.9287,            ,            ,            ,            ,            ,       0.397,    561.6679,       0.397,    443.0467,            ,            ,            ,            ,            ,       0.397,    824.3635,       0.397,    379.5758,            ,            ,            ,   19436.762,       0.954,       0.397,     16.5982,       0.397,    110.1708,            ,            ,            ,            ,            ,       0.397,     26.3654,       0.397,     30.8043,            ,            ,            ,   19713.387,       0.785,       0.397,    617.0513,       0.397,    228.6421,            ,            ,            ,
                              ,   18922.497,       1.064,       0.400,    130.3306,       0.400,    209.2671,            ,            ,            ,            ,            ,       0.400,    427.4041,       0.400,    404.2643,            ,            ,            ,            ,            ,       0.400,    750.4351,       0.400,    325.7914,            ,            ,            ,   19437.714,       0.952,       0.400,     26.8442,       0.400,    108.1351,            ,            ,            ,            ,            ,       0.400,     25.8683,       0.400,     29.5570,            ,            ,            ,   19714.191,       0.804,       0.400,    313.8480,       0.400,    215.4917,            ,            ,            ,
                              ,   18923.588,       1.091,       0.403,    152.9717,       0.403,    201.9430,            ,            ,            ,            ,            ,       0.403,    274.0463,       0.403,    367.8257,            ,            ,            ,            ,            ,       0.403,    617.2168,       0.403,    278.9305,            ,            ,            ,   19438.630,       0.916,       0.403,     71.4905,       0.403,    106.0433,            ,            ,            ,            ,            ,       0.403,     25.3589,       0.403,     28.4047,            ,            ,            ,   19715.063,       0.872,       0.403,    240.1783,       0.403,    203.4394,            ,            ,            ,
                              ,   18924.711,       1.123,       0.407,     39.5448,       0.407,    193.9842,            ,            ,            ,            ,            ,       0.407,    144.6709,       0.407,    334.4196,            ,            ,            ,            ,            ,       0.407,    459.4012,       0.407,    239.0098,            ,            ,            ,   19439.526,       0.896,       0.407,     68.7949,       0.407,    103.8849,            ,            ,            ,            ,            ,       0.407,     24.2101,       0.407,     27.3409,            ,            ,            ,   19715.946,       0.883,       0.407,    300.1588,       0.407,    192.3711,            ,            ,            ,
                              ,   18925.856,       1.145,       0.410,     32.0071,       0.410,    185.4511,            ,            ,            ,            ,            ,       0.410,     68.0887,       0.410,    304.3377,            ,            ,            ,            ,            ,       0.410,    310.6219,       0.410,    205.4470,            ,            ,            ,   19440.394,       0.868,       0.410,     10.3916,       0.410,    101.6513,            ,            ,            ,            ,            ,       0.410,     22.3198,       0.410,     26.3596,            ,            ,            ,   19716.791,       0.845,       0.410,    669.1716,       0.410,    182.1854,            ,            ,            ,
                              ,   18927.038,       1.182,       0.413,     47.8835,       0.413,    176.4339,            ,            ,            ,            ,            ,       0.413,     48.9629,       0.413,    277.5987,            ,            ,            ,            ,            ,       0.413,    193.2280,       0.413,    177.4209,            ,            ,            ,   19441.232,       0.838,       0.413,     49.8877,       0.413,     99.3368,            ,            ,            ,            ,            ,       0.413,     20.0916,       0.413,     25.4549,            ,            ,            ,   19717.613,       0.822,       0.413,    392.0888,       0.413,    172.7920,            ,            ,            ,
                              ,   18928.285,       1.247,       0.417,     93.9520,       0.417,    167.0469,            ,            ,            ,            ,            ,       0.417,     69.4788,       0.417,    254.0532,            ,            ,            ,            ,            ,       0.417,    114.5253,       0.417,    154.0767,            ,            ,            ,   19442.051,       0.819,       0.417,     50.0381,       0.417,     96.9379,            ,            ,            ,            ,            ,       0.417,     18.2256,       0.417,     24.6213,            ,            ,            ,   19718.422,       0.809,       0.417,     46.7958,       0.417,    164.1103,            ,            ,            ,
                              ,   18929.510,       1.225,       0.420,     48.2655,       0.420,    157.4203,            ,            ,            ,            ,            ,       0.420,    100.8788,       0.420,    233.4608,            ,            ,            ,            ,            ,       0.420,     69.4569,       0.420,    134.6253,            ,            ,            ,   19442.854,       0.803,       0.420,     93.4888,       0.420,     94.4545,            ,            ,            ,            ,            ,       0.420,     17.4099,       0.420,     23.8535,            ,            ,            ,   19719.247,       0.825,       0.420,     30.2264,       0.420,    156.0685,            ,            ,            ,
                              ,   18930.713,       1.203,       0.423,     41.5280,       0.423,    147.6920,            ,            ,            ,            ,            ,       0.423,    118.1623,       0.423,    215.5427,            ,            ,            ,            ,            ,       0.423,     46.8859,       0.423,    118.3823,            ,            ,            ,   19443.642,       0.788,       0.423,    184.9899,       0.423,     91.8891,            ,            ,            ,            ,            ,       0.423,     18.0299,       0.423,     23.1469,            ,            ,            ,   19720.094,       0.847,       0.423,     29.9386,       0.423,    148.6022,            ,            ,            ,
                              ,   18931.906,       1.193,       0.427,     85.7787,       0.427,    137.9980,            ,            ,            ,            ,            ,       0.427,    110.3192,       0.427,    200.0149,            ,            ,            ,            ,            ,       0.427,     35.8478,       0.427,    104.7736,            ,            ,            ,   19444.421,       0.779,       0.427,    131.3285,       0.427,     89.2470,            ,            ,            ,            ,            ,       0.427,     19.9980,       0.427,     22.4969,            ,            ,            ,   19720.939,       0.845,       0.427,    182.8998,       0.427,    141.6535,            ,            ,            ,
                              ,   18933.041,       1.135,       0.430,    104.2303,       0.430,    128.4649,            ,            ,            ,            ,            ,       0.430,     81.8560,       0.430,    186.6067,            ,            ,            ,            ,            ,       0.430,     29.2453,       0.430,     93.3268,            ,            ,            ,   19445.194,       0.773,       0.430,     51.6528,       0.430,     86.5365,            ,            ,            ,            ,            ,       0.430,     22.7561,       0.430,     21.8992,            ,            ,            ,   19721.755,       0.816,       0.430,    256.8564,       0.430,    135.1709,            ,            ,            ,
                              ,   18934.151,       1.110,       0.433,     56.2493,       0.433,    119.2037,            ,            ,            ,            ,            ,       0.433,     46.6396,       0.433,    175.0706,            ,            ,            ,            ,            ,       0.433,     24.4070,       0.433,     83.6575,            ,            ,            ,   19445.961,       0.767,       0.433,     20.0629,       0.433,     83.7680,            ,            ,            ,            ,            ,       0.433,     25.4413,       0.433,     21.3501,            ,            ,            ,   19722.547,       0.792,       0.433,     91.7696,       0.433,    129.1077,            ,            ,            ,
                              ,   18935.207,       1.056,       0.437,    140.9267,       0.437,    110.3057,            ,            ,            ,            ,            ,       0.437,     18.8934,       0.437,    165.1859,            ,            ,            ,            ,            ,       0.437,     21.5191,       0.437,     75.4542,            ,            ,            ,   19446.729,       0.768,       0.437,     43.5817,       0.437,     80.9539,            ,            ,            ,            ,            ,       0.437,     27.1510,       0.437,     20.8458,            ,            ,            ,   19723.326,       0.779,       0.437,    269.4519,       0.437,    123.4221,            ,            ,            ,
                              ,   18936.224,       1.017,       0.440,     75.3663,       0.440,    101.8414,            ,            ,            ,            ,            ,       0.440,      6.5478,       0.440,    156.7585,            ,            ,            ,            ,            ,       0.440,     21.5116,       0.440,     68.4652,            ,            ,            ,   19447.501,       0.772,       0.440,      8.5474,       0.440,     78.1084,            ,            ,            ,            ,            ,       0.440,     27.2122,       0.440,     20.3831,            ,            ,            ,   19724.106,       0.780,       0.440,    549.4677,       0.440,    118.0765,            ,            ,            ,
                              ,   18937.210,       0.986,       0.443,     25.6854,       0.443,     93.8599,            ,            ,            ,            ,            ,       0.443,      9.5263,       0.443,    149.6194,            ,            ,            ,            ,            ,       0.443,     24.6046,       0.443,     62.4867,            ,            ,            ,   19448.280,       0.779,       0.443,     41.0597,       0.443,     75.2466,            ,            ,            ,            ,            ,       0.443,     25.3713,       0.443,     19.9588,            ,            ,            ,   19724.952,       0.846,       0.443,    311.6217,       0.443,    113.0369,            ,            ,            ,
                              ,   18938.207,       0.997,       0.447,    115.6868,       0.447,     86.3910,            ,            ,            ,            ,            ,       0.447,     22.1703,       0.447,    143.6213,            ,            ,            ,            ,            ,       0.447,     29.9257,       0.447,     57.3536,            ,            ,            ,   19449.076,       0.796,       0.447,     50.6943,       0.447,     72.3839,            ,            ,            ,            ,            ,       0.447,     21.8475,       0.447,     19.5699,            ,            ,            ,   19725.847,       0.895,       0.447,    285.0813,       0.447,    108.2730,            ,            ,            ,
                              ,   18939.170,       0.963,       0.450,    139.7367,       0.450,     79.4477,            ,            ,            ,            ,            ,       0.450,     37.0980,       0.450,    138.6341,            ,            ,            ,            ,            ,       0.450,     35.9390,       0.450,     52.9314,            ,            ,            ,   19449.881,       0.805,       0.450,     31.4357,       0.450,     69.5360,            ,            ,            ,            ,            ,       0.450,     17.2465,       0.450,     19.2137,            ,            ,            ,   19726.697,       0.850,       0.450,    116.4247,       0.450,    103.7571,            ,            ,            ,
                              ,   18940.115,       0.945,       0.453,      2.3170,       0.453,     73.0287,            ,            ,            ,            ,            ,       0.453,     48.1265,       0.453,    134.5410,            ,            ,            ,            ,            ,       0.453,     41.1633,       0.453,     49.1106,            ,            ,            ,   19450.707,       0.826,       0.453,     21.1445,       0.453,     66.7180,            ,            ,            ,            ,            ,       0.453,     12.3722,       0.453,     18.8876,            ,            ,            ,   19727.519,       0.822,       0.453,     65.9985,       0.453,     99.4648,            ,            ,            ,
                              ,   18941.050,       0.935,       0.457,     70.2267,       0.457,     67.1220,            ,            ,            ,            ,            ,       0.457,     51.5281,       0.457,    131.2324,            ,            ,            ,            ,            ,       0.457,     44.7486,       0.457,     45.8013,            ,            ,            ,   19451.542,       0.835,       0.457,     13.2072,       0.457,     63.9441,            ,            ,            ,            ,            ,       0.457,      8.0060,       0.457,     18.5893,            ,            ,            ,   19728.328,       0.809,       0.457,    210.8051,       0.457,     95.3739,            ,            ,            ,
                              ,   18941.988,       0.938,       0.460,    111.4233,       0.460,     61.7072,            ,            ,            ,            ,            ,       0.460,     46.2723,       0.460,    128.6000,            ,            ,            ,            ,            ,       0.460,     46.7141,       0.460,     42.9296,            ,            ,            ,   19452.380,       0.838,       0.460,     32.4856,       0.460,     61.2273,            ,            ,            ,            ,            ,       0.460,      4.7210,       0.460,     18.3163,            ,            ,            ,   19729.135,       0.807,       0.460,    131.7934,       0.460,     91.4648,            ,            ,            ,
                              ,   18942.930,       0.942,       0.463,    111.6831,       0.463,     56.7587,            ,            ,            ,            ,            ,       0.463,     34.0773,       0.463,    126.5294,            ,            ,            ,            ,            ,       0.463,     47.8443,       0.463,     40.4345,            ,            ,            ,   19453.196,       0.816,       0.463,      8.4138,       0.463,     58.5790,            ,            ,            ,            ,            ,       0.463,      2.7833,       0.463,     18.0665,            ,            ,            ,   19729.957,       0.822,       0.463,    113.4014,       0.463,     87.7202,            ,            ,            ,
                              ,   18943.891,       0.961,       0.467,    141.4221,       0.467,     52.2469,            ,            ,            ,            ,            ,       0.467,     19.3378,       0.467,    124.8913,            ,            ,            ,            ,            ,       0.467,     49.3210,       0.467,     38.2651,            ,            ,            ,   19453.991,       0.795,       0.467,      2.1360,       0.467,     56.0092,            ,            ,            ,            ,            ,       0.467,      2.1556,       0.467,     17.8379,            ,            ,            ,   19730.829,       0.872,       0.467,    103.2441,       0.467,     84.1245,            ,            ,            ,
                              ,   18944.880,       0.989,       0.470,     96.0399,       0.470,     48.1408,            ,            ,            ,            ,            ,       0.470,      8.3295,       0.470,    123.5322,            ,            ,            ,            ,            ,       0.470,     52.1922,       0.470,     36.3791,            ,            ,            ,   19454.764,       0.773,       0.470,      5.4336,       0.470,     53.5261,            ,            ,            ,            ,            ,       0.470,      2.5854,       0.470,     17.6283,            ,            ,            ,   19731.718,       0.889,       0.470,    196.7431,       0.470,     80.6643,            ,            ,            ,
                              ,   18945.871,       0.991,       0.473,     52.0968,       0.473,     44.4087,            ,            ,            ,            ,            ,       0.473,      7.2682,       0.473,    122.2647,            ,            ,            ,            ,            ,       0.473,     56.8156,       0.473,     34.7409,            ,            ,            ,   19455.520,       0.756,       0.473,      9.6750,       0.473,     51.1361,            ,            ,            ,            ,            ,       0.473,      3.7358,       0.473,     17.4360,            ,            ,            ,   19732.583,       0.865,       0.473,    104.5579,       0.473,     77.3281,            ,            ,            ,
                              ,   18946.904,       1.033,       0.477,     93.7682,       0.477,     41.0194,            ,            ,            ,            ,            ,       0.477,     19.7114,       0.477,    120.8602,            ,            ,            ,            ,            ,       0.477,     62.4759,       0.477,     33.3206,            ,            ,            ,   19456.261,       0.741,       0.477,     17.5262,       0.477,     48.8440,            ,            ,            ,            ,            ,       0.477,      5.3099,       0.477,     17.2589,            ,            ,            ,   19733.404,       0.821,       0.477,     32.0902,       0.477,     74.1057,            ,            ,            ,
                              ,   18947.936,       1.032,       0.480,     79.9293,       0.480,     37.9430,            ,            ,            ,            ,            ,       0.480,     44.5950,       0.480,    119.0483,            ,            ,            ,            ,            ,       0.480,     67.4015,       0.480,     32.0925,            ,            ,            ,   19456.999,       0.738,       0.480,      5.4658,       0.480,     46.6531,            ,            ,            ,            ,            ,       0.480,      7.1285,       0.480,     17.0954,            ,            ,            ,   19734.206,       0.802,       0.480,    115.1517,       0.480,     70.9888,            ,            ,            ,
                              ,   18948.950,       1.014,       0.483,     57.6441,       0.483,     35.1508,            ,            ,            ,            ,            ,       0.483,     76.1438,       0.483,    116.5284,            ,            ,            ,            ,            ,       0.483,     69.3059,       0.483,     31.0344,            ,            ,            ,   19457.736,       0.737,       0.483,     35.3423,       0.483,     44.5652,            ,            ,            ,            ,            ,       0.483,      9.1430,       0.483,     16.9437,            ,            ,            ,   19734.996,       0.790,       0.483,     91.5588,       0.483,     67.9704,            ,            ,            ,
                              ,   18949.953,       1.003,       0.487,     34.6096,       0.487,     32.6163,            ,            ,            ,            ,            ,       0.487,    105.9118,       0.487,    113.0002,            ,            ,            ,            ,            ,       0.487,     66.3505,       0.487,     30.1271,            ,            ,            ,   19458.465,       0.729,       0.487,     45.6413,       0.487,     42.5808,            ,            ,            ,            ,            ,       0.487,     11.3879,       0.487,     16.8020,            ,            ,            ,   19735.787,       0.791,       0.487,    310.4138,       0.487,     65.0450,            ,            ,            ,
                              ,   18950.972,       1.019,       0.490,     19.6667,       0.490,     30.3148,            ,            ,            ,            ,            ,       0.490,    125.9879,       0.490,    108.2161,            ,            ,            ,            ,            ,       0.490,     58.1515,       0.490,     29.3532,            ,            ,            ,   19459.195,       0.730,       0.490,      7.3672,       0.490,     40.6994,            ,            ,            ,            ,            ,       0.490,     13.8981,       0.490,     16.6687,            ,            ,            ,   19736.612,       0.825,       0.490,    191.8399,       0.490,     62.2080,            ,            ,            ,
                              ,   18952.027,       1.055,       0.493,      6.5300,       0.493,     28.2235,            ,            ,            ,            ,            ,       0.493,    131.7790,       0.493,    102.0465,            ,            ,            ,            ,            ,       0.493,     46.3170,       0.493,     28.6967,            ,            ,            ,   19459.922,       0.727,       0.493,     40.2869,       0.493,     38.9195,            ,            ,            ,            ,            ,       0.493,     16.6240,       0.493,     16.5423,            ,            ,            ,   19737.469,       0.857,       0.493,    104.6119,       0.493,     59.4561,            ,            ,            ,
                              ,   18953.118,       1.091,       0.497,      1.3513,       0.497,     26.3219,            ,            ,            ,            ,            ,       0.497,    123.1409,       0.497,     94.5382,            ,            ,            ,            ,            ,       0.497,     34.1317,       0.497,     28.1424,            ,            ,            ,   19460.643,       0.721,       0.497,      9.2815,       0.497,     37.2387,            ,            ,            ,            ,            ,       0.497,     19.3776,       0.497,     16.4212,            ,            ,            ,   19738.346,       0.877,       0.497,     51.2348,       0.497,     56.7869,            ,            ,            ,
                              ,   18954.235,       1.117,       0.500,      6.3861,       0.500,     24.5910,            ,            ,            ,            ,            ,       0.500,    103.6350,       0.500,     85.9359,            ,            ,            ,            ,            ,       0.500,     25.3929,       0.500,     27.6750,            ,            ,            ,   19461.365,       0.722,       0.500,     12.0649,       0.500,     35.6544,            ,            ,            ,            ,            ,       0.500,     21.8300,       0.500,     16.3040,            ,            ,            ,   19739.190,       0.844,       0.500,     53.3635,       0.500,     54.1987,            ,            ,            ,
                              ,   18955.411,       1.176,            ,            ,            ,            ,            ,            ,            ,            ,            ,            ,            ,            ,            ,            ,            ,            ,            ,            ,            ,            ,            ,            ,            ,            ,            ,   19462.074,       0.709,            ,            ,            ,            ,            ,            ,            ,            ,            ,            ,            ,            ,            ,            ,            ,            ,   19740.015,       0.825,            ,            ,            ,            ,            ,            ,            ,
                              ,   18956.626,       1.215,            ,            ,            ,            ,            ,            ,            ,            ,            ,            ,            ,            ,            ,            ,            ,            ,            ,            ,            ,            ,            ,            ,            ,            ,            ,   19462.777,       0.703,            ,            ,            ,            ,            ,            ,            ,            ,            ,            ,            ,            ,            ,            ,            ,            ,   19740.816,       0.801,            ,            ,            ,            ,            ,            ,            ,
                              ,   18957.882,       1.256,            ,            ,            ,            ,            ,            ,            ,            ,            ,            ,            ,            ,            ,            ,            ,            ,            ,            ,            ,            ,            ,            ,            ,            ,            ,   19463.474,       0.697,            ,            ,            ,            ,            ,            ,            ,            ,            ,            ,            ,            ,            ,            ,            ,            ,   19741.615,       0.799,            ,            ,            ,            ,            ,            ,            ,
                              ,   18959.128,       1.246,            ,            ,            ,            ,            ,            ,            ,            ,            ,            ,            ,            ,            ,            ,            ,            ,            ,            ,            ,            ,            ,            ,            ,            ,            ,   19464.164,       0.690,            ,            ,            ,            ,            ,            ,            ,            ,            ,            ,            ,            ,            ,            ,            ,            ,   19742.420,       0.805,            ,            ,            ,            ,            ,            ,            ,
                              ,   18960.326,       1.198,            ,            ,            ,            ,            ,            ,            ,            ,            ,            ,            ,            ,            ,            ,            ,            ,            ,            ,            ,            ,            ,            ,            ,            ,            ,   19464.854,       0.690,            ,            ,            ,            ,            ,            ,            ,            ,            ,            ,            ,            ,            ,            ,            ,            ,   19743.265,       0.845,            ,            ,            ,            ,            ,            ,            ,
                              ,   18961.488,       1.162,            ,            ,            ,            ,            ,            ,            ,            ,            ,            ,            ,            ,            ,            ,            ,            ,            ,            ,            ,            ,            ,            ,            ,            ,            ,   19465.545,       0.691,            ,            ,            ,            ,            ,            ,            ,            ,            ,            ,            ,            ,            ,            ,            ,            ,   19744.175,       0.910,            ,            ,            ,            ,            ,            ,            ,
                              ,   18962.605,       1.117,            ,            ,            ,            ,            ,            ,            ,            ,            ,            ,            ,            ,            ,            ,            ,            ,            ,            ,            ,            ,            ,            ,            ,            ,            ,   19466.238,       0.693,            ,            ,            ,            ,            ,            ,            ,            ,            ,            ,            ,            ,            ,            ,            ,            ,   19745.072,       0.897,            ,            ,            ,            ,            ,            ,            ,
                              ,   18963.688,       1.083,            ,            ,            ,            ,            ,            ,            ,            ,            ,            ,            ,            ,            ,            ,            ,            ,            ,            ,            ,            ,            ,            ,            ,            ,            ,   19466.942,       0.704,            ,            ,            ,            ,            ,            ,            ,            ,            ,            ,            ,            ,            ,            ,            ,            ,   19745.935,       0.863,            ,            ,            ,            ,            ,            ,            ,
                              ,   18964.729,       1.041,            ,            ,            ,            ,            ,            ,            ,            ,            ,            ,            ,            ,            ,            ,            ,            ,            ,            ,            ,            ,            ,            ,            ,            ,            ,   19467.662,       0.720,            ,            ,            ,            ,            ,            ,            ,            ,            ,            ,            ,            ,            ,            ,            ,            ,   19746.762,       0.827,            ,            ,            ,            ,            ,            ,            ,
                              ,   18965.720,       0.991,            ,            ,            ,            ,            ,            ,            ,            ,            ,            ,            ,            ,            ,            ,            ,            ,            ,            ,            ,            ,            ,            ,            ,            ,            ,   19468.407,       0.745,            ,            ,            ,            ,            ,            ,            ,            ,            ,            ,            ,            ,            ,            ,            ,            ,   19747.582,       0.820,            ,            ,            ,            ,            ,            ,            ,
                              ,   18966.663,       0.943,            ,            ,            ,            ,            ,            ,            ,            ,            ,            ,            ,            ,            ,            ,            ,            ,            ,            ,            ,            ,            ,            ,            ,            ,            ,   19469.175,       0.768,            ,            ,            ,            ,            ,            ,            ,            ,            ,            ,            ,            ,            ,            ,            ,            ,   19748.400,       0.818,            ,            ,            ,            ,            ,            ,            ,
                              ,   18967.605,       0.942,            ,            ,            ,            ,            ,            ,            ,            ,            ,            ,            ,            ,            ,            ,            ,            ,            ,            ,            ,            ,            ,            ,            ,            ,            ,   19469.963,       0.788,            ,            ,            ,            ,            ,            ,            ,            ,            ,            ,            ,            ,            ,            ,            ,            ,   19749.254,       0.854,            ,            ,            ,            ,            ,            ,            ,
                              ,   18968.532,       0.927,            ,            ,            ,            ,            ,            ,            ,            ,            ,            ,            ,            ,            ,            ,            ,            ,            ,            ,            ,            ,            ,            ,            ,            ,            ,   19470.766,       0.803,            ,            ,            ,            ,            ,            ,            ,            ,            ,            ,            ,            ,            ,            ,            ,            ,   19750.185,       0.931,            ,            ,            ,            ,            ,            ,            ,
                              ,   18969.414,       0.882,            ,            ,            ,            ,            ,            ,            ,            ,            ,            ,            ,            ,            ,            ,            ,            ,            ,            ,            ,            ,            ,            ,            ,            ,            ,   19471.577,       0.811,            ,            ,            ,            ,            ,            ,            ,            ,            ,            ,            ,            ,            ,            ,            ,            ,   19751.094,       0.909,            ,            ,            ,            ,            ,            ,            ,
                              ,   18970.253,       0.848,            ,            ,            ,            ,            ,            ,            ,            ,            ,            ,            ,            ,            ,            ,            ,            ,            ,            ,            ,            ,            ,            ,            ,            ,            ,   19472.385,       0.808,            ,            ,            ,            ,            ,            ,            ,            ,            ,            ,            ,            ,            ,            ,            ,            ,   19751.969,       0.875,            ,            ,            ,            ,            ,            ,            ,
                              ,   18971.084,       0.838,            ,            ,            ,            ,            ,            ,            ,            ,            ,            ,            ,            ,            ,            ,            ,            ,            ,            ,            ,            ,            ,            ,            ,            ,            ,   19473.189,       0.804,            ,            ,            ,            ,            ,            ,            ,            ,            ,            ,            ,            ,            ,            ,            ,            ,   19752.811,       0.842,            ,            ,            ,            ,            ,            ,            ,
                              ,   18971.941,       0.857,            ,            ,            ,            ,            ,            ,            ,            ,            ,            ,            ,            ,            ,            ,            ,            ,            ,            ,            ,            ,            ,            ,            ,            ,            ,   19473.979,       0.790,            ,            ,            ,            ,            ,            ,            ,            ,            ,            ,            ,            ,            ,            ,            ,            ,   19753.654,       0.843,            ,            ,            ,            ,            ,            ,            ,
                              ,   18972.849,       0.908,            ,            ,            ,            ,            ,            ,            ,            ,            ,            ,            ,            ,            ,            ,            ,            ,            ,            ,            ,            ,            ,            ,            ,            ,            ,   19474.755,       0.776,            ,            ,            ,            ,            ,            ,            ,            ,            ,            ,            ,            ,            ,            ,            ,            ,   19754.502,       0.848,            ,            ,            ,            ,            ,            ,            ,
                              ,   18973.874,       1.025,            ,            ,            ,            ,            ,            ,            ,            ,            ,            ,            ,            ,            ,            ,            ,            ,            ,            ,            ,            ,            ,            ,            ,            ,            ,   19475.515,       0.760,            ,            ,            ,            ,            ,            ,            ,            ,            ,            ,            ,            ,            ,            ,            ,            ,   19755.413,       0.911,            ,            ,            ,            ,            ,            ,            ,
                              ,   18975.139,       1.265,            ,            ,            ,            ,            ,            ,            ,            ,            ,            ,            ,            ,            ,            ,            ,            ,            ,            ,            ,            ,            ,            ,            ,            ,            ,   19476.255,       0.740,            ,            ,            ,            ,            ,            ,            ,            ,            ,            ,            ,            ,            ,            ,            ,            ,   19756.408,       0.995,            ,            ,            ,            ,            ,            ,            ,
                              ,   18976.427,       1.349,            ,            ,            ,            ,            ,            ,            ,            ,            ,            ,            ,            ,            ,            ,            ,            ,            ,            ,            ,            ,            ,            ,            ,            ,            ,   19476.977,       0.722,            ,            ,            ,            ,            ,            ,            ,            ,            ,            ,            ,            ,            ,            ,            ,            ,   19757.349,       0.941,            ,            ,            ,            ,            ,            ,            ,
                              ,   18977.709,       1.297,            ,            ,            ,            ,            ,            ,            ,            ,            ,            ,            ,            ,            ,            ,            ,            ,            ,            ,            ,            ,            ,            ,            ,            ,            ,   19477.688,       0.711,            ,            ,            ,            ,            ,            ,            ,            ,            ,            ,            ,            ,            ,            ,            ,            ,   19758.256,       0.907,            ,            ,            ,            ,            ,            ,            ,
                              ,   18978.942,       1.233,            ,            ,            ,            ,            ,            ,            ,            ,            ,            ,            ,            ,            ,            ,            ,            ,            ,            ,            ,            ,            ,            ,            ,            ,            ,   19478.390,       0.702,            ,            ,            ,            ,            ,            ,            ,            ,            ,            ,            ,            ,            ,            ,            ,            ,   19759.120,       0.864,            ,            ,            ,            ,            ,            ,            ,
                              ,   18980.175,       1.233,            ,            ,            ,            ,            ,            ,            ,            ,            ,            ,            ,            ,            ,            ,            ,            ,            ,            ,            ,            ,            ,            ,            ,            ,            ,   19479.089,       0.699,            ,            ,            ,            ,            ,            ,            ,            ,            ,            ,            ,            ,            ,            ,            ,            ,   19759.974,       0.854,            ,            ,            ,            ,            ,            ,            ,
                              ,   18981.379,       1.204,            ,            ,            ,            ,            ,            ,            ,            ,            ,            ,            ,            ,            ,            ,            ,            ,            ,            ,            ,            ,            ,            ,            ,            ,            ,   19479.786,       0.697,            ,            ,            ,            ,            ,            ,            ,            ,            ,            ,            ,            ,            ,            ,            ,            ,   19760.832,       0.858,            ,            ,            ,            ,            ,            ,            ,
                              ,   18982.521,       1.142,            ,            ,            ,            ,            ,            ,            ,            ,            ,            ,            ,            ,            ,            ,            ,            ,            ,            ,            ,            ,            ,            ,            ,            ,            ,   19480.502,       0.716,            ,            ,            ,            ,            ,            ,            ,            ,            ,            ,            ,            ,            ,            ,            ,            ,   19761.778,       0.946,            ,            ,            ,            ,            ,            ,            ,
                              ,   18983.620,       1.099,            ,            ,            ,            ,            ,            ,            ,            ,            ,            ,            ,            ,            ,            ,            ,            ,            ,            ,            ,            ,            ,            ,            ,            ,            ,   19481.241,       0.739,            ,            ,            ,            ,            ,            ,            ,            ,            ,            ,            ,            ,            ,            ,            ,            ,   19762.756,       0.978,            ,            ,            ,            ,            ,            ,            ,
                              ,   18984.656,       1.036,            ,            ,            ,            ,            ,            ,            ,            ,            ,            ,            ,            ,            ,            ,            ,            ,            ,            ,            ,            ,            ,            ,            ,            ,            ,   19482.032,       0.791,            ,            ,            ,            ,            ,            ,            ,            ,            ,            ,            ,            ,            ,            ,            ,            ,   19763.700,       0.944,            ,            ,            ,            ,            ,            ,            ,
                              ,   18985.665,       1.009,            ,            ,            ,            ,            ,            ,            ,            ,            ,            ,            ,            ,            ,            ,            ,            ,            ,            ,            ,            ,            ,            ,            ,            ,            ,   19482.850,       0.818,            ,            ,            ,            ,            ,            ,            ,            ,            ,            ,            ,            ,            ,            ,            ,            ,   19764.601,       0.901,            ,            ,            ,            ,            ,            ,            ,
                              ,   18986.660,       0.995,            ,            ,            ,            ,            ,            ,            ,            ,            ,            ,            ,            ,            ,            ,            ,            ,            ,            ,            ,            ,            ,            ,            ,            ,            ,   19483.671,       0.821,            ,            ,            ,            ,            ,            ,            ,            ,            ,            ,            ,            ,            ,            ,            ,            ,   19765.455,       0.854,            ,            ,            ,            ,            ,            ,            ,
                              ,   18987.639,       0.979,            ,            ,            ,            ,            ,            ,            ,            ,            ,            ,            ,            ,            ,            ,            ,            ,            ,            ,            ,            ,            ,            ,            ,            ,            ,   19484.481,       0.810,            ,            ,            ,            ,            ,            ,            ,            ,            ,            ,            ,            ,            ,            ,            ,            ,   19766.310,       0.855,            ,            ,            ,            ,            ,            ,            ,
                              ,   18988.624,       0.985,            ,            ,            ,            ,            ,            ,            ,            ,            ,            ,            ,            ,            ,            ,            ,            ,            ,            ,            ,            ,            ,            ,            ,            ,            ,   19485.272,       0.791,            ,            ,            ,            ,            ,            ,            ,            ,            ,            ,            ,            ,            ,            ,            ,            ,   19767.165,       0.855,            ,            ,            ,            ,            ,            ,            ,
                              ,   18989.620,       0.996,            ,            ,            ,            ,            ,            ,            ,            ,            ,            ,            ,            ,            ,            ,            ,            ,            ,            ,            ,            ,            ,            ,            ,            ,            ,   19486.051,       0.779,            ,            ,            ,            ,            ,            ,            ,            ,            ,            ,            ,            ,            ,            ,            ,            ,   19768.056,       0.891,            ,            ,            ,            ,            ,            ,            ,
                              ,   18990.645,       1.025,            ,            ,            ,            ,            ,            ,            ,            ,            ,            ,            ,            ,            ,            ,            ,            ,            ,            ,            ,            ,            ,            ,            ,            ,            ,   19486.835,       0.784,            ,            ,            ,            ,            ,            ,            ,            ,            ,            ,            ,            ,            ,            ,            ,            ,   19769.145,       1.089,            ,            ,            ,            ,            ,            ,            ,
                              ,   18991.707,       1.062,            ,            ,            ,            ,            ,            ,            ,            ,            ,            ,            ,            ,            ,            ,            ,            ,            ,            ,            ,            ,            ,            ,            ,            ,            ,   19487.614,       0.779,            ,            ,            ,            ,            ,            ,            ,            ,            ,            ,            ,            ,            ,            ,            ,            ,   19770.229,       1.084,            ,            ,            ,            ,            ,            ,            ,
                              ,   18992.763,       1.056,            ,            ,            ,            ,            ,            ,            ,            ,            ,            ,            ,            ,            ,            ,            ,            ,            ,            ,            ,            ,            ,            ,            ,            ,            ,   19488.412,       0.798,            ,            ,            ,            ,            ,            ,            ,            ,            ,            ,            ,            ,            ,            ,            ,            ,   19771.212,       0.983,            ,            ,            ,            ,            ,            ,            ,
                              ,   18993.828,       1.065,            ,            ,            ,            ,            ,            ,            ,            ,            ,            ,            ,            ,            ,            ,            ,            ,            ,            ,            ,            ,            ,            ,            ,            ,            ,   19489.222,       0.810,            ,            ,            ,            ,            ,            ,            ,            ,            ,            ,            ,            ,            ,            ,            ,            ,   19772.129,       0.917,            ,            ,            ,            ,            ,            ,            ,
                              ,   18994.891,       1.063,            ,            ,            ,            ,            ,            ,            ,            ,            ,            ,            ,            ,            ,            ,            ,            ,            ,            ,            ,            ,            ,            ,            ,            ,            ,   19490.041,       0.819,            ,            ,            ,            ,            ,            ,            ,            ,            ,            ,            ,            ,            ,            ,            ,            ,   19773.006,       0.877,            ,            ,            ,            ,            ,            ,            ,
                              ,   18995.941,       1.050,            ,            ,            ,            ,            ,            ,            ,            ,            ,            ,            ,            ,            ,            ,            ,            ,            ,            ,            ,            ,            ,            ,            ,            ,            ,   19490.861,       0.820,            ,            ,            ,            ,            ,            ,            ,            ,            ,            ,            ,            ,            ,            ,            ,            ,   19773.882,       0.876,            ,            ,            ,            ,            ,            ,            ,
                              ,   18997.003,       1.062,            ,            ,            ,            ,            ,            ,            ,            ,            ,            ,            ,            ,            ,            ,            ,            ,            ,            ,            ,            ,            ,            ,            ,            ,            ,   19491.674,       0.813,            ,            ,            ,            ,            ,            ,            ,            ,            ,            ,            ,            ,            ,            ,            ,            ,   19774.762,       0.880,            ,            ,            ,            ,            ,            ,            ,
                              ,   18998.125,       1.122,            ,            ,            ,            ,            ,            ,            ,            ,            ,            ,            ,            ,            ,            ,            ,            ,            ,            ,            ,            ,            ,            ,            ,            ,            ,   19492.477,       0.803,            ,            ,            ,            ,            ,            ,            ,            ,            ,            ,            ,            ,            ,            ,            ,            ,   19775.715,       0.953,            ,            ,            ,            ,            ,            ,            ,
                              ,   18999.288,       1.163,            ,            ,            ,            ,            ,            ,            ,            ,            ,            ,            ,            ,            ,            ,            ,            ,            ,            ,            ,            ,            ,            ,            ,            ,            ,   19493.290,       0.813,            ,            ,            ,            ,            ,            ,            ,            ,            ,            ,            ,            ,            ,            ,            ,            ,   19776.835,       1.120,            ,            ,            ,            ,            ,            ,            ,
                              ,   19000.422,       1.134,            ,            ,            ,            ,            ,            ,            ,            ,            ,            ,            ,            ,            ,            ,            ,            ,            ,            ,            ,            ,            ,            ,            ,            ,            ,   19494.130,       0.840,            ,            ,            ,            ,            ,            ,            ,            ,            ,            ,            ,            ,            ,            ,            ,            ,   19777.876,       1.041,            ,            ,            ,            ,            ,            ,            ,
                              ,   19001.547,       1.125,            ,            ,            ,            ,            ,            ,            ,            ,            ,            ,            ,            ,            ,            ,            ,            ,            ,            ,            ,            ,            ,            ,            ,            ,            ,   19495.007,       0.877,            ,            ,            ,            ,            ,            ,            ,            ,            ,            ,            ,            ,            ,            ,            ,            ,   19778.820,       0.944,            ,            ,            ,            ,            ,            ,            ,
                              ,   19002.627,       1.080,            ,            ,            ,            ,            ,            ,            ,            ,            ,            ,            ,            ,            ,            ,            ,            ,            ,            ,            ,            ,            ,            ,            ,            ,            ,   19495.933,       0.926,            ,            ,            ,            ,            ,            ,            ,            ,            ,            ,            ,            ,            ,            ,            ,            ,   19779.687,       0.867,            ,            ,            ,            ,            ,            ,            ,
                              ,   19003.673,       1.046,            ,            ,            ,            ,            ,            ,            ,            ,            ,            ,            ,            ,            ,            ,            ,            ,            ,            ,            ,            ,            ,            ,            ,            ,            ,   19496.875,       0.942,            ,            ,            ,            ,            ,            ,            ,            ,            ,            ,            ,            ,            ,            ,            ,            ,   19780.546,       0.859,            ,            ,            ,            ,            ,            ,            ,
                              ,   19004.681,       1.008,            ,            ,            ,            ,            ,            ,            ,            ,            ,            ,            ,            ,            ,            ,            ,            ,            ,            ,            ,            ,            ,            ,            ,            ,            ,   19497.783,       0.908,            ,            ,            ,            ,            ,            ,            ,            ,            ,            ,            ,            ,            ,            ,            ,            ,   19781.412,       0.866,            ,            ,            ,            ,            ,            ,            ,
                              ,   19005.658,       0.977,            ,            ,            ,            ,            ,            ,            ,            ,            ,            ,            ,            ,            ,            ,            ,            ,            ,            ,            ,            ,            ,            ,            ,            ,            ,   19498.644,       0.861,            ,            ,            ,            ,            ,            ,            ,            ,            ,            ,            ,            ,            ,            ,            ,            ,   19782.323,       0.911,            ,            ,            ,            ,            ,            ,            ,
                              ,   19006.641,       0.983,            ,            ,            ,            ,            ,            ,            ,            ,            ,            ,            ,            ,            ,            ,            ,            ,            ,            ,            ,            ,            ,            ,            ,            ,            ,   19499.469,       0.825,            ,            ,            ,            ,            ,            ,            ,            ,            ,            ,            ,            ,            ,            ,            ,            ,   19783.431,       1.108,            ,            ,            ,            ,            ,            ,            ,
                              ,   19007.660,       1.019,            ,            ,            ,            ,            ,            ,            ,            ,            ,            ,            ,            ,            ,            ,            ,            ,            ,            ,            ,            ,            ,            ,            ,            ,            ,   19500.264,       0.795,            ,            ,            ,            ,            ,            ,            ,            ,            ,            ,            ,            ,            ,            ,            ,            ,   19784.517,       1.086,            ,            ,            ,            ,            ,            ,            ,
                              ,   19008.688,       1.028,            ,            ,            ,            ,            ,            ,            ,            ,            ,            ,            ,            ,            ,            ,            ,            ,            ,            ,            ,            ,            ,            ,            ,            ,            ,   19501.037,       0.773,            ,            ,            ,            ,            ,            ,            ,            ,            ,            ,            ,            ,            ,            ,            ,            ,   19785.492,       0.975,            ,            ,            ,            ,            ,            ,            ,
                              ,   19009.747,       1.059,            ,            ,            ,            ,            ,            ,            ,            ,            ,            ,            ,            ,            ,            ,            ,            ,            ,            ,            ,            ,            ,            ,            ,            ,            ,   19501.794,       0.757,            ,            ,            ,            ,            ,            ,            ,            ,            ,            ,            ,            ,            ,            ,            ,            ,   19786.386,       0.894,            ,            ,            ,            ,            ,            ,            ,
                              ,   19010.825,       1.078,            ,            ,            ,            ,            ,            ,            ,            ,            ,            ,            ,            ,            ,            ,            ,            ,            ,            ,            ,            ,            ,            ,            ,            ,            ,   19502.542,       0.748,            ,            ,            ,            ,            ,            ,            ,            ,            ,            ,            ,            ,            ,            ,            ,            ,   19787.252,       0.866,            ,            ,            ,            ,            ,            ,            ,
                              ,   19011.850,       1.025,            ,            ,            ,            ,            ,            ,            ,            ,            ,            ,            ,            ,            ,            ,            ,            ,            ,            ,            ,            ,            ,            ,            ,            ,            ,   19503.290,       0.748,            ,            ,            ,            ,            ,            ,            ,            ,            ,            ,            ,            ,            ,            ,            ,            ,   19788.123,       0.871,            ,            ,            ,            ,            ,            ,            ,
                              ,   19012.894,       1.044,            ,            ,            ,            ,            ,            ,            ,            ,            ,            ,            ,            ,            ,            ,            ,            ,            ,            ,            ,            ,            ,            ,            ,            ,            ,   19504.037,       0.747,            ,            ,            ,            ,            ,            ,            ,            ,            ,            ,            ,            ,            ,            ,            ,            ,   19789.028,       0.905,            ,            ,            ,            ,            ,            ,            ,
                              ,   19013.982,       1.088,            ,            ,            ,            ,            ,            ,            ,            ,            ,            ,            ,            ,            ,            ,            ,            ,            ,            ,            ,            ,            ,            ,            ,            ,            ,   19504.797,       0.760,            ,            ,            ,            ,            ,            ,            ,            ,            ,            ,            ,            ,            ,            ,            ,            ,   19790.297,       1.049,            ,            ,            ,            ,            ,            ,            ,
                              ,   19015.124,       1.142,            ,            ,            ,            ,            ,            ,            ,            ,            ,            ,            ,            ,            ,            ,            ,            ,            ,            ,            ,            ,            ,            ,            ,            ,            ,   19505.574,       0.777,            ,            ,            ,            ,            ,            ,            ,            ,            ,            ,            ,            ,            ,            ,            ,            ,   19791.456,       1.159,            ,            ,            ,            ,            ,            ,            ,
                              ,   19016.296,       1.172,            ,            ,            ,            ,            ,            ,            ,            ,            ,            ,            ,            ,            ,            ,            ,            ,            ,            ,            ,            ,            ,            ,            ,            ,            ,   19506.369,       0.795,            ,            ,            ,            ,            ,            ,            ,            ,            ,            ,            ,            ,            ,            ,            ,            ,   19792.550,       1.094,            ,            ,            ,            ,            ,            ,            ,
                              ,   19017.545,       1.249,            ,            ,            ,            ,            ,            ,            ,            ,            ,            ,            ,            ,            ,            ,            ,            ,            ,            ,            ,            ,            ,            ,            ,            ,            ,   19507.195,       0.826,            ,            ,            ,            ,            ,            ,            ,            ,            ,            ,            ,            ,            ,            ,            ,            ,   19793.510,       0.960,            ,            ,            ,            ,            ,            ,            ,
                              ,   19018.788,       1.243,            ,            ,            ,            ,            ,            ,            ,            ,            ,            ,            ,            ,            ,            ,            ,            ,            ,            ,            ,            ,            ,            ,            ,            ,            ,   19508.037,       0.842,            ,            ,            ,            ,            ,            ,            ,            ,            ,            ,            ,            ,            ,            ,            ,            ,   19794.357,       0.847,            ,            ,            ,            ,            ,            ,            ,
                              ,   19020.025,       1.237,            ,            ,            ,            ,            ,            ,            ,            ,            ,            ,            ,            ,            ,            ,            ,            ,            ,            ,            ,            ,            ,            ,            ,            ,            ,   19508.873,       0.836,            ,            ,            ,            ,            ,            ,            ,            ,            ,            ,            ,            ,            ,            ,            ,            ,   19795.159,       0.802,            ,            ,            ,            ,            ,            ,            ,
                              ,   19021.280,       1.255,            ,            ,            ,            ,            ,            ,            ,            ,            ,            ,            ,            ,            ,            ,            ,            ,            ,            ,            ,            ,            ,            ,            ,            ,            ,   19509.683,       0.810,            ,            ,            ,            ,            ,            ,            ,            ,            ,            ,            ,            ,            ,            ,            ,            ,   19795.965,       0.806,            ,            ,            ,            ,            ,            ,            ,
                              ,   19022.459,       1.179,            ,            ,            ,            ,            ,            ,            ,            ,            ,            ,            ,            ,            ,            ,            ,            ,            ,            ,            ,            ,            ,            ,            ,            ,            ,   19510.472,       0.789,            ,            ,            ,            ,            ,            ,            ,            ,            ,            ,            ,            ,            ,            ,            ,            ,   19796.825,       0.860,            ,            ,            ,            ,            ,            ,            ,
                              ,   19023.572,       1.113,            ,            ,            ,            ,            ,            ,            ,            ,            ,            ,            ,            ,            ,            ,            ,            ,            ,            ,            ,            ,            ,            ,            ,            ,            ,   19511.251,       0.779,            ,            ,            ,            ,            ,            ,            ,            ,            ,            ,            ,            ,            ,            ,            ,            ,   19797.733,       0.908,            ,            ,            ,            ,            ,            ,            ,
                              ,   19024.633,       1.061,            ,            ,            ,            ,            ,            ,            ,            ,            ,            ,            ,            ,            ,            ,            ,            ,            ,            ,            ,            ,            ,            ,            ,            ,            ,   19512.021,       0.770,            ,            ,            ,            ,            ,            ,            ,            ,            ,            ,            ,            ,            ,            ,            ,            ,   19798.913,       1.180,            ,            ,            ,            ,            ,            ,            ,
                              ,   19025.655,       1.022,            ,            ,            ,            ,            ,            ,            ,            ,            ,            ,            ,            ,            ,            ,            ,            ,            ,            ,            ,            ,            ,            ,            ,            ,            ,   19512.787,       0.766,            ,            ,            ,            ,            ,            ,            ,            ,            ,            ,            ,            ,            ,            ,            ,            ,   19800.027,       1.114,            ,            ,            ,            ,            ,            ,            ,
                              ,   19026.640,       0.985,            ,            ,            ,            ,            ,            ,            ,            ,            ,            ,            ,            ,            ,            ,            ,            ,            ,            ,            ,            ,            ,            ,            ,            ,            ,   19513.556,       0.769,            ,            ,            ,            ,            ,            ,            ,            ,            ,            ,            ,            ,            ,            ,            ,            ,   19801.065,       1.038,            ,            ,            ,            ,            ,            ,            ,
                              ,   19027.566,       0.926,            ,            ,            ,            ,            ,            ,            ,            ,            ,            ,            ,            ,            ,            ,            ,            ,            ,            ,            ,            ,            ,            ,            ,            ,            ,   19514.335,       0.779,            ,            ,            ,            ,            ,            ,            ,            ,            ,            ,            ,            ,            ,            ,            ,            ,   19802.158,       1.093,            ,            ,            ,            ,            ,            ,            ,
                              ,   19028.474,       0.908,            ,            ,            ,            ,            ,            ,            ,            ,            ,            ,            ,            ,            ,            ,            ,            ,            ,            ,            ,            ,            ,            ,            ,            ,            ,   19515.121,       0.786,            ,            ,            ,            ,            ,            ,            ,            ,            ,            ,            ,            ,            ,            ,            ,            ,   19803.218,       1.060,            ,            ,            ,            ,            ,            ,            ,
                              ,   19029.346,       0.872,            ,            ,            ,            ,            ,            ,            ,            ,            ,            ,            ,            ,            ,            ,            ,            ,            ,            ,            ,            ,            ,            ,            ,            ,            ,   19515.904,       0.783,            ,            ,            ,            ,            ,            ,            ,            ,            ,            ,            ,            ,            ,            ,            ,            ,   19804.203,       0.985,            ,            ,            ,            ,            ,            ,            ,
                              ,   19030.252,       0.906,            ,            ,            ,            ,            ,            ,            ,            ,            ,            ,            ,            ,            ,            ,            ,            ,            ,            ,            ,            ,            ,            ,            ,            ,            ,   19516.677,       0.773,            ,            ,            ,            ,            ,            ,            ,            ,            ,            ,            ,            ,            ,            ,            ,            ,   19805.233,       1.030,            ,            ,            ,            ,            ,            ,            ,
                              ,   19031.303,       1.051,            ,            ,            ,            ,            ,            ,            ,            ,            ,            ,            ,            ,            ,            ,            ,            ,            ,            ,            ,            ,            ,            ,            ,            ,            ,   19517.454,       0.777,            ,            ,            ,            ,            ,            ,            ,            ,            ,            ,            ,            ,            ,            ,            ,            ,   19806.246,       1.013,            ,            ,            ,            ,            ,            ,            ,
                              ,   19032.399,       1.096,            ,            ,            ,            ,            ,            ,            ,            ,            ,            ,            ,            ,            ,            ,            ,            ,            ,            ,            ,            ,            ,            ,            ,            ,            ,   19518.231,       0.777,            ,            ,            ,            ,            ,            ,            ,            ,            ,            ,            ,            ,            ,            ,            ,            ,   19807.178,       0.932,            ,            ,            ,            ,            ,            ,            ,
                              ,   19033.479,       1.080,            ,            ,            ,            ,            ,            ,            ,            ,            ,            ,            ,            ,            ,            ,            ,            ,            ,            ,            ,            ,            ,            ,            ,            ,            ,   19519.005,       0.774,            ,            ,            ,            ,            ,            ,            ,            ,            ,            ,            ,            ,            ,            ,            ,            ,   19808.116,       0.938,            ,            ,            ,            ,            ,            ,            ,
                              ,   19034.593,       1.114,            ,            ,            ,            ,            ,            ,            ,            ,            ,            ,            ,            ,            ,            ,            ,            ,            ,            ,            ,            ,            ,            ,            ,            ,            ,   19519.778,       0.773,            ,            ,            ,            ,            ,            ,            ,            ,            ,            ,            ,            ,            ,            ,            ,            ,   19809.161,       1.045,            ,            ,            ,            ,            ,            ,            ,
                              ,   19035.772,       1.179,            ,            ,            ,            ,            ,            ,            ,            ,            ,            ,            ,            ,            ,            ,            ,            ,            ,            ,            ,            ,            ,            ,            ,            ,            ,   19520.547,       0.769,            ,            ,            ,            ,            ,            ,            ,            ,            ,            ,            ,            ,            ,            ,            ,            ,   19810.220,       1.059,            ,            ,            ,            ,            ,            ,            ,
                              ,   19037.016,       1.244,            ,            ,            ,            ,            ,            ,            ,            ,            ,            ,            ,            ,            ,            ,            ,            ,            ,            ,            ,            ,            ,            ,            ,            ,            ,   19521.318,       0.771,            ,            ,            ,            ,            ,            ,            ,            ,            ,            ,            ,            ,            ,            ,            ,            ,   19811.247,       1.027,            ,            ,            ,            ,            ,            ,            ,
                              ,   19038.263,       1.247,            ,            ,            ,            ,            ,            ,            ,            ,            ,            ,            ,            ,            ,            ,            ,            ,            ,            ,            ,            ,            ,            ,            ,            ,            ,   19522.091,       0.773,            ,            ,            ,            ,            ,            ,            ,            ,            ,            ,            ,            ,            ,            ,            ,            ,   19812.310,       1.063,            ,            ,            ,            ,            ,            ,            ,
                              ,   19039.468,       1.205,            ,            ,            ,            ,            ,            ,            ,            ,            ,            ,            ,            ,            ,            ,            ,            ,            ,            ,            ,            ,            ,            ,            ,            ,            ,   19522.883,       0.792,            ,            ,            ,            ,            ,            ,            ,            ,            ,            ,            ,            ,            ,            ,            ,            ,   19813.404,       1.094,            ,            ,            ,            ,            ,            ,            ,
                              ,   19040.636,       1.168,            ,            ,            ,            ,            ,            ,            ,            ,            ,            ,            ,            ,            ,            ,            ,            ,            ,            ,            ,            ,            ,            ,            ,            ,            ,   19523.718,       0.835,            ,            ,            ,            ,            ,            ,            ,            ,            ,            ,            ,            ,            ,            ,            ,            ,   19814.437,       1.033,            ,            ,            ,            ,            ,            ,            ,
                              ,   19041.761,       1.125,            ,            ,            ,            ,            ,            ,            ,            ,            ,            ,            ,            ,            ,            ,            ,            ,            ,            ,            ,            ,            ,            ,            ,            ,            ,   19524.588,       0.870,            ,            ,            ,            ,            ,            ,            ,            ,            ,            ,            ,            ,            ,            ,            ,            ,   19815.464,       1.027,            ,            ,            ,            ,            ,            ,            ,
                              ,   19042.844,       1.083,            ,            ,            ,            ,            ,            ,            ,            ,            ,            ,            ,            ,            ,            ,            ,            ,            ,            ,            ,            ,            ,            ,            ,            ,            ,   19525.503,       0.915,            ,            ,            ,            ,            ,            ,            ,            ,            ,            ,            ,            ,            ,            ,            ,            ,   19816.485,       1.021,            ,            ,            ,            ,            ,            ,            ,
                              ,   19043.880,       1.036,            ,            ,            ,            ,            ,            ,            ,            ,            ,            ,            ,            ,            ,            ,            ,            ,            ,            ,            ,            ,            ,            ,            ,            ,            ,   19526.406,       0.903,            ,            ,            ,            ,            ,            ,            ,            ,            ,            ,            ,            ,            ,            ,            ,            ,   19817.452,       0.967,            ,            ,            ,            ,            ,            ,            ,
                              ,   19044.890,       1.010,            ,            ,            ,            ,            ,            ,            ,            ,            ,            ,            ,            ,            ,            ,            ,            ,            ,            ,            ,            ,            ,            ,            ,            ,            ,   19527.287,       0.881,            ,            ,            ,            ,            ,            ,            ,            ,            ,            ,            ,            ,            ,            ,            ,            ,   19818.426,       0.974,            ,            ,            ,            ,            ,            ,            ,
                              ,   19045.908,       1.018,            ,            ,            ,            ,            ,            ,            ,            ,            ,            ,            ,            ,            ,            ,            ,            ,            ,            ,            ,            ,            ,            ,            ,            ,            ,   19528.148,       0.861,            ,            ,            ,            ,            ,            ,            ,            ,            ,            ,            ,            ,            ,            ,            ,            ,   19819.504,       1.078,            ,            ,            ,            ,            ,            ,            ,
                              ,   19046.948,       1.040,            ,            ,            ,            ,            ,            ,            ,            ,            ,            ,            ,            ,            ,            ,            ,            ,            ,            ,            ,            ,            ,            ,            ,            ,            ,   19528.982,       0.834,            ,            ,            ,            ,            ,            ,            ,            ,            ,            ,            ,            ,            ,            ,            ,            ,   19820.559,       1.055,            ,            ,            ,            ,            ,            ,            ,
                              ,   19047.993,       1.045,            ,            ,            ,            ,            ,            ,            ,            ,            ,            ,            ,            ,            ,            ,            ,            ,            ,            ,            ,            ,            ,            ,            ,            ,            ,   19529.795,       0.813,            ,            ,            ,            ,            ,            ,            ,            ,            ,            ,            ,            ,            ,            ,            ,            ,   19821.537,       0.978,            ,            ,            ,            ,            ,            ,            ,
                              ,   19049.042,       1.049,            ,            ,            ,            ,            ,            ,            ,            ,            ,            ,            ,            ,            ,            ,            ,            ,            ,            ,            ,            ,            ,            ,            ,            ,            ,   19530.596,       0.801,            ,            ,            ,            ,            ,            ,            ,            ,            ,            ,            ,            ,            ,            ,            ,            ,   19822.512,       0.975,            ,            ,            ,            ,            ,            ,            ,
                              ,   19050.109,       1.067,            ,            ,            ,            ,            ,            ,            ,            ,            ,            ,            ,            ,            ,            ,            ,            ,            ,            ,            ,            ,            ,            ,            ,            ,            ,   19531.383,       0.787,            ,            ,            ,            ,            ,            ,            ,            ,            ,            ,            ,            ,            ,            ,            ,            ,   19823.558,       1.046,            ,            ,            ,            ,            ,            ,            ,
                              ,   19051.179,       1.070,            ,            ,            ,            ,            ,            ,            ,            ,            ,            ,            ,            ,            ,            ,            ,            ,            ,            ,            ,            ,            ,            ,            ,            ,            ,   19532.166,       0.783,            ,            ,            ,            ,            ,            ,            ,            ,            ,            ,            ,            ,            ,            ,            ,            ,   19824.662,       1.104,            ,            ,            ,            ,            ,            ,            ,
                              ,   19052.316,       1.137,            ,            ,            ,            ,            ,            ,            ,            ,            ,            ,            ,            ,            ,            ,            ,            ,            ,            ,            ,            ,            ,            ,            ,            ,            ,   19532.936,       0.770,            ,            ,            ,            ,            ,            ,            ,            ,            ,            ,            ,            ,            ,            ,            ,            ,   19825.713,       1.051,            ,            ,            ,            ,            ,            ,            ,
                              ,   19053.511,       1.195,            ,            ,            ,            ,            ,            ,            ,            ,            ,            ,            ,            ,            ,            ,            ,            ,            ,            ,            ,            ,            ,            ,            ,            ,            ,   19533.709,       0.773,            ,            ,            ,            ,            ,            ,            ,            ,            ,            ,            ,            ,            ,            ,            ,            ,   19826.726,       1.013,            ,            ,            ,            ,            ,            ,            ,
                              ,   19054.717,       1.206,            ,            ,            ,            ,            ,            ,            ,            ,            ,            ,            ,            ,            ,            ,            ,            ,            ,            ,            ,            ,            ,            ,            ,            ,            ,   19534.483,       0.774,            ,            ,            ,            ,            ,            ,            ,            ,            ,            ,            ,            ,            ,            ,            ,            ,   19827.797,       1.071,            ,            ,            ,            ,            ,            ,            ,
                              ,   19055.999,       1.282,            ,            ,            ,            ,            ,            ,            ,            ,            ,            ,            ,            ,            ,            ,            ,            ,            ,            ,            ,            ,            ,            ,            ,            ,            ,   19535.261,       0.778,            ,            ,            ,            ,            ,            ,            ,            ,            ,            ,            ,            ,            ,            ,            ,            ,   19828.840,       1.043,            ,            ,            ,            ,            ,            ,            ,
                              ,   19057.240,       1.241,            ,            ,            ,            ,            ,            ,            ,            ,            ,            ,            ,            ,            ,            ,            ,            ,            ,            ,            ,            ,            ,            ,            ,            ,            ,   19536.044,       0.783,            ,            ,            ,            ,            ,            ,            ,            ,            ,            ,            ,            ,            ,            ,            ,            ,   19829.815,       0.975,            ,            ,            ,            ,            ,            ,            ,
                              ,   19058.428,       1.188,            ,            ,            ,            ,            ,            ,            ,            ,            ,            ,            ,            ,            ,            ,            ,            ,            ,            ,            ,            ,            ,            ,            ,            ,            ,   19536.829,       0.785,            ,            ,            ,            ,            ,            ,            ,            ,            ,            ,            ,            ,            ,            ,            ,            ,   19830.817,       1.002,            ,            ,            ,            ,            ,            ,            ,
                              ,   19059.553,       1.125,            ,            ,            ,            ,            ,            ,            ,            ,            ,            ,            ,            ,            ,            ,            ,            ,            ,            ,            ,            ,            ,            ,            ,            ,            ,   19537.616,       0.787,            ,            ,            ,            ,            ,            ,            ,            ,            ,            ,            ,            ,            ,            ,            ,            ,   19831.862,       1.045,            ,            ,            ,            ,            ,            ,            ,
                              ,   19060.623,       1.070,            ,            ,            ,            ,            ,            ,            ,            ,            ,            ,            ,            ,            ,            ,            ,            ,            ,            ,            ,            ,            ,            ,            ,            ,            ,   19538.406,       0.790,            ,            ,            ,            ,            ,            ,            ,            ,            ,            ,            ,            ,            ,            ,            ,            ,   19832.901,       1.039,            ,            ,            ,            ,            ,            ,            ,
                              ,   19061.680,       1.057,            ,            ,            ,            ,            ,            ,            ,            ,            ,            ,            ,            ,            ,            ,            ,            ,            ,            ,            ,            ,            ,            ,            ,            ,            ,   19539.200,       0.794,            ,            ,            ,            ,            ,            ,            ,            ,            ,            ,            ,            ,            ,            ,            ,            ,   19833.872,       0.971,            ,            ,            ,            ,            ,            ,            ,
                              ,   19062.706,       1.026,            ,            ,            ,            ,            ,            ,            ,            ,            ,            ,            ,            ,            ,            ,            ,            ,            ,            ,            ,            ,            ,            ,            ,            ,            ,   19539.989,       0.789,            ,            ,            ,            ,            ,            ,            ,            ,            ,            ,            ,            ,            ,            ,            ,            ,   19834.871,       0.999,            ,            ,            ,            ,            ,            ,            ,
                              ,   19063.690,       0.984,            ,            ,            ,            ,            ,            ,            ,            ,            ,            ,            ,            ,            ,            ,            ,            ,            ,            ,            ,            ,            ,            ,            ,            ,            ,   19540.775,       0.786,            ,            ,            ,            ,            ,            ,            ,            ,            ,            ,            ,            ,            ,            ,            ,            ,   19835.918,       1.047,            ,            ,            ,            ,            ,            ,            ,
                              ,   19064.647,       0.957,            ,            ,            ,            ,            ,            ,            ,            ,            ,            ,            ,            ,            ,            ,            ,            ,            ,            ,            ,            ,            ,            ,            ,            ,            ,   19541.549,       0.774,            ,            ,            ,            ,            ,            ,            ,            ,            ,            ,            ,            ,            ,            ,            ,            ,   19836.963,       1.045,            ,            ,            ,            ,            ,            ,            ,
                              ,   19065.599,       0.952,            ,            ,            ,            ,            ,            ,            ,            ,            ,            ,            ,            ,            ,            ,            ,            ,            ,            ,            ,            ,            ,            ,            ,            ,            ,   19542.321,       0.772,            ,            ,            ,            ,            ,            ,            ,            ,            ,            ,            ,            ,            ,            ,            ,            ,   19837.965,       1.002,            ,            ,            ,            ,            ,            ,            ,
                              ,   19066.572,       0.973,            ,            ,            ,            ,            ,            ,            ,            ,            ,            ,            ,            ,            ,            ,            ,            ,            ,            ,            ,            ,            ,            ,            ,            ,            ,   19543.088,       0.767,            ,            ,            ,            ,            ,            ,            ,            ,            ,            ,            ,            ,            ,            ,            ,            ,   19838.975,       1.010,            ,            ,            ,            ,            ,            ,            ,
                              ,   19067.544,       0.972,            ,            ,            ,            ,            ,            ,            ,            ,            ,            ,            ,            ,            ,            ,            ,            ,            ,            ,            ,            ,            ,            ,            ,            ,            ,   19543.864,       0.776,            ,            ,            ,            ,            ,            ,            ,            ,            ,            ,            ,            ,            ,            ,            ,            ,   19840.071,       1.096,            ,            ,            ,            ,            ,            ,            ,
                              ,   19068.111,       1.043,            ,            ,            ,            ,            ,            ,            ,            ,            ,            ,            ,            ,            ,            ,            ,            ,            ,            ,            ,            ,            ,            ,            ,            ,            ,   19544.637,       0.773,            ,            ,            ,            ,            ,            ,            ,            ,            ,            ,            ,            ,            ,            ,            ,            ,   19841.189,       1.118,            ,            ,            ,            ,            ,            ,            ,
                              ,   19069.226,       1.115,            ,            ,            ,            ,            ,            ,            ,            ,            ,            ,            ,            ,            ,            ,            ,            ,            ,            ,            ,            ,            ,            ,            ,            ,            ,   19545.411,       0.774,            ,            ,            ,            ,            ,            ,            ,            ,            ,            ,            ,            ,            ,            ,            ,            ,   19842.252,       1.063,            ,            ,            ,            ,            ,            ,            ,
                              ,   19070.330,       1.104,            ,            ,            ,            ,            ,            ,            ,            ,            ,            ,            ,            ,            ,            ,            ,            ,            ,            ,            ,            ,            ,            ,            ,            ,            ,   19546.189,       0.778,            ,            ,            ,            ,            ,            ,            ,            ,            ,            ,            ,            ,            ,            ,            ,            ,   19843.233,       0.981,            ,            ,            ,            ,            ,            ,            ,
                              ,   19071.411,       1.081,            ,            ,            ,            ,            ,            ,            ,            ,            ,            ,            ,            ,            ,            ,            ,            ,            ,            ,            ,            ,            ,            ,            ,            ,            ,   19546.969,       0.780,            ,            ,            ,            ,            ,            ,            ,            ,            ,            ,            ,            ,            ,            ,            ,            ,   19844.273,       1.040,            ,            ,            ,            ,            ,            ,            ,
                              ,   19072.505,       1.094,            ,            ,            ,            ,            ,            ,            ,            ,            ,            ,            ,            ,            ,            ,            ,            ,            ,            ,            ,            ,            ,            ,            ,            ,            ,   19547.747,       0.778,            ,            ,            ,            ,            ,            ,            ,            ,            ,            ,            ,            ,            ,            ,            ,            ,   19845.357,       1.084,            ,            ,            ,            ,            ,            ,            ,
                              ,   19073.572,       1.067,            ,            ,            ,            ,            ,            ,            ,            ,            ,            ,            ,            ,            ,            ,            ,            ,            ,            ,            ,            ,            ,            ,            ,            ,            ,   19548.526,       0.779,            ,            ,            ,            ,            ,            ,            ,            ,            ,            ,            ,            ,            ,            ,            ,            ,   19846.401,       1.044,            ,            ,            ,            ,            ,            ,            ,
                              ,   19074.677,       1.105,            ,            ,            ,            ,            ,            ,            ,            ,            ,            ,            ,            ,            ,            ,            ,            ,            ,            ,            ,            ,            ,            ,            ,            ,            ,   19549.307,       0.781,            ,            ,            ,            ,            ,            ,            ,            ,            ,            ,            ,            ,            ,            ,            ,            ,   19847.427,       1.026,            ,            ,            ,            ,            ,            ,            ,
                              ,   19075.869,       1.192,            ,            ,            ,            ,            ,            ,            ,            ,            ,            ,            ,            ,            ,            ,            ,            ,            ,            ,            ,            ,            ,            ,            ,            ,            ,   19550.081,       0.774,            ,            ,            ,            ,            ,            ,            ,            ,            ,            ,            ,            ,            ,            ,            ,            ,   19848.573,       1.146,            ,            ,            ,            ,            ,            ,            ,
                              ,   19077.060,       1.191,            ,            ,            ,            ,            ,            ,            ,            ,            ,            ,            ,            ,            ,            ,            ,            ,            ,            ,            ,            ,            ,            ,            ,            ,            ,   19550.853,       0.772,            ,            ,            ,            ,            ,            ,            ,            ,            ,            ,            ,            ,            ,            ,            ,            ,   19849.688,       1.115,            ,            ,            ,            ,            ,            ,            ,
                              ,   19078.175,       1.115,            ,            ,            ,            ,            ,            ,            ,            ,            ,            ,            ,            ,            ,            ,            ,            ,            ,            ,            ,            ,            ,            ,            ,            ,            ,   19551.622,       0.769,            ,            ,            ,            ,            ,            ,            ,            ,            ,            ,            ,            ,            ,            ,            ,            ,   19850.755,       1.067,            ,            ,            ,            ,            ,            ,            ,
                              ,   19079.300,       1.125,            ,            ,            ,            ,            ,            ,            ,            ,            ,            ,            ,            ,            ,            ,            ,            ,            ,            ,            ,            ,            ,            ,            ,            ,            ,   19552.388,       0.766,            ,            ,            ,            ,            ,            ,            ,            ,            ,            ,            ,            ,            ,            ,            ,            ,   19851.850,       1.095,            ,            ,            ,            ,            ,            ,            ,
                              ,   19080.372,       1.072,            ,            ,            ,            ,            ,            ,            ,            ,            ,            ,            ,            ,            ,            ,            ,            ,            ,            ,            ,            ,            ,            ,            ,            ,            ,   19553.151,       0.763,            ,            ,            ,            ,            ,            ,            ,            ,            ,            ,            ,            ,            ,            ,            ,            ,   19852.947,       1.097,            ,            ,            ,            ,            ,            ,            ,
                              ,   19081.409,       1.037,            ,            ,            ,            ,            ,            ,            ,            ,            ,            ,            ,            ,            ,            ,            ,            ,            ,            ,            ,            ,            ,            ,            ,            ,            ,   19553.922,       0.771,            ,            ,            ,            ,            ,            ,            ,            ,            ,            ,            ,            ,            ,            ,            ,            ,   19853.980,       1.033,            ,            ,            ,            ,            ,            ,            ,
                              ,   19082.423,       1.014,            ,            ,            ,            ,            ,            ,            ,            ,            ,            ,            ,            ,            ,            ,            ,            ,            ,            ,            ,            ,            ,            ,            ,            ,            ,   19554.691,       0.769,            ,            ,            ,            ,            ,            ,            ,            ,            ,            ,            ,            ,            ,            ,            ,            ,   19854.971,       0.991,            ,            ,            ,            ,            ,            ,            ,
                              ,   19083.480,       1.057,            ,            ,            ,            ,            ,            ,            ,            ,            ,            ,            ,            ,            ,            ,            ,            ,            ,            ,            ,            ,            ,            ,            ,            ,            ,   19555.480,       0.789,            ,            ,            ,            ,            ,            ,            ,            ,            ,            ,            ,            ,            ,            ,            ,            ,   19855.998,       1.027,            ,            ,            ,            ,            ,            ,            ,
                              ,   19084.587,       1.107,            ,            ,            ,            ,            ,            ,            ,            ,            ,            ,            ,            ,            ,            ,            ,            ,            ,            ,            ,            ,            ,            ,            ,            ,            ,   19556.286,       0.806,            ,            ,            ,            ,            ,            ,            ,            ,            ,            ,            ,            ,            ,            ,            ,            ,   19856.998,       1.000,            ,            ,            ,            ,            ,            ,            ,
                              ,   19085.696,       1.109,            ,            ,            ,            ,            ,            ,            ,            ,            ,            ,            ,            ,            ,            ,            ,            ,            ,            ,            ,            ,            ,            ,            ,            ,            ,   19557.094,       0.808,            ,            ,            ,            ,            ,            ,            ,            ,            ,            ,            ,            ,            ,            ,            ,            ,   19857.994,       0.996,            ,            ,            ,            ,            ,            ,            ,
                              ,   19086.804,       1.108,            ,            ,            ,            ,            ,            ,            ,            ,            ,            ,            ,            ,            ,            ,            ,            ,            ,            ,            ,            ,            ,            ,            ,            ,            ,   19557.907,       0.813,            ,            ,            ,            ,            ,            ,            ,            ,            ,            ,            ,            ,            ,            ,            ,            ,   19859.106,       1.112,            ,            ,            ,            ,            ,            ,            ,
                              ,   19087.915,       1.111,            ,            ,            ,            ,            ,            ,            ,            ,            ,            ,            ,            ,            ,            ,            ,            ,            ,            ,            ,            ,            ,            ,            ,            ,            ,   19558.727,       0.820,            ,            ,            ,            ,            ,            ,            ,            ,            ,            ,            ,            ,            ,            ,            ,            ,   19860.180,       1.074,            ,            ,            ,            ,            ,            ,            ,
                              ,   19089.021,       1.106,            ,            ,            ,            ,            ,            ,            ,            ,            ,            ,            ,            ,            ,            ,            ,            ,            ,            ,            ,            ,            ,            ,            ,            ,            ,   19559.534,       0.807,            ,            ,            ,            ,            ,            ,            ,            ,            ,            ,            ,            ,            ,            ,            ,            ,   19861.188,       1.008,            ,            ,            ,            ,            ,            ,            ,
                              ,   19090.115,       1.094,            ,            ,            ,            ,            ,            ,            ,            ,            ,            ,            ,            ,            ,            ,            ,            ,            ,            ,            ,            ,            ,            ,            ,            ,            ,   19560.340,       0.806,            ,            ,            ,            ,            ,            ,            ,            ,            ,            ,            ,            ,            ,            ,            ,            ,   19862.310,       1.122,            ,            ,            ,            ,            ,            ,            ,
                              ,   19091.209,       1.094,            ,            ,            ,            ,            ,            ,            ,            ,            ,            ,            ,            ,            ,            ,            ,            ,            ,            ,            ,            ,            ,            ,            ,            ,            ,   19561.135,       0.795,            ,            ,            ,            ,            ,            ,            ,            ,            ,            ,            ,            ,            ,            ,            ,            ,   19863.414,       1.104,            ,            ,            ,            ,            ,            ,            ,
                              ,   19092.335,       1.126,            ,            ,            ,            ,            ,            ,            ,            ,            ,            ,            ,            ,            ,            ,            ,            ,            ,            ,            ,            ,            ,            ,            ,            ,            ,   19561.926,       0.791,            ,            ,            ,            ,            ,            ,            ,            ,            ,            ,            ,            ,            ,            ,            ,            ,   19864.468,       1.054,            ,            ,            ,            ,            ,            ,            ,
                              ,   19093.480,       1.145,            ,            ,            ,            ,            ,            ,            ,            ,            ,            ,            ,            ,            ,            ,            ,            ,            ,            ,            ,            ,            ,            ,            ,            ,            ,   19562.706,       0.780,            ,            ,            ,            ,            ,            ,            ,            ,            ,            ,            ,            ,            ,            ,            ,            ,   19865.488,       1.020,            ,            ,            ,            ,            ,            ,            ,
                              ,   19094.618,       1.138,            ,            ,            ,            ,            ,            ,            ,            ,            ,            ,            ,            ,            ,            ,            ,            ,            ,            ,            ,            ,            ,            ,            ,            ,            ,   19563.481,       0.775,            ,            ,            ,            ,            ,            ,            ,            ,            ,            ,            ,            ,            ,            ,            ,            ,   19866.593,       1.105,            ,            ,            ,            ,            ,            ,            ,
                              ,   19095.788,       1.170,            ,            ,            ,            ,            ,            ,            ,            ,            ,            ,            ,            ,            ,            ,            ,            ,            ,            ,            ,            ,            ,            ,            ,            ,            ,   19564.247,       0.766,            ,            ,            ,            ,            ,            ,            ,            ,            ,            ,            ,            ,            ,            ,            ,            ,   19867.687,       1.094,            ,            ,            ,            ,            ,            ,            ,
                              ,   19096.951,       1.163,            ,            ,            ,            ,            ,            ,            ,            ,            ,            ,            ,            ,            ,            ,            ,            ,            ,            ,            ,            ,            ,            ,            ,            ,            ,   19565.018,       0.771,            ,            ,            ,            ,            ,            ,            ,            ,            ,            ,            ,            ,            ,            ,            ,            ,   19868.718,       1.031,            ,            ,            ,            ,            ,            ,            ,
                              ,   19098.171,       1.220,            ,            ,            ,            ,            ,            ,            ,            ,            ,            ,            ,            ,            ,            ,            ,            ,            ,            ,            ,            ,            ,            ,            ,            ,            ,   19565.791,       0.773,            ,            ,            ,            ,            ,            ,            ,            ,            ,            ,            ,            ,            ,            ,            ,            ,   19869.814,       1.096,            ,            ,            ,            ,            ,            ,            ,
                              ,   19099.442,       1.271,            ,            ,            ,            ,            ,            ,            ,            ,            ,            ,            ,            ,            ,            ,            ,            ,            ,            ,            ,            ,            ,            ,            ,            ,            ,   19566.588,       0.797,            ,            ,            ,            ,            ,            ,            ,            ,            ,            ,            ,            ,            ,            ,            ,            ,   19870.937,       1.123,            ,            ,            ,            ,            ,            ,            ,
                              ,   19100.707,       1.265,            ,            ,            ,            ,            ,            ,            ,            ,            ,            ,            ,            ,            ,            ,            ,            ,            ,            ,            ,            ,            ,            ,            ,            ,            ,   19567.397,       0.809,            ,            ,            ,            ,            ,            ,            ,            ,            ,            ,            ,            ,            ,            ,            ,            ,   19872.009,       1.072,            ,            ,            ,            ,            ,            ,            ,
                              ,   19101.936,       1.229,            ,            ,            ,            ,            ,            ,            ,            ,            ,            ,            ,            ,            ,            ,            ,            ,            ,            ,            ,            ,            ,            ,            ,            ,            ,   19568.219,       0.822,            ,            ,            ,            ,            ,            ,            ,            ,            ,            ,            ,            ,            ,            ,            ,            ,   19873.058,       1.049,            ,            ,            ,            ,            ,            ,            ,
                              ,   19103.082,       1.146,            ,            ,            ,            ,            ,            ,            ,            ,            ,            ,            ,            ,            ,            ,            ,            ,            ,            ,            ,            ,            ,            ,            ,            ,            ,   19569.046,       0.827,            ,            ,            ,            ,            ,            ,            ,            ,            ,            ,            ,            ,            ,            ,            ,            ,   19874.103,       1.045,            ,            ,            ,            ,            ,            ,            ,
                              ,   19104.200,       1.118,            ,            ,            ,            ,            ,            ,            ,            ,            ,            ,            ,            ,            ,            ,            ,            ,            ,            ,            ,            ,            ,            ,            ,            ,            ,   19569.888,       0.842,            ,            ,            ,            ,            ,            ,            ,            ,            ,            ,            ,            ,            ,            ,            ,            ,   19875.237,       1.134,            ,            ,            ,            ,            ,            ,            ,
                              ,   19105.268,       1.068,            ,            ,            ,            ,            ,            ,            ,            ,            ,            ,            ,            ,            ,            ,            ,            ,            ,            ,            ,            ,            ,            ,            ,            ,            ,   19570.733,       0.845,            ,            ,            ,            ,            ,            ,            ,            ,            ,            ,            ,            ,            ,            ,            ,            ,   19876.346,       1.109,            ,            ,            ,            ,            ,            ,            ,
                              ,   19106.262,       0.994,            ,            ,            ,            ,            ,            ,            ,            ,            ,            ,            ,            ,            ,            ,            ,            ,            ,            ,            ,            ,            ,            ,            ,            ,            ,   19571.579,       0.846,            ,            ,            ,            ,            ,            ,            ,            ,            ,            ,            ,            ,            ,            ,            ,            ,   19877.352,       1.006,            ,            ,            ,            ,            ,            ,            ,
                              ,   19107.228,       0.966,            ,            ,            ,            ,            ,            ,            ,            ,            ,            ,            ,            ,            ,            ,            ,            ,            ,            ,            ,            ,            ,            ,            ,            ,            ,   19572.421,       0.842,            ,            ,            ,            ,            ,            ,            ,            ,            ,            ,            ,            ,            ,            ,            ,            ,   19878.301,       0.949,            ,            ,            ,            ,            ,            ,            ,
                              ,   19108.192,       0.964,            ,            ,            ,            ,            ,            ,            ,            ,            ,            ,            ,            ,            ,            ,            ,            ,            ,            ,            ,            ,            ,            ,            ,            ,            ,   19573.266,       0.845,            ,            ,            ,            ,            ,            ,            ,            ,            ,            ,            ,            ,            ,            ,            ,            ,   19879.248,       0.947,            ,            ,            ,            ,            ,            ,            ,
                              ,   19109.176,       0.984,            ,            ,            ,            ,            ,            ,            ,            ,            ,            ,            ,            ,            ,            ,            ,            ,            ,            ,            ,            ,            ,            ,            ,            ,            ,   19574.108,       0.842,            ,            ,            ,            ,            ,            ,            ,            ,            ,            ,            ,            ,            ,            ,            ,            ,   19880.240,       0.992,            ,            ,            ,            ,            ,            ,            ,
                              ,   19110.150,       0.974,            ,            ,            ,            ,            ,            ,            ,            ,            ,            ,            ,            ,            ,            ,            ,            ,            ,            ,            ,            ,            ,            ,            ,            ,            ,   19574.937,       0.829,            ,            ,            ,            ,            ,            ,            ,            ,            ,            ,            ,            ,            ,            ,            ,            ,   19881.403,       1.163,            ,            ,            ,            ,            ,            ,            ,
                              ,   19111.160,       1.010,            ,            ,            ,            ,            ,            ,            ,            ,            ,            ,            ,            ,            ,            ,            ,            ,            ,            ,            ,            ,            ,            ,            ,            ,            ,   19575.734,       0.797,            ,            ,            ,            ,            ,            ,            ,            ,            ,            ,            ,            ,            ,            ,            ,            ,   19882.550,       1.147,            ,            ,            ,            ,            ,            ,            ,
                              ,   19112.266,       1.106,            ,            ,            ,            ,            ,            ,            ,            ,            ,            ,            ,            ,            ,            ,            ,            ,            ,            ,            ,            ,            ,            ,            ,            ,            ,   19576.510,       0.776,            ,            ,            ,            ,            ,            ,            ,            ,            ,            ,            ,            ,            ,            ,            ,            ,   19883.658,       1.108,            ,            ,            ,            ,            ,            ,            ,
                              ,   19113.453,       1.187,            ,            ,            ,            ,            ,            ,            ,            ,            ,            ,            ,            ,            ,            ,            ,            ,            ,            ,            ,            ,            ,            ,            ,            ,            ,   19577.271,       0.761,            ,            ,            ,            ,            ,            ,            ,            ,            ,            ,            ,            ,            ,            ,            ,            ,   19884.675,       1.017,            ,            ,            ,            ,            ,            ,            ,
                              ,   19114.658,       1.205,            ,            ,            ,            ,            ,            ,            ,            ,            ,            ,            ,            ,            ,            ,            ,            ,            ,            ,            ,            ,            ,            ,            ,            ,            ,   19578.026,       0.755,            ,            ,            ,            ,            ,            ,            ,            ,            ,            ,            ,            ,            ,            ,            ,            ,   19885.652,       0.977,            ,            ,            ,            ,            ,            ,            ,
                              ,   19115.967,       1.309,            ,            ,            ,            ,            ,            ,            ,            ,            ,            ,            ,            ,            ,            ,            ,            ,            ,            ,            ,            ,            ,            ,            ,            ,            ,   19578.781,       0.755,            ,            ,            ,            ,            ,            ,            ,            ,            ,            ,            ,            ,            ,            ,            ,            ,   19886.647,       0.995,            ,            ,            ,            ,            ,            ,            ,
                              ,   19117.180,       1.213,            ,            ,            ,            ,            ,            ,            ,            ,            ,            ,            ,            ,            ,            ,            ,            ,            ,            ,            ,            ,            ,            ,            ,            ,            ,   19579.553,       0.772,            ,            ,            ,            ,            ,            ,            ,            ,            ,            ,            ,            ,            ,            ,            ,            ,   19887.723,       1.076,            ,            ,            ,            ,            ,            ,            ,
                              ,   19118.342,       1.162,            ,            ,            ,            ,            ,            ,            ,            ,            ,            ,            ,            ,            ,            ,            ,            ,            ,            ,            ,            ,            ,            ,            ,            ,            ,   19580.343,       0.790,            ,            ,            ,            ,            ,            ,            ,            ,            ,            ,            ,            ,            ,            ,            ,            ,   19888.829,       1.106,            ,            ,            ,            ,            ,            ,            ,
                              ,   19119.476,       1.134,            ,            ,            ,            ,            ,            ,            ,            ,            ,            ,            ,            ,            ,            ,            ,            ,            ,            ,            ,            ,            ,            ,            ,            ,            ,   19581.141,       0.798,            ,            ,            ,            ,            ,            ,            ,            ,            ,            ,            ,            ,            ,            ,            ,            ,   19889.948,       1.119,            ,            ,            ,            ,            ,            ,            ,
                              ,   19120.577,       1.101,            ,            ,            ,            ,            ,            ,            ,            ,            ,            ,            ,            ,            ,            ,            ,            ,            ,            ,            ,            ,            ,            ,            ,            ,            ,   19581.944,       0.803,            ,            ,            ,            ,            ,            ,            ,            ,            ,            ,            ,            ,            ,            ,            ,            ,   19891.013,       1.065,            ,            ,            ,            ,            ,            ,            ,
                              ,   19121.616,       1.039,            ,            ,            ,            ,            ,            ,            ,            ,            ,            ,            ,            ,            ,            ,            ,            ,            ,            ,            ,            ,            ,            ,            ,            ,            ,   19582.771,       0.827,            ,            ,            ,            ,            ,            ,            ,            ,            ,            ,            ,            ,            ,            ,            ,            ,   19892.058,       1.045,            ,            ,            ,            ,            ,            ,            ,
                              ,   19122.622,       1.006,            ,            ,            ,            ,            ,            ,            ,            ,            ,            ,            ,            ,            ,            ,            ,            ,            ,            ,            ,            ,            ,            ,            ,            ,            ,   19583.623,       0.852,            ,            ,            ,            ,            ,            ,            ,            ,            ,            ,            ,            ,            ,            ,            ,            ,   19893.097,       1.039,            ,            ,            ,            ,            ,            ,            ,
                              ,   19123.615,       0.993,            ,            ,            ,            ,            ,            ,            ,            ,            ,            ,            ,            ,            ,            ,            ,            ,            ,            ,            ,            ,            ,            ,            ,            ,            ,   19584.479,       0.856,            ,            ,            ,            ,            ,            ,            ,            ,            ,            ,            ,            ,            ,            ,            ,            ,   19894.170,       1.073,            ,            ,            ,            ,            ,            ,            ,
                              ,   19124.618,       1.003,            ,            ,            ,            ,            ,            ,            ,            ,            ,            ,            ,            ,            ,            ,            ,            ,            ,            ,            ,            ,            ,            ,            ,            ,            ,            ,            ,            ,            ,            ,            ,            ,            ,            ,            ,            ,            ,            ,            ,            ,            ,            ,            ,   19895.293,       1.123,            ,            ,            ,            ,            ,            ,            ,
                              ,   19125.638,       1.020,            ,            ,            ,            ,            ,            ,            ,            ,            ,            ,            ,            ,            ,            ,            ,            ,            ,            ,            ,            ,            ,            ,            ,            ,            ,            ,            ,            ,            ,            ,            ,            ,            ,            ,            ,            ,            ,            ,            ,            ,            ,            ,            ,   19896.397,       1.104,            ,            ,            ,            ,            ,            ,            ,
                              ,   19126.717,       1.079,            ,            ,            ,            ,            ,            ,            ,            ,            ,            ,            ,            ,            ,            ,            ,            ,            ,            ,            ,            ,            ,            ,            ,            ,            ,            ,            ,            ,            ,            ,            ,            ,            ,            ,            ,            ,            ,            ,            ,            ,            ,            ,            ,   19897.454,       1.057,            ,            ,            ,            ,            ,            ,            ,
                              ,   19127.781,       1.064,            ,            ,            ,            ,            ,            ,            ,            ,            ,            ,            ,            ,            ,            ,            ,            ,            ,            ,            ,            ,            ,            ,            ,            ,            ,            ,            ,            ,            ,            ,            ,            ,            ,            ,            ,            ,            ,            ,            ,            ,            ,            ,            ,   19898.438,       0.984,            ,            ,            ,            ,            ,            ,            ,
                              ,   19128.874,       1.093,            ,            ,            ,            ,            ,            ,            ,            ,            ,            ,            ,            ,            ,            ,            ,            ,            ,            ,            ,            ,            ,            ,            ,            ,            ,            ,            ,            ,            ,            ,            ,            ,            ,            ,            ,            ,            ,            ,            ,            ,            ,            ,            ,   19899.415,       0.977,            ,            ,            ,            ,            ,            ,            ,
                              ,   19129.976,       1.102,            ,            ,            ,            ,            ,            ,            ,            ,            ,            ,            ,            ,            ,            ,            ,            ,            ,            ,            ,            ,            ,            ,            ,            ,            ,            ,            ,            ,            ,            ,            ,            ,            ,            ,            ,            ,            ,            ,            ,            ,            ,            ,            ,   19900.411,       0.996,            ,            ,            ,            ,            ,            ,            ,
                              ,   19131.097,       1.121,            ,            ,            ,            ,            ,            ,            ,            ,            ,            ,            ,            ,            ,            ,            ,            ,            ,            ,            ,            ,            ,            ,            ,            ,            ,            ,            ,            ,            ,            ,            ,            ,            ,            ,            ,            ,            ,            ,            ,            ,            ,            ,            ,   19901.465,       1.054,            ,            ,            ,            ,            ,            ,            ,
                              ,   19132.217,       1.120,            ,            ,            ,            ,            ,            ,            ,            ,            ,            ,            ,            ,            ,            ,            ,            ,            ,            ,            ,            ,            ,            ,            ,            ,            ,            ,            ,            ,            ,            ,            ,            ,            ,            ,            ,            ,            ,            ,            ,            ,            ,            ,            ,   19902.634,       1.169,            ,            ,            ,            ,            ,            ,            ,
                              ,   19133.364,       1.147,            ,            ,            ,            ,            ,            ,            ,            ,            ,            ,            ,            ,            ,            ,            ,            ,            ,            ,            ,            ,            ,            ,            ,            ,            ,            ,            ,            ,            ,            ,            ,            ,            ,            ,            ,            ,            ,            ,            ,            ,            ,            ,            ,   19903.790,       1.156,            ,            ,            ,            ,            ,            ,            ,
                              ,   19134.527,       1.163,            ,            ,            ,            ,            ,            ,            ,            ,            ,            ,            ,            ,            ,            ,            ,            ,            ,            ,            ,            ,            ,            ,            ,            ,            ,            ,            ,            ,            ,            ,            ,            ,            ,            ,            ,            ,            ,            ,            ,            ,            ,            ,            ,   19904.853,       1.063,            ,            ,            ,            ,            ,            ,            ,
                              ,   19135.696,       1.169,            ,            ,            ,            ,            ,            ,            ,            ,            ,            ,            ,            ,            ,            ,            ,            ,            ,            ,            ,            ,            ,            ,            ,            ,            ,            ,            ,            ,            ,            ,            ,            ,            ,            ,            ,            ,            ,            ,            ,            ,            ,            ,            ,   19905.888,       1.035,            ,            ,            ,            ,            ,            ,            ,
                              ,   19136.810,       1.114,            ,            ,            ,            ,            ,            ,            ,            ,            ,            ,            ,            ,            ,            ,            ,            ,            ,            ,            ,            ,            ,            ,            ,            ,            ,            ,            ,            ,            ,            ,            ,            ,            ,            ,            ,            ,            ,            ,            ,            ,            ,            ,            ,   19906.900,       1.012,            ,            ,            ,            ,            ,            ,            ,
                              ,   19137.888,       1.078,            ,            ,            ,            ,            ,            ,            ,            ,            ,            ,            ,            ,            ,            ,            ,            ,            ,            ,            ,            ,            ,            ,            ,            ,            ,            ,            ,            ,            ,            ,            ,            ,            ,            ,            ,            ,            ,            ,            ,            ,            ,            ,            ,   19907.918,       1.018,            ,            ,            ,            ,            ,            ,            ,
                              ,   19138.934,       1.046,            ,            ,            ,            ,            ,            ,            ,            ,            ,            ,            ,            ,            ,            ,            ,            ,            ,            ,            ,            ,            ,            ,            ,            ,            ,            ,            ,            ,            ,            ,            ,            ,            ,            ,            ,            ,            ,            ,            ,            ,            ,            ,            ,   19909.081,       1.163,            ,            ,            ,            ,            ,            ,            ,
                              ,   19139.942,       1.008,            ,            ,            ,            ,            ,            ,            ,            ,            ,            ,            ,            ,            ,            ,            ,            ,            ,            ,            ,            ,            ,            ,            ,            ,            ,            ,            ,            ,            ,            ,            ,            ,            ,            ,            ,            ,            ,            ,            ,            ,            ,            ,            ,   19910.289,       1.208,            ,            ,            ,            ,            ,            ,            ,
                              ,   19140.911,       0.969,            ,            ,            ,            ,            ,            ,            ,            ,            ,            ,            ,            ,            ,            ,            ,            ,            ,            ,            ,            ,            ,            ,            ,            ,            ,            ,            ,            ,            ,            ,            ,            ,            ,            ,            ,            ,            ,            ,            ,            ,            ,            ,            ,   19911.451,       1.162,            ,            ,            ,            ,            ,            ,            ,
                              ,   19141.907,       0.996,            ,            ,            ,            ,            ,            ,            ,            ,            ,            ,            ,            ,            ,            ,            ,            ,            ,            ,            ,            ,            ,            ,            ,            ,            ,            ,            ,            ,            ,            ,            ,            ,            ,            ,            ,            ,            ,            ,            ,            ,            ,            ,            ,   19912.712,       1.261,            ,            ,            ,            ,            ,            ,            ,
                              ,   19142.938,       1.031,            ,            ,            ,            ,            ,            ,            ,            ,            ,            ,            ,            ,            ,            ,            ,            ,            ,            ,            ,            ,            ,            ,            ,            ,            ,            ,            ,            ,            ,            ,            ,            ,            ,            ,            ,            ,            ,            ,            ,            ,            ,            ,            ,   19913.863,       1.151,            ,            ,            ,            ,            ,            ,            ,
                              ,   19143.985,       1.047,            ,            ,            ,            ,            ,            ,            ,            ,            ,            ,            ,            ,            ,            ,            ,            ,            ,            ,            ,            ,            ,            ,            ,            ,            ,            ,            ,            ,            ,            ,            ,            ,            ,            ,            ,            ,            ,            ,            ,            ,            ,            ,            ,   19914.966,       1.103,            ,            ,            ,            ,            ,            ,            ,
                              ,   19145.056,       1.071,            ,            ,            ,            ,            ,            ,            ,            ,            ,            ,            ,            ,            ,            ,            ,            ,            ,            ,            ,            ,            ,            ,            ,            ,            ,            ,            ,            ,            ,            ,            ,            ,            ,            ,            ,            ,            ,            ,            ,            ,            ,            ,            ,   19916.041,       1.075,            ,            ,            ,            ,            ,            ,            ,
                              ,   19146.138,       1.082,            ,            ,            ,            ,            ,            ,            ,            ,            ,            ,            ,            ,            ,            ,            ,            ,            ,            ,            ,            ,            ,            ,            ,            ,            ,            ,            ,            ,            ,            ,            ,            ,            ,            ,            ,            ,            ,            ,            ,            ,            ,            ,            ,   19917.107,       1.066,            ,            ,            ,            ,            ,            ,            ,
                              ,   19147.212,       1.074,            ,            ,            ,            ,            ,            ,            ,            ,            ,            ,            ,            ,            ,            ,            ,            ,            ,            ,            ,            ,            ,            ,            ,            ,            ,            ,            ,            ,            ,            ,            ,            ,            ,            ,            ,            ,            ,            ,            ,            ,            ,            ,            ,   19918.203,       1.096,            ,            ,            ,            ,            ,            ,            ,
                              ,   19148.292,       1.080,            ,            ,            ,            ,            ,            ,            ,            ,            ,            ,            ,            ,            ,            ,            ,            ,            ,            ,            ,            ,            ,            ,            ,            ,            ,            ,            ,            ,            ,            ,            ,            ,            ,            ,            ,            ,            ,            ,            ,            ,            ,            ,            ,   19919.265,       1.062,            ,            ,            ,            ,            ,            ,            ,
                              ,   19149.348,       1.056,            ,            ,            ,            ,            ,            ,            ,            ,            ,            ,            ,            ,            ,            ,            ,            ,            ,            ,            ,            ,            ,            ,            ,            ,            ,            ,            ,            ,            ,            ,            ,            ,            ,            ,            ,            ,            ,            ,            ,            ,            ,            ,            ,   19920.294,       1.029,            ,            ,            ,            ,            ,            ,            ,
                              ,   19150.439,       1.091,            ,            ,            ,            ,            ,            ,            ,            ,            ,            ,            ,            ,            ,            ,            ,            ,            ,            ,            ,            ,            ,            ,            ,            ,            ,            ,            ,            ,            ,            ,            ,            ,            ,            ,            ,            ,            ,            ,            ,            ,            ,            ,            ,   19921.319,       1.025,            ,            ,            ,            ,            ,            ,            ,
                              ,   19151.540,       1.101,            ,            ,            ,            ,            ,            ,            ,            ,            ,            ,            ,            ,            ,            ,            ,            ,            ,            ,            ,            ,            ,            ,            ,            ,            ,            ,            ,            ,            ,            ,            ,            ,            ,            ,            ,            ,            ,            ,            ,            ,            ,            ,            ,   19922.389,       1.070,            ,            ,            ,            ,            ,            ,            ,
                              ,   19152.694,       1.154,            ,            ,            ,            ,            ,            ,            ,            ,            ,            ,            ,            ,            ,            ,            ,            ,            ,            ,            ,            ,            ,            ,            ,            ,            ,            ,            ,            ,            ,            ,            ,            ,            ,            ,            ,            ,            ,            ,            ,            ,            ,            ,            ,   19923.521,       1.132,            ,            ,            ,            ,            ,            ,            ,
                              ,   19153.860,       1.166,            ,            ,            ,            ,            ,            ,            ,            ,            ,            ,            ,            ,            ,            ,            ,            ,            ,            ,            ,            ,            ,            ,            ,            ,            ,            ,            ,            ,            ,            ,            ,            ,            ,            ,            ,            ,            ,            ,            ,            ,            ,            ,            ,   19924.642,       1.121,            ,            ,            ,            ,            ,            ,            ,
                              ,   19154.979,       1.119,            ,            ,            ,            ,            ,            ,            ,            ,            ,            ,            ,            ,            ,            ,            ,            ,            ,            ,            ,            ,            ,            ,            ,            ,            ,            ,            ,            ,            ,            ,            ,            ,            ,            ,            ,            ,            ,            ,            ,            ,            ,            ,            ,   19925.723,       1.081,            ,            ,            ,            ,            ,            ,            ,
                              ,   19156.027,       1.048,            ,            ,            ,            ,            ,            ,            ,            ,            ,            ,            ,            ,            ,            ,            ,            ,            ,            ,            ,            ,            ,            ,            ,            ,            ,            ,            ,            ,            ,            ,            ,            ,            ,            ,            ,            ,            ,            ,            ,            ,            ,            ,            ,   19926.784,       1.061,            ,            ,            ,            ,            ,            ,            ,
                              ,   19157.021,       0.994,            ,            ,            ,            ,            ,            ,            ,            ,            ,            ,            ,            ,            ,            ,            ,            ,            ,            ,            ,            ,            ,            ,            ,            ,            ,            ,            ,            ,            ,            ,            ,            ,            ,            ,            ,            ,            ,            ,            ,            ,            ,            ,            ,   19927.792,       1.008,            ,            ,            ,            ,            ,            ,            ,
                              ,   19158.000,       0.979,            ,            ,            ,            ,            ,            ,            ,            ,            ,            ,            ,            ,            ,            ,            ,            ,            ,            ,            ,            ,            ,            ,            ,            ,            ,            ,            ,            ,            ,            ,            ,            ,            ,            ,            ,            ,            ,            ,            ,            ,            ,            ,            ,   19928.823,       1.031,            ,            ,            ,            ,            ,            ,            ,
                              ,   19158.969,       0.969,            ,            ,            ,            ,            ,            ,            ,            ,            ,            ,            ,            ,            ,            ,            ,            ,            ,            ,            ,            ,            ,            ,            ,            ,            ,            ,            ,            ,            ,            ,            ,            ,            ,            ,            ,            ,            ,            ,            ,            ,            ,            ,            ,   19929.889,       1.066,            ,            ,            ,            ,            ,            ,            ,
                              ,   19159.959,       0.990,            ,            ,            ,            ,            ,            ,            ,            ,            ,            ,            ,            ,            ,            ,            ,            ,            ,            ,            ,            ,            ,            ,            ,            ,            ,            ,            ,            ,            ,            ,            ,            ,            ,            ,            ,            ,            ,            ,            ,            ,            ,            ,            ,   19930.969,       1.080,            ,            ,            ,            ,            ,            ,            ,
                              ,   19160.953,       0.994,            ,            ,            ,            ,            ,            ,            ,            ,            ,            ,            ,            ,            ,            ,            ,            ,            ,            ,            ,            ,            ,            ,            ,            ,            ,            ,            ,            ,            ,            ,            ,            ,            ,            ,            ,            ,            ,            ,            ,            ,            ,            ,            ,   19932.025,       1.056,            ,            ,            ,            ,            ,            ,            ,
                              ,   19161.959,       1.006,            ,            ,            ,            ,            ,            ,            ,            ,            ,            ,            ,            ,            ,            ,            ,            ,            ,            ,            ,            ,            ,            ,            ,            ,            ,            ,            ,            ,            ,            ,            ,            ,            ,            ,            ,            ,            ,            ,            ,            ,            ,            ,            ,   19933.044,       1.019,            ,            ,            ,            ,            ,            ,            ,
                              ,   19162.974,       1.015,            ,            ,            ,            ,            ,            ,            ,            ,            ,            ,            ,            ,            ,            ,            ,            ,            ,            ,            ,            ,            ,            ,            ,            ,            ,            ,            ,            ,            ,            ,            ,            ,            ,            ,            ,            ,            ,            ,            ,            ,            ,            ,            ,   19934.025,       0.981,            ,            ,            ,            ,            ,            ,            ,
                              ,   19164.065,       1.091,            ,            ,            ,            ,            ,            ,            ,            ,            ,            ,            ,            ,            ,            ,            ,            ,            ,            ,            ,            ,            ,            ,            ,            ,            ,            ,            ,            ,            ,            ,            ,            ,            ,            ,            ,            ,            ,            ,            ,            ,            ,            ,            ,   19935.033,       1.008,            ,            ,            ,            ,            ,            ,            ,
                              ,   19165.190,       1.125,            ,            ,            ,            ,            ,            ,            ,            ,            ,            ,            ,            ,            ,            ,            ,            ,            ,            ,            ,            ,            ,            ,            ,            ,            ,            ,            ,            ,            ,            ,            ,            ,            ,            ,            ,            ,            ,            ,            ,            ,            ,            ,            ,   19936.078,       1.045,            ,            ,            ,            ,            ,            ,            ,
                              ,   19166.344,       1.154,            ,            ,            ,            ,            ,            ,            ,            ,            ,            ,            ,            ,            ,            ,            ,            ,            ,            ,            ,            ,            ,            ,            ,            ,            ,            ,            ,            ,            ,            ,            ,            ,            ,            ,            ,            ,            ,            ,            ,            ,            ,            ,            ,   19937.159,       1.081,            ,            ,            ,            ,            ,            ,            ,
                              ,   19167.516,       1.172,            ,            ,            ,            ,            ,            ,            ,            ,            ,            ,            ,            ,            ,            ,            ,            ,            ,            ,            ,            ,            ,            ,            ,            ,            ,            ,            ,            ,            ,            ,            ,            ,            ,            ,            ,            ,            ,            ,            ,            ,            ,            ,            ,   19938.251,       1.092,            ,            ,            ,            ,            ,            ,            ,
                              ,   19168.720,       1.204,            ,            ,            ,            ,            ,            ,            ,            ,            ,            ,            ,            ,            ,            ,            ,            ,            ,            ,            ,            ,            ,            ,            ,            ,            ,            ,            ,            ,            ,            ,            ,            ,            ,            ,            ,            ,            ,            ,            ,            ,            ,            ,            ,   19939.344,       1.093,            ,            ,            ,            ,            ,            ,            ,
                              ,   19169.871,       1.151,            ,            ,            ,            ,            ,            ,            ,            ,            ,            ,            ,            ,            ,            ,            ,            ,            ,            ,            ,            ,            ,            ,            ,            ,            ,            ,            ,            ,            ,            ,            ,            ,            ,            ,            ,            ,            ,            ,            ,            ,            ,            ,            ,   19940.424,       1.080,            ,            ,            ,            ,            ,            ,            ,
                              ,   19170.972,       1.101,            ,            ,            ,            ,            ,            ,            ,            ,            ,            ,            ,            ,            ,            ,            ,            ,            ,            ,            ,            ,            ,            ,            ,            ,            ,            ,            ,            ,            ,            ,            ,            ,            ,            ,            ,            ,            ,            ,            ,            ,            ,            ,            ,   19941.437,       1.013,            ,            ,            ,            ,            ,            ,            ,
                              ,   19172.001,       1.029,            ,            ,            ,            ,            ,            ,            ,            ,            ,            ,            ,            ,            ,            ,            ,            ,            ,            ,            ,            ,            ,            ,            ,            ,            ,            ,            ,            ,            ,            ,            ,            ,            ,            ,            ,            ,            ,            ,            ,            ,            ,            ,            ,   19942.411,       0.974,            ,            ,            ,            ,            ,            ,            ,
                              ,   19172.966,       0.965,            ,            ,            ,            ,            ,            ,            ,            ,            ,            ,            ,            ,            ,            ,            ,            ,            ,            ,            ,            ,            ,            ,            ,            ,            ,            ,            ,            ,            ,            ,            ,            ,            ,            ,            ,            ,            ,            ,            ,            ,            ,            ,            ,   19943.358,       0.947,            ,            ,            ,            ,            ,            ,            ,
                              ,   19173.855,       0.889,            ,            ,            ,            ,            ,            ,            ,            ,            ,            ,            ,            ,            ,            ,            ,            ,            ,            ,            ,            ,            ,            ,            ,            ,            ,            ,            ,            ,            ,            ,            ,            ,            ,            ,            ,            ,            ,            ,            ,            ,            ,            ,            ,   19944.277,       0.919,            ,            ,            ,            ,            ,            ,            ,
                              ,   19174.716,       0.861,            ,            ,            ,            ,            ,            ,            ,            ,            ,            ,            ,            ,            ,            ,            ,            ,            ,            ,            ,            ,            ,            ,            ,            ,            ,            ,            ,            ,            ,            ,            ,            ,            ,            ,            ,            ,            ,            ,            ,            ,            ,            ,            ,   19945.230,       0.953,            ,            ,            ,            ,            ,            ,            ,
                              ,   19175.576,       0.860,            ,            ,            ,            ,            ,            ,            ,            ,            ,            ,            ,            ,            ,            ,            ,            ,            ,            ,            ,            ,            ,            ,            ,            ,            ,            ,            ,            ,            ,            ,            ,            ,            ,            ,            ,            ,            ,            ,            ,            ,            ,            ,            ,   19946.236,       1.006,            ,            ,            ,            ,            ,            ,            ,
                              ,   19176.497,       0.921,            ,            ,            ,            ,            ,            ,            ,            ,            ,            ,            ,            ,            ,            ,            ,            ,            ,            ,            ,            ,            ,            ,            ,            ,            ,            ,            ,            ,            ,            ,            ,            ,            ,            ,            ,            ,            ,            ,            ,            ,            ,            ,            ,   19947.304,       1.068,            ,            ,            ,            ,            ,            ,            ,
                              ,   19177.651,       1.154,            ,            ,            ,            ,            ,            ,            ,            ,            ,            ,            ,            ,            ,            ,            ,            ,            ,            ,            ,            ,            ,            ,            ,            ,            ,            ,            ,            ,            ,            ,            ,            ,            ,            ,            ,            ,            ,            ,            ,            ,            ,            ,            ,   19948.339,       1.035,            ,            ,            ,            ,            ,            ,            ,
                              ,   19178.966,       1.315,            ,            ,            ,            ,            ,            ,            ,            ,            ,            ,            ,            ,            ,            ,            ,            ,            ,            ,            ,            ,            ,            ,            ,            ,            ,            ,            ,            ,            ,            ,            ,            ,            ,            ,            ,            ,            ,            ,            ,            ,            ,            ,            ,   19949.326,       0.987,            ,            ,            ,            ,            ,            ,            ,
                              ,   19180.268,       1.302,            ,            ,            ,            ,            ,            ,            ,            ,            ,            ,            ,            ,            ,            ,            ,            ,            ,            ,            ,            ,            ,            ,            ,            ,            ,            ,            ,            ,            ,            ,            ,            ,            ,            ,            ,            ,            ,            ,            ,            ,            ,            ,            ,   19950.277,       0.951,            ,            ,            ,            ,            ,            ,            ,
                              ,   19181.481,       1.213,            ,            ,            ,            ,            ,            ,            ,            ,            ,            ,            ,            ,            ,            ,            ,            ,            ,            ,            ,            ,            ,            ,            ,            ,            ,            ,            ,            ,            ,            ,            ,            ,            ,            ,            ,            ,            ,            ,            ,            ,            ,            ,            ,   19951.243,       0.966,            ,            ,            ,            ,            ,            ,            ,
                              ,   19182.675,       1.194,            ,            ,            ,            ,            ,            ,            ,            ,            ,            ,            ,            ,            ,            ,            ,            ,            ,            ,            ,            ,            ,            ,            ,            ,            ,            ,            ,            ,            ,            ,            ,            ,            ,            ,            ,            ,            ,            ,            ,            ,            ,            ,            ,   19952.251,       1.008,            ,            ,            ,            ,            ,            ,            ,
                              ,   19183.867,       1.192,            ,            ,            ,            ,            ,            ,            ,            ,            ,            ,            ,            ,            ,            ,            ,            ,            ,            ,            ,            ,            ,            ,            ,            ,            ,            ,            ,            ,            ,            ,            ,            ,            ,            ,            ,            ,            ,            ,            ,            ,            ,            ,            ,   19953.229,       0.978,            ,            ,            ,            ,            ,            ,            ,
                              ,   19185.000,       1.133,            ,            ,            ,            ,            ,            ,            ,            ,            ,            ,            ,            ,            ,            ,            ,            ,            ,            ,            ,            ,            ,            ,            ,            ,            ,            ,            ,            ,            ,            ,            ,            ,            ,            ,            ,            ,            ,            ,            ,            ,            ,            ,            ,   19954.188,       0.959,            ,            ,            ,            ,            ,            ,            ,
                              ,   19186.096,       1.096,            ,            ,            ,            ,            ,            ,            ,            ,            ,            ,            ,            ,            ,            ,            ,            ,            ,            ,            ,            ,            ,            ,            ,            ,            ,            ,            ,            ,            ,            ,            ,            ,            ,            ,            ,            ,            ,            ,            ,            ,            ,            ,            ,   19955.177,       0.989,            ,            ,            ,            ,            ,            ,            ,
                              ,   19187.159,       1.063,            ,            ,            ,            ,            ,            ,            ,            ,            ,            ,            ,            ,            ,            ,            ,            ,            ,            ,            ,            ,            ,            ,            ,            ,            ,            ,            ,            ,            ,            ,            ,            ,            ,            ,            ,            ,            ,            ,            ,            ,            ,            ,            ,   19956.176,       0.999,            ,            ,            ,            ,            ,            ,            ,
                              ,   19188.217,       1.058,            ,            ,            ,            ,            ,            ,            ,            ,            ,            ,            ,            ,            ,            ,            ,            ,            ,            ,            ,            ,            ,            ,            ,            ,            ,            ,            ,            ,            ,            ,            ,            ,            ,            ,            ,            ,            ,            ,            ,            ,            ,            ,            ,   19957.151,       0.975,            ,            ,            ,            ,            ,            ,            ,
                              ,   19189.336,       1.119,            ,            ,            ,            ,            ,            ,            ,            ,            ,            ,            ,            ,            ,            ,            ,            ,            ,            ,            ,            ,            ,            ,            ,            ,            ,            ,            ,            ,            ,            ,            ,            ,            ,            ,            ,            ,            ,            ,            ,            ,            ,            ,            ,   19958.097,       0.946,            ,            ,            ,            ,            ,            ,            ,
                              ,   19190.722,       1.386,            ,            ,            ,            ,            ,            ,            ,            ,            ,            ,            ,            ,            ,            ,            ,            ,            ,            ,            ,            ,            ,            ,            ,            ,            ,            ,            ,            ,            ,            ,            ,            ,            ,            ,            ,            ,            ,            ,            ,            ,            ,            ,            ,   19959.065,       0.968,            ,            ,            ,            ,            ,            ,            ,
                              ,   19192.085,       1.363,            ,            ,            ,            ,            ,            ,            ,            ,            ,            ,            ,            ,            ,            ,            ,            ,            ,            ,            ,            ,            ,            ,            ,            ,            ,            ,            ,            ,            ,            ,            ,            ,            ,            ,            ,            ,            ,            ,            ,            ,            ,            ,            ,   19960.033,       0.968,            ,            ,            ,            ,            ,            ,            ,
                              ,   19193.337,       1.252,            ,            ,            ,            ,            ,            ,            ,            ,            ,            ,            ,            ,            ,            ,            ,            ,            ,            ,            ,            ,            ,            ,            ,            ,            ,            ,            ,            ,            ,            ,            ,            ,            ,            ,            ,            ,            ,            ,            ,            ,            ,            ,            ,   19960.966,       0.933,            ,            ,            ,            ,            ,            ,            ,
                              ,   19194.563,       1.226,            ,            ,            ,            ,            ,            ,            ,            ,            ,            ,            ,            ,            ,            ,            ,            ,            ,            ,            ,            ,            ,            ,            ,            ,            ,            ,            ,            ,            ,            ,            ,            ,            ,            ,            ,            ,            ,            ,            ,            ,            ,            ,            ,   19961.939,       0.973,            ,            ,            ,            ,            ,            ,            ,
                              ,   19195.754,       1.191,            ,            ,            ,            ,            ,            ,            ,            ,            ,            ,            ,            ,            ,            ,            ,            ,            ,            ,            ,            ,            ,            ,            ,            ,            ,            ,            ,            ,            ,            ,            ,            ,            ,            ,            ,            ,            ,            ,            ,            ,            ,            ,            ,   19962.938,       0.999,            ,            ,            ,            ,            ,            ,            ,
                              ,   19196.901,       1.147,            ,            ,            ,            ,            ,            ,            ,            ,            ,            ,            ,            ,            ,            ,            ,            ,            ,            ,            ,            ,            ,            ,            ,            ,            ,            ,            ,            ,            ,            ,            ,            ,            ,            ,            ,            ,            ,            ,            ,            ,            ,            ,            ,   19963.884,       0.946,            ,            ,            ,            ,            ,            ,            ,
                              ,   19198.005,       1.104,            ,            ,            ,            ,            ,            ,            ,            ,            ,            ,            ,            ,            ,            ,            ,            ,            ,            ,            ,            ,            ,            ,            ,            ,            ,            ,            ,            ,            ,            ,            ,            ,            ,            ,            ,            ,            ,            ,            ,            ,            ,            ,            ,   19964.867,       0.983,            ,            ,            ,            ,            ,            ,            ,
                              ,   19199.068,       1.063,            ,            ,            ,            ,            ,            ,            ,            ,            ,            ,            ,            ,            ,            ,            ,            ,            ,            ,            ,            ,            ,            ,            ,            ,            ,            ,            ,            ,            ,            ,            ,            ,            ,            ,            ,            ,            ,            ,            ,            ,            ,            ,            ,   19965.861,       0.994,            ,            ,            ,            ,            ,            ,            ,
                              ,   19200.135,       1.067,            ,            ,            ,            ,            ,            ,            ,            ,            ,            ,            ,            ,            ,            ,            ,            ,            ,            ,            ,            ,            ,            ,            ,            ,            ,            ,            ,            ,            ,            ,            ,            ,            ,            ,            ,            ,            ,            ,            ,            ,            ,            ,            ,   19966.799,       0.938,            ,            ,            ,            ,            ,            ,            ,
                              ,   19201.253,       1.118,            ,            ,            ,            ,            ,            ,            ,            ,            ,            ,            ,            ,            ,            ,            ,            ,            ,            ,            ,            ,            ,            ,            ,            ,            ,            ,            ,            ,            ,            ,            ,            ,            ,            ,            ,            ,            ,            ,            ,            ,            ,            ,            ,   19967.710,       0.911,            ,            ,            ,            ,            ,            ,            ,
                              ,   19202.644,       1.391,            ,            ,            ,            ,            ,            ,            ,            ,            ,            ,            ,            ,            ,            ,            ,            ,            ,            ,            ,            ,            ,            ,            ,            ,            ,            ,            ,            ,            ,            ,            ,            ,            ,            ,            ,            ,            ,            ,            ,            ,            ,            ,            ,   19968.652,       0.942,            ,            ,            ,            ,            ,            ,            ,
                              ,   19204.002,       1.358,            ,            ,            ,            ,            ,            ,            ,            ,            ,            ,            ,            ,            ,            ,            ,            ,            ,            ,            ,            ,            ,            ,            ,            ,            ,            ,            ,            ,            ,            ,            ,            ,            ,            ,            ,            ,            ,            ,            ,            ,            ,            ,            ,   19969.591,       0.939,            ,            ,            ,            ,            ,            ,            ,
                              ,   19205.263,       1.261,            ,            ,            ,            ,            ,            ,            ,            ,            ,            ,            ,            ,            ,            ,            ,            ,            ,            ,            ,            ,            ,            ,            ,            ,            ,            ,            ,            ,            ,            ,            ,            ,            ,            ,            ,            ,            ,            ,            ,            ,            ,            ,            ,   19970.503,       0.912,            ,            ,            ,            ,            ,            ,            ,
                              ,   19206.470,       1.207,            ,            ,            ,            ,            ,            ,            ,            ,            ,            ,            ,            ,            ,            ,            ,            ,            ,            ,            ,            ,            ,            ,            ,            ,            ,            ,            ,            ,            ,            ,            ,            ,            ,            ,            ,            ,            ,            ,            ,            ,            ,            ,            ,   19971.456,       0.953,            ,            ,            ,            ,            ,            ,            ,
                              ,   19207.637,       1.167,            ,            ,            ,            ,            ,            ,            ,            ,            ,            ,            ,            ,            ,            ,            ,            ,            ,            ,            ,            ,            ,            ,            ,            ,            ,            ,            ,            ,            ,            ,            ,            ,            ,            ,            ,            ,            ,            ,            ,            ,            ,            ,            ,   19972.409,       0.953,            ,            ,            ,            ,            ,            ,            ,
                              ,   19208.751,       1.114,            ,            ,            ,            ,            ,            ,            ,            ,            ,            ,            ,            ,            ,            ,            ,            ,            ,            ,            ,            ,            ,            ,            ,            ,            ,            ,            ,            ,            ,            ,            ,            ,            ,            ,            ,            ,            ,            ,            ,            ,            ,            ,            ,   19973.320,       0.911,            ,            ,            ,            ,            ,            ,            ,
                              ,   19209.816,       1.065,            ,            ,            ,            ,            ,            ,            ,            ,            ,            ,            ,            ,            ,            ,            ,            ,            ,            ,            ,            ,            ,            ,            ,            ,            ,            ,            ,            ,            ,            ,            ,            ,            ,            ,            ,            ,            ,            ,            ,            ,            ,            ,            ,   19974.215,       0.895,            ,            ,            ,            ,            ,            ,            ,
                              ,   19210.856,       1.040,            ,            ,            ,            ,            ,            ,            ,            ,            ,            ,            ,            ,            ,            ,            ,            ,            ,            ,            ,            ,            ,            ,            ,            ,            ,            ,            ,            ,            ,            ,            ,            ,            ,            ,            ,            ,            ,            ,            ,            ,            ,            ,            ,   19975.138,       0.923,            ,            ,            ,            ,            ,            ,            ,
                              ,   19211.858,       1.002,            ,            ,            ,            ,            ,            ,            ,            ,            ,            ,            ,            ,            ,            ,            ,            ,            ,            ,            ,            ,            ,            ,            ,            ,            ,            ,            ,            ,            ,            ,            ,            ,            ,            ,            ,            ,            ,            ,            ,            ,            ,            ,            ,   19976.078,       0.940,            ,            ,            ,            ,            ,            ,            ,
                              ,   19212.884,       1.026,            ,            ,            ,            ,            ,            ,            ,            ,            ,            ,            ,            ,            ,            ,            ,            ,            ,            ,            ,            ,            ,            ,            ,            ,            ,            ,            ,            ,            ,            ,            ,            ,            ,            ,            ,            ,            ,            ,            ,            ,            ,            ,            ,   19976.972,       0.894,            ,            ,            ,            ,            ,            ,            ,
                              ,   19214.010,       1.126,            ,            ,            ,            ,            ,            ,            ,            ,            ,            ,            ,            ,            ,            ,            ,            ,            ,            ,            ,            ,            ,            ,            ,            ,            ,            ,            ,            ,            ,            ,            ,            ,            ,            ,            ,            ,            ,            ,            ,            ,            ,            ,            ,   19977.846,       0.874,            ,            ,            ,            ,            ,            ,            ,
                              ,   19215.307,       1.297,            ,            ,            ,            ,            ,            ,            ,            ,            ,            ,            ,            ,            ,            ,            ,            ,            ,            ,            ,            ,            ,            ,            ,            ,            ,            ,            ,            ,            ,            ,            ,            ,            ,            ,            ,            ,            ,            ,            ,            ,            ,            ,            ,   19978.734,       0.888,            ,            ,            ,            ,            ,            ,            ,
                              ,            ,            ,            ,            ,            ,            ,            ,            ,            ,            ,            ,            ,            ,            ,            ,            ,            ,            ,            ,            ,            ,            ,            ,            ,            ,            ,            ,            ,            ,            ,            ,            ,            ,            ,            ,            ,            ,            ,            ,            ,            ,            ,            ,            ,            ,   19979.648,       0.914,            ,            ,            ,            ,            ,            ,            ,
                              ,            ,            ,            ,            ,            ,            ,            ,            ,            ,            ,            ,            ,            ,            ,            ,            ,            ,            ,            ,            ,            ,            ,            ,            ,            ,            ,            ,            ,            ,            ,            ,            ,            ,            ,            ,            ,            ,            ,            ,            ,            ,            ,            ,            ,            ,   19980.566,       0.918,            ,            ,            ,            ,            ,            ,            ,
                              ,            ,            ,            ,            ,            ,            ,            ,            ,            ,            ,            ,            ,            ,            ,            ,            ,            ,            ,            ,            ,            ,            ,            ,            ,            ,            ,            ,            ,            ,            ,            ,            ,            ,            ,            ,            ,            ,            ,            ,            ,            ,            ,            ,            ,            ,   19981.449,       0.883,            ,            ,            ,            ,            ,            ,            ,
                              ,            ,            ,            ,            ,            ,            ,            ,            ,            ,            ,            ,            ,            ,            ,            ,            ,            ,            ,            ,            ,            ,            ,            ,            ,            ,            ,            ,            ,            ,            ,            ,            ,            ,            ,            ,            ,            ,            ,            ,            ,            ,            ,            ,            ,            ,   19982.318,       0.869,            ,            ,            ,            ,            ,            ,            ,
                              ,            ,            ,            ,            ,            ,            ,            ,            ,            ,            ,            ,            ,            ,            ,            ,            ,            ,            ,            ,            ,            ,            ,            ,            ,            ,            ,            ,            ,            ,            ,            ,            ,            ,            ,            ,            ,            ,            ,            ,            ,            ,            ,            ,            ,            ,   19983.214,       0.896,            ,            ,            ,            ,            ,            ,            ,
                              ,            ,            ,            ,            ,            ,            ,            ,            ,            ,            ,            ,            ,            ,            ,            ,            ,            ,            ,            ,            ,            ,            ,            ,            ,            ,            ,            ,            ,            ,            ,            ,            ,            ,            ,            ,            ,            ,            ,            ,            ,            ,            ,            ,            ,            ,   19984.109,       0.895,            ,            ,            ,            ,            ,            ,            ,
                              ,            ,            ,            ,            ,            ,            ,            ,            ,            ,            ,            ,            ,            ,            ,            ,            ,            ,            ,            ,            ,            ,            ,            ,            ,            ,            ,            ,            ,            ,            ,            ,            ,            ,            ,            ,            ,            ,            ,            ,            ,            ,            ,            ,            ,            ,   19984.984,       0.875,            ,            ,            ,            ,            ,            ,            ,
                              ,            ,            ,            ,            ,            ,            ,            ,            ,            ,            ,            ,            ,            ,            ,            ,            ,            ,            ,            ,            ,            ,            ,            ,            ,            ,            ,            ,            ,            ,            ,            ,            ,            ,            ,            ,            ,            ,            ,            ,            ,            ,            ,            ,            ,            ,   19985.850,       0.866,            ,            ,            ,            ,            ,            ,            ,
                              ,            ,            ,            ,            ,            ,            ,            ,            ,            ,            ,            ,            ,            ,            ,            ,            ,            ,            ,            ,            ,            ,            ,            ,            ,            ,            ,            ,            ,            ,            ,            ,            ,            ,            ,            ,            ,            ,            ,            ,            ,            ,            ,            ,            ,            ,   19986.729,       0.879,            ,            ,            ,            ,            ,            ,            ,
                              ,            ,            ,            ,            ,            ,            ,            ,            ,            ,            ,            ,            ,            ,            ,            ,            ,            ,            ,            ,            ,            ,            ,            ,            ,            ,            ,            ,            ,            ,            ,            ,            ,            ,            ,            ,            ,            ,            ,            ,            ,            ,            ,            ,            ,            ,   19987.606,       0.877,            ,            ,            ,            ,            ,            ,            ,
                              ,            ,            ,            ,            ,            ,            ,            ,            ,            ,            ,            ,            ,            ,            ,            ,            ,            ,            ,            ,            ,            ,            ,            ,            ,            ,            ,            ,            ,            ,            ,            ,            ,            ,            ,            ,            ,            ,            ,            ,            ,            ,            ,            ,            ,            ,   19988.529,       0.923,            ,            ,            ,            ,            ,            ,            ,
                              ,            ,            ,            ,            ,            ,            ,            ,            ,            ,            ,            ,            ,            ,            ,            ,            ,            ,            ,            ,            ,            ,            ,            ,            ,            ,            ,            ,            ,            ,            ,            ,            ,            ,            ,            ,            ,            ,            ,            ,            ,            ,            ,            ,            ,            ,   19989.455,       0.926,            ,            ,            ,            ,            ,            ,            ,
                              ,            ,            ,            ,            ,            ,            ,            ,            ,            ,            ,            ,            ,            ,            ,            ,            ,            ,            ,            ,            ,            ,            ,            ,            ,            ,            ,            ,            ,            ,            ,            ,            ,            ,            ,            ,            ,            ,            ,            ,            ,            ,            ,            ,            ,            ,   19990.334,       0.879,            ,            ,            ,            ,            ,            ,            ,
                              ,            ,            ,            ,            ,            ,            ,            ,            ,            ,            ,            ,            ,            ,            ,            ,            ,            ,            ,            ,            ,            ,            ,            ,            ,            ,            ,            ,            ,            ,            ,            ,            ,            ,            ,            ,            ,            ,            ,            ,            ,            ,            ,            ,            ,            ,   19991.180,       0.846,            ,            ,            ,            ,            ,            ,            ,
                              ,            ,            ,            ,            ,            ,            ,            ,            ,            ,            ,            ,            ,            ,            ,            ,            ,            ,            ,            ,            ,            ,            ,            ,            ,            ,            ,            ,            ,            ,            ,            ,            ,            ,            ,            ,            ,            ,            ,            ,            ,            ,            ,            ,            ,            ,   19992.037,       0.857,            ,            ,            ,            ,            ,            ,            ,
                              ,            ,            ,            ,            ,            ,            ,            ,            ,            ,            ,            ,            ,            ,            ,            ,            ,            ,            ,            ,            ,            ,            ,            ,            ,            ,            ,            ,            ,            ,            ,            ,            ,            ,            ,            ,            ,            ,            ,            ,            ,            ,            ,            ,            ,            ,   19992.914,       0.877,            ,            ,            ,            ,            ,            ,            ,
                              ,            ,            ,            ,            ,            ,            ,            ,            ,            ,            ,            ,            ,            ,            ,            ,            ,            ,            ,            ,            ,            ,            ,            ,            ,            ,            ,            ,            ,            ,            ,            ,            ,            ,            ,            ,            ,            ,            ,            ,            ,            ,            ,            ,            ,            ,   19993.854,       0.940,            ,            ,            ,            ,            ,            ,            ,
                              ,            ,            ,            ,            ,            ,            ,            ,            ,            ,            ,            ,            ,            ,            ,            ,            ,            ,            ,            ,            ,            ,            ,            ,            ,            ,            ,            ,            ,            ,            ,            ,            ,            ,            ,            ,            ,            ,            ,            ,            ,            ,            ,            ,            ,            ,   19994.896,       1.042,            ,            ,            ,            ,            ,            ,            ,
                              ,            ,            ,            ,            ,            ,            ,            ,            ,            ,            ,            ,            ,            ,            ,            ,            ,            ,            ,            ,            ,            ,            ,            ,            ,            ,            ,            ,            ,            ,            ,            ,            ,            ,            ,            ,            ,            ,            ,            ,            ,            ,            ,            ,            ,            ,   19995.935,       1.039,            ,            ,            ,            ,            ,            ,            ,
                              ,            ,            ,            ,            ,            ,            ,            ,            ,            ,            ,            ,            ,            ,            ,            ,            ,            ,            ,            ,            ,            ,            ,            ,            ,            ,            ,            ,            ,            ,            ,            ,            ,            ,            ,            ,            ,            ,            ,            ,            ,            ,            ,            ,            ,            ,   19996.945,       1.010,            ,            ,            ,            ,            ,            ,            ,
                              ,            ,            ,            ,            ,            ,            ,            ,            ,            ,            ,            ,            ,            ,            ,            ,            ,            ,            ,            ,            ,            ,            ,            ,            ,            ,            ,            ,            ,            ,            ,            ,            ,            ,            ,            ,            ,            ,            ,            ,            ,            ,            ,            ,            ,            ,   19997.904,       0.959,            ,            ,            ,            ,            ,            ,            ,
                              ,            ,            ,            ,            ,            ,            ,            ,            ,            ,            ,            ,            ,            ,            ,            ,            ,            ,            ,            ,            ,            ,            ,            ,            ,            ,            ,            ,            ,            ,            ,            ,            ,            ,            ,            ,            ,            ,            ,            ,            ,            ,            ,            ,            ,            ,   19998.785,       0.881,            ,            ,            ,            ,            ,            ,            ,
                              ,            ,            ,            ,            ,            ,            ,            ,            ,            ,            ,            ,            ,            ,            ,            ,            ,            ,            ,            ,            ,            ,            ,            ,            ,            ,            ,            ,            ,            ,            ,            ,            ,            ,            ,            ,            ,            ,            ,            ,            ,            ,            ,            ,            ,            ,   19999.650,       0.865,            ,            ,            ,            ,            ,            ,            ,
                              ,            ,            ,            ,            ,            ,            ,            ,            ,            ,            ,            ,            ,            ,            ,            ,            ,            ,            ,            ,            ,            ,            ,            ,            ,            ,            ,            ,            ,            ,            ,            ,            ,            ,            ,            ,            ,            ,            ,            ,            ,            ,            ,            ,            ,            ,   20000.510,       0.860,            ,            ,            ,            ,            ,            ,            ,
                              ,            ,            ,            ,            ,            ,            ,            ,            ,            ,            ,            ,            ,            ,            ,            ,            ,            ,            ,            ,            ,            ,            ,            ,            ,            ,            ,            ,            ,            ,            ,            ,            ,            ,            ,            ,            ,            ,            ,            ,            ,            ,            ,            ,            ,            ,   20001.342,       0.832,            ,            ,            ,            ,            ,            ,            ,
                              ,            ,            ,            ,            ,            ,            ,            ,            ,            ,            ,            ,            ,            ,            ,            ,            ,            ,            ,            ,            ,            ,            ,            ,            ,            ,            ,            ,            ,            ,            ,            ,            ,            ,            ,            ,            ,            ,            ,            ,            ,            ,            ,            ,            ,            ,   20002.163,       0.821,            ,            ,            ,            ,            ,            ,            ,


