sep=,
HRV ANALYSIS RESULTS - 03-Sep-2026 06:22:55
Kubios HRV Scientific Lite
4.3.0
released in March 2026

Analyzed by:  -  - 

File name: /Users/apc939/Downloads/24220970829_ACTIVITY.fit
Measurement date: 03.09.2026 05:11:05
File type: FIT
Channel label: RR data
Data length: 00:20:15 (h:min:s)
Measurement rate: - 

Parameters
 Number of samples: 6
 Detrending method: Smoothn priors (lambda: 500)
 Min/Max HR as average of: 5 beats
 Threshold for NNxx/pNNxx: 50 ms
 Frequency bands
  VLF: 0 - 0.04 Hz
  LF: 0.04 - 0.15 Hz
  HF: 0.15 - 0.4 Hz
 Interpolation rate: 4 Hz
 Points in frequency-domain: 300 points/Hz
 FFT spectrum options
  Window width: 300 s
  Window overlap: 50 %
 AR spectrum options
  AR model order: 16
  Use factorization: No
 Apply detrending for nonlinear analysis: 1
 Entropy, embedding dimension: 2
 Entropy, tolerance: 0.2 x SD
 DFA, short-term fluctuations: 4-12 beats
 DFA, long-term fluctuations: 13-64 beats

RR Interval Samples Selected for Analysis
                              ,       DS(1),     RC10(2),     RC12(3),      ORT(4),     RUFF(5),      REC(6),
  Sample limits (hh:mm:ss):   ,05:13:06-05:18:06,05:18:07-05:19:07,05:19:08-05:20:09,05:20:09-05:24:24,05:24:25-05:25:10,05:25:11-05:30:11,
  Sample Analysis Type: Single samples
  Beat correction: Threshold (strong)
  Beats total:                ,         256,          50,          51,         318,          70,         297,
  Beats corrected:            ,           4,           1,           0,          13,           1,           7,
  Beats corrected (%):        ,        1.56,           2,           0,        4.09,        1.43,        2.36,
  Effective data length (s):  ,         300,          60,          61,         255,          45,         299,
  Effective data length (%):  ,      100.00,      100.00,      100.00,      100.00,      100.00,       99.67,


RESULTS FOR SINGLE SAMPLES
                              ,       DS(1),            ,     RC10(2),            ,     RC12(3),            ,      ORT(4),            ,     RUFF(5),            ,      REC(6),            ,
Results Overview              ,
  PNS index:                  ,      0.8923,            ,      1.9934,            ,      1.5291,            ,     -1.2238,            ,     -2.3219,            ,      0.5218,            ,
  SNS index:                  ,     -1.1376,            ,     -1.3582,            ,     -1.1123,            ,      0.7513,            ,      4.7596,            ,     -0.4887,            ,
  Stress index:               ,      7.5380,            ,      7.5516,            ,      8.7075,            ,      9.3986,            ,     26.7434,            ,      9.1425,            ,

Time-Domain Results           ,
 Statistical parameters       ,
  Mean RR  (ms):              ,   1171.8223,            ,   1202.9488,            ,   1191.3922,            ,    801.1625,            ,    633.9181,            ,   1004.2668,            ,
  SDNN (ms):                  ,     49.3714,            ,     61.5489,            ,     55.9812,            ,     48.7025,            ,     21.4929,            ,     41.5698,            ,
  Mean HR (beats/min):        ,     51.2023,            ,     49.8774,            ,     50.3613,            ,     74.8912,            ,     94.6494,            ,     59.7451,            ,
  SD HR (beats/min):          ,      2.1767,            ,      2.5736,            ,      2.2429,            ,      4.5863,            ,      3.3199,            ,      2.5153,            ,
  Min HR (beats/min):         ,     44.9178,            ,     46.0798,            ,     49.4315,            ,     61.8649,            ,     81.0373,            ,     46.6563,            ,
  Max HR (beats/min):         ,     58.4494,            ,     53.0129,            ,     51.9121,            ,     94.2211,            ,    102.2147,            ,    101.3856,            ,
  RMSSD (ms):                 ,     36.2056,            ,     67.0534,            ,     52.9570,            ,     22.8727,            ,     10.5180,            ,     45.1045,            ,
  NNxx (beats):               ,          35,            ,          28,            ,          19,            ,          15,            ,           0,            ,          76,            ,
  pNNxx (%):                  ,     13.7255,            ,     57.1429,            ,     38.0000,            ,      4.7319,            ,      0.0000,            ,     25.6757,            ,
  SDANN (ms):                 ,         NaN,            ,         NaN,            ,         NaN,            ,         NaN,            ,         NaN,            ,         NaN,            ,
  SDNN index (ms):            ,         NaN,            ,         NaN,            ,         NaN,            ,         NaN,            ,         NaN,            ,         NaN,            ,
 Geometric parameters         ,
  RR tri index:               ,   11.636364,            ,   16.666667,            ,    8.500000,            ,   10.965517,            ,    5.833333,            ,   11.000000,            ,
  TINN (ms):                  ,    231.0000,            ,    253.0000,            ,    196.0000,            ,    215.0000,            ,     81.0000,            ,    207.0000,            ,

Frequency-Domain Results      ,FFT spectrum, AR spectrum,FFT spectrum, AR spectrum,FFT spectrum, AR spectrum,FFT spectrum, AR spectrum,FFT spectrum, AR spectrum,FFT spectrum, AR spectrum,
 Peak frequencies             ,
  VLF (Hz):                   ,    0.040000,    0.040000,    0.040000,    0.036667,    0.003333,    0.003333,    0.033333,    0.040000,    0.033333,    0.040000,    0.023333,    0.040000,
  LF (Hz):                    ,    0.080000,    0.083333,    0.150000,    0.150000,    0.040000,    0.040000,    0.056667,    0.080000,    0.040000,    0.046667,    0.150000,    0.130000,
  HF (Hz):                    ,    0.173333,    0.150000,    0.166667,    0.166667,    0.200000,    0.196667,    0.150000,    0.150000,    0.243333,    0.150000,    0.150000,    0.150000,
 Absolute powers              ,
  VLF (ms^2):                 ,    148.8049,    145.6542,     95.3504,    209.9801,    295.7573,    616.8375,    234.4365,    343.3126,    251.1359,    185.8547,     88.4533,     82.0169,
  LF (ms^2):                  ,   2093.9918,   2007.0542,    552.6881,    777.1766,    214.4481,    275.1160,   2561.3207,   2250.1373,    200.3581,    250.4050,    840.3596,    743.9482,
  HF (ms^2):                  ,    218.7362,    168.9823,   3312.3256,   2289.2106,   1389.1042,   1453.1178,     79.8051,    113.6578,      6.1001,     11.6345,   1423.7762,    844.9071,
  VLF (log):                  ,      5.0026,      4.9812,      4.5576,      5.3470,      5.6895,      6.4246,      5.4572,      5.8386,      5.5260,      5.2250,      4.4825,      4.4069,
  LF (log):                   ,      7.6468,      7.6044,      6.3148,      6.6557,      5.3681,      5.6172,      7.8483,      7.7187,      5.3001,      5.5231,      6.7338,      6.6120,
  HF (log):                   ,      5.3879,      5.1298,      8.1054,      7.7360,      7.2364,      7.2815,      4.3796,      4.7332,      1.8083,      2.4540,      7.2611,      6.7392,
 Relative powers              ,
  VLF (%):                    ,      6.0451,      6.2732,      2.4075,      6.4087,     15.5700,     26.3008,      8.1527,     12.6817,     54.8810,     41.4923,      3.7591,      4.9081,
  LF (%):                     ,     85.0666,     86.4414,     13.9546,     23.7198,     11.2895,     11.7304,     89.0713,     83.1181,     43.7845,     55.9033,     35.7134,     44.5200,
  HF (%):                     ,      8.8860,      7.2779,     83.6319,     69.8678,     73.1287,     61.9583,      2.7753,      4.1984,      1.3331,      2.5974,     60.5073,     50.5617,
 Normalized powers            ,
  LF (n.u.):                  ,     90.5398,     92.2269,     14.2989,     25.3440,     13.3714,     15.9167,     96.9775,     95.1898,     97.0421,     95.5487,     37.1083,     46.8179,
  HF (n.u.):                  ,      9.4577,      7.7650,     85.6950,     74.6520,     86.6145,     84.0692,      3.0216,      4.8082,      2.9545,      4.4395,     62.8707,     53.1714,
 Total power (ms^2):          ,   2461.5919,   2321.8666,   3960.6019,   3276.4885,   1899.5344,   2345.3152,   2875.5862,   2707.1557,    457.6010,    447.9251,   2353.0640,   1671.0430,
 LF/HF ratio:                 ,      9.5731,     11.8773,      0.1669,      0.3395,      0.1544,      0.1893,     32.0947,     19.7975,     32.8452,     21.5226,      0.5902,      0.8805,


Nonlinear Results             ,
 Poincare plot                ,
  SD1 (ms):                   ,   25.651630,            ,   47.906379,            ,   37.963140,            ,   16.199106,            ,    7.495375,            ,   31.947692,            ,
  SD2 (ms):                   ,   65.077876,            ,   73.487551,            ,   66.006930,            ,   66.971195,            ,   29.593113,            ,   49.377278,            ,
  SD2/SD1 ratio:              ,    2.536988,            ,    1.533983,            ,    1.738711,            ,    4.134252,            ,    3.948183,            ,    1.545566,            ,
 Approximate entropy (ApEn):  ,      1.0598,            ,         NaN,            ,         NaN,            ,      0.7553,            ,      0.6608,            ,      0.8996,            ,
 Sample entropy (SampEn):     ,      1.6032,            ,         NaN,            ,         NaN,            ,      0.8150,            ,      1.3806,            ,      1.2933,            ,
 Detrended fluctuation analysis (DFA),
  alpha 1:                    ,      1.3379,            ,         NaN,            ,         NaN,            ,      1.6557,            ,      1.4517,            ,      0.7776,            ,
  alpha 2:                    ,      0.1396,            ,         NaN,            ,         NaN,            ,      0.4670,            ,      1.2331,            ,      0.2889,            ,


RR INTERVAL DATA and SPECTRUM ESTIMATES,
                              ,       DS(1),            ,            ,            ,            ,            ,            ,            ,            ,     RC10(2),            ,            ,            ,            ,            ,            ,            ,            ,     RC12(3),            ,            ,            ,            ,            ,            ,            ,            ,      ORT(4),            ,            ,            ,            ,            ,            ,            ,            ,     RUFF(5),            ,            ,            ,            ,            ,            ,            ,            ,      REC(6),            ,            ,            ,            ,            ,            ,            ,            ,
                              ,     RR Data,            ,FFT spectrum,            , AR Spectrum,            ,            ,            ,            ,     RR Data,            ,FFT spectrum,            , AR Spectrum,            ,            ,            ,            ,     RR Data,            ,FFT spectrum,            , AR Spectrum,            ,            ,            ,            ,     RR Data,            ,FFT spectrum,            , AR Spectrum,            ,            ,            ,            ,     RR Data,            ,FFT spectrum,            , AR Spectrum,            ,            ,            ,            ,     RR Data,            ,FFT spectrum,            , AR Spectrum,            ,            ,            ,            ,
                              ,        Time, RR interval,   Frequency,         PSD,   Frequency,         PSD,   VLF comp.,    LF comp.,    HF comp.,        Time, RR interval,   Frequency,         PSD,   Frequency,         PSD,   VLF comp.,    LF comp.,    HF comp.,        Time, RR interval,   Frequency,         PSD,   Frequency,         PSD,   VLF comp.,    LF comp.,    HF comp.,        Time, RR interval,   Frequency,         PSD,   Frequency,         PSD,   VLF comp.,    LF comp.,    HF comp.,        Time, RR interval,   Frequency,         PSD,   Frequency,         PSD,   VLF comp.,    LF comp.,    HF comp.,        Time, RR interval,   Frequency,         PSD,   Frequency,         PSD,   VLF comp.,    LF comp.,    HF comp.,
                              ,         (s),         (s),        (Hz),   (ms^2/Hz),        (Hz),   (ms^2/Hz),   (ms^2/Hz),   (ms^2/Hz),   (ms^2/Hz),         (s),         (s),        (Hz),   (ms^2/Hz),        (Hz),   (ms^2/Hz),   (ms^2/Hz),   (ms^2/Hz),   (ms^2/Hz),         (s),         (s),        (Hz),   (ms^2/Hz),        (Hz),   (ms^2/Hz),   (ms^2/Hz),   (ms^2/Hz),   (ms^2/Hz),         (s),         (s),        (Hz),   (ms^2/Hz),        (Hz),   (ms^2/Hz),   (ms^2/Hz),   (ms^2/Hz),   (ms^2/Hz),         (s),         (s),        (Hz),   (ms^2/Hz),        (Hz),   (ms^2/Hz),   (ms^2/Hz),   (ms^2/Hz),   (ms^2/Hz),         (s),         (s),        (Hz),   (ms^2/Hz),        (Hz),   (ms^2/Hz),   (ms^2/Hz),   (ms^2/Hz),   (ms^2/Hz),
                              ,   18786.611,       1.228,       0.000,     48.2454,       0.000,   1527.7074,            ,            ,            ,   19087.686,       1.254,       0.000,   1197.1982,       0.000,   2660.2499,            ,            ,            ,   19148.936,       1.131,       0.000,   7154.3959,       0.000,  14941.0024,            ,            ,            ,   19209.569,       1.003,       0.000,    793.4953,       0.000,   3636.2595,            ,            ,            ,   19465.034,       0.730,       0.000,    565.8702,       0.000,   1324.3351,            ,            ,            ,   19511.034,       0.591,       0.000,      0.0643,       0.000,    968.2600,            ,            ,            ,
                              ,   18787.851,       1.240,       0.003,     19.4565,       0.003,   3066.1818,            ,            ,            ,   19088.957,       1.271,       0.003,   2209.7315,       0.003,   5321.9784,            ,            ,            ,   19150.102,       1.166,       0.003,  13907.1035,       0.003,  28973.7457,            ,            ,            ,   19210.452,       0.883,       0.003,    515.5274,       0.003,   7297.2781,            ,            ,            ,   19465.790,       0.756,       0.003,   1381.8824,       0.003,   2672.3772,            ,            ,            ,   19511.626,       0.592,       0.003,      0.4018,       0.003,   1939.5113,            ,            ,            ,
                              ,   18789.131,       1.280,       0.007,      5.3084,       0.007,   3098.7889,            ,            ,            ,   19090.292,       1.335,       0.007,   1728.5465,       0.007,   5326.3211,            ,            ,            ,   19151.361,       1.259,       0.007,  12752.2305,       0.007,  26557.4864,            ,            ,            ,   19211.265,       0.813,       0.007,      8.1659,       0.007,   7372.2089,            ,            ,            ,   19466.520,       0.730,       0.007,   2100.7189,       0.007,   2745.2117,            ,            ,            ,   19512.218,       0.592,       0.007,      6.1047,       0.007,   1948.5154,            ,            ,            ,
                              ,   18790.429,       1.298,       0.010,     13.1991,       0.010,   3154.1724,            ,            ,            ,   19091.691,       1.348,       0.010,   1148.9363,       0.010,   5333.2497,            ,            ,            ,   19152.601,       1.240,       0.010,  11006.6459,       0.010,  23329.3249,            ,            ,            ,   19212.055,       0.790,       0.010,     54.0911,       0.010,   7499.3054,            ,            ,            ,   19467.249,       0.729,       0.010,   3198.1491,       0.010,   2872.5555,            ,            ,            ,   19512.815,       0.597,       0.010,      5.5852,       0.010,   1963.6224,            ,            ,            ,
                              ,   18791.724,       1.295,       0.013,     39.0729,       0.013,   3233.9560,            ,            ,            ,   19092.993,       1.302,       0.013,    732.3144,       0.013,   5342.3093,            ,            ,            ,   19153.767,       1.166,       0.013,   8957.6169,       0.013,  19956.0204,            ,            ,            ,   19212.842,       0.787,       0.013,    231.7566,       0.013,   7682.0073,            ,            ,            ,   19467.960,       0.711,       0.013,   4538.8436,       0.013,   3064.2303,            ,            ,            ,   19513.413,       0.598,       0.013,    117.0089,       0.013,   1984.9847,            ,            ,            ,
                              ,   18792.971,       1.247,       0.017,   1258.1755,       0.017,   3340.5524,            ,            ,            ,   19094.224,       1.231,       0.017,    706.4127,       0.017,   5352.8804,            ,            ,            ,   19154.946,       1.179,       0.017,   6983.7616,       0.017,  16851.3104,            ,            ,            ,   19213.621,       0.779,       0.017,   1412.3854,       0.017,   7925.3844,            ,            ,            ,   19468.666,       0.706,       0.017,   5962.0431,       0.017,   3335.9425,            ,            ,            ,   19514.022,       0.609,       0.017,   1202.6966,       0.017,   2012.8186,            ,            ,            ,
                              ,   18794.176,       1.205,       0.020,   4164.4872,       0.020,   3477.3208,            ,            ,            ,   19095.411,       1.187,       0.020,   1163.5362,       0.020,   5364.1993,            ,            ,            ,   19156.144,       1.198,       0.020,   5454.2625,       0.020,  14184.5431,            ,            ,            ,   19214.394,       0.773,       0.020,   1934.7167,       0.020,   8236.4142,            ,            ,            ,   19469.351,       0.685,       0.020,   7304.6713,       0.020,   3711.6378,            ,            ,            ,   19514.651,       0.629,       0.020,   7473.3453,       0.020,   2047.4084,            ,            ,            ,
                              ,   18795.338,       1.162,       0.023,   2292.8233,       0.023,   3648.7966,            ,            ,            ,   19096.650,       1.239,       0.023,   2006.2954,       0.023,   5375.3843,            ,            ,            ,   19157.373,       1.229,       0.023,   4595.4152,       0.023,  11975.4143,            ,            ,            ,   19215.160,       0.766,       0.023,   1853.0655,       0.023,   8624.3764,            ,            ,            ,   19470.025,       0.674,       0.023,   8423.9075,       0.023,   4227.0285,            ,            ,            ,   19515.306,       0.655,       0.023,   8722.1756,       0.023,   2089.1104,            ,            ,            ,
                              ,   18796.502,       1.164,       0.027,   2263.4785,       0.027,   3861.0225,            ,            ,            ,   19097.975,       1.325,       0.027,   2985.0598,       0.027,   5385.4715,            ,            ,            ,   19158.544,       1.171,       0.027,   4399.1035,       0.027,  10176.1750,            ,            ,            ,   19215.913,       0.753,       0.027,   6695.1950,       0.027,   9101.3938,            ,            ,            ,   19470.695,       0.670,       0.027,   9215.3723,       0.027,   4934.1830,            ,            ,            ,   19515.987,       0.681,       0.027,   2939.6091,       0.027,   2138.3589,            ,            ,            ,
                              ,   18797.656,       1.154,       0.030,  10278.2548,       0.030,   4122.0214,            ,            ,            ,   19099.234,       1.259,       0.030,   3823.8452,       0.030,   5393.4589,            ,            ,            ,   19159.689,       1.145,       0.030,   4634.7936,       0.030,   8719.1615,            ,            ,            ,   19216.656,       0.743,       0.030,  17943.9714,       0.030,   9683.1642,            ,            ,            ,   19471.354,       0.659,       0.030,   9623.8456,       0.030,   5905.1270,            ,            ,            ,   19516.689,       0.702,       0.030,   1223.4146,       0.030,   2195.6724,            ,            ,            ,
                              ,   18798.829,       1.173,       0.033,  12615.9097,       0.033,   4442.4766,            ,            ,            ,   19100.419,       1.185,       0.033,   4369.8832,       0.033,   5398.3576,            ,            ,            ,   19160.913,       1.224,       0.033,   4965.7251,       0.033,   7538.4764,            ,            ,            ,   19217.394,       0.738,       0.033,  23324.9892,       0.033,  10389.9354,            ,            ,            ,   19471.995,       0.641,       0.033,   9644.9181,       0.033,   7225.0762,            ,            ,            ,   19517.399,       0.710,       0.033,    175.8262,       0.033,   2261.6620,            ,            ,            ,
                              ,   18800.096,       1.267,       0.037,   3910.4457,       0.037,   4836.7205,            ,            ,            ,   19101.548,       1.129,       0.037,   4673.2705,       0.037,   5399.2506,            ,            ,            ,   19162.177,       1.264,       0.037,   5104.9029,       0.037,   6577.6590,            ,            ,            ,   19218.133,       0.739,       0.037,  12767.0926,       0.037,  11247.7897,            ,            ,            ,   19472.631,       0.636,       0.037,   9317.9026,       0.037,   8943.8018,            ,            ,            ,   19518.108,       0.709,       0.037,   1206.3872,       0.037,   2337.0403,            ,            ,            ,
                              ,   18801.408,       1.312,       0.040,  15080.7537,       0.040,   5324.1897,            ,            ,            ,   19102.700,       1.152,       0.040,   4937.4562,       0.040,   5395.3537,            ,            ,            ,   19163.358,       1.181,       0.040,   4924.7811,       0.040,   5791.0179,            ,            ,            ,   19218.862,       0.729,       0.040,   6381.8297,       0.040,  12290.3012,            ,            ,            ,   19473.248,       0.617,       0.040,   8712.2446,       0.040,  10912.7629,            ,            ,            ,   19518.806,       0.698,       0.040,   6731.4558,       0.040,   2422.6313,            ,            ,            ,
                              ,   18802.667,       1.259,       0.043,   3257.7597,       0.043,   5931.6043,            ,            ,            ,   19103.920,       1.220,       0.043,   5363.9569,       0.043,   5386.0768,            ,            ,            ,   19164.520,       1.162,       0.043,   4470.0175,       0.043,   5142.5531,            ,            ,            ,   19219.581,       0.719,       0.043,  33943.5379,       0.043,  13560.5976,            ,            ,            ,   19473.865,       0.617,       0.043,   7911.0543,       0.043,  12487.5615,            ,            ,            ,   19519.493,       0.687,       0.043,   4727.1926,       0.043,   2519.3820,            ,            ,            ,
                              ,   18803.880,       1.213,       0.047,   4458.0743,       0.047,   6696.2859,            ,            ,            ,   19105.144,       1.224,       0.047,   5990.1223,       0.047,   5371.0785,            ,            ,            ,   19165.727,       1.207,       0.047,   3886.2682,       0.047,   4604.2257,            ,            ,            ,   19220.295,       0.714,       0.047,  50923.2676,       0.047,  15113.7475,            ,            ,            ,   19474.469,       0.604,       0.047,   6995.7889,       0.047,  12591.1627,            ,            ,            ,   19520.169,       0.676,       0.047,    938.6862,       0.047,   2628.3736,            ,            ,            ,
                              ,   18805.072,       1.192,       0.050,   4882.4896,       0.050,   7671.3011,            ,            ,            ,   19106.324,       1.180,       0.050,   6630.5974,       0.050,   5350.3111,            ,            ,            ,   19166.976,       1.249,       0.050,   3323.0147,       0.050,   4154.2690,            ,            ,            ,   19220.998,       0.703,       0.050,  15471.2097,       0.050,  17019.0821,            ,            ,            ,   19475.074,       0.605,       0.050,   6035.4094,       0.050,  10869.2898,            ,            ,            ,   19520.829,       0.660,       0.050,   4562.8463,       0.050,   2750.8341,            ,            ,            ,
                              ,   18806.266,       1.194,       0.053,   9583.1205,       0.053,   8933.5663,            ,            ,            ,   19107.448,       1.124,       0.053,   6968.2344,       0.053,   5324.0510,            ,            ,            ,   19168.146,       1.170,       0.053,   2867.8031,       0.053,   3775.7627,            ,            ,            ,   19221.690,       0.692,       0.053,  28595.3173,       0.053,  19361.3211,            ,            ,            ,   19475.670,       0.596,       0.053,   5081.7091,       0.053,   8319.0132,            ,            ,            ,   19521.485,       0.656,       0.053,     88.3402,       0.053,   2888.1497,            ,            ,            ,
                              ,   18807.468,       1.202,       0.057,  24356.6913,       0.057,  10596.7669,            ,            ,            ,   19108.609,       1.161,       0.057,   6741.7774,       0.057,   5292.9118,            ,            ,            ,   19169.306,       1.160,       0.057,   2533.4762,       0.057,   3455.5014,            ,            ,            ,   19222.371,       0.681,       0.057, 133813.9365,       0.057,  22237.7131,            ,            ,            ,   19476.257,       0.587,       0.057,   4170.4897,       0.057,   6008.5407,            ,            ,            ,   19522.143,       0.658,       0.057,   1741.9407,       0.057,   3041.8740,            ,            ,            ,
                              ,   18808.635,       1.167,       0.060,    781.6060,       0.060,  12831.9581,            ,            ,            ,   19109.888,       1.279,       0.060,   5914.3364,       0.060,   5257.8389,            ,            ,            ,   19170.510,       1.204,       0.060,   2282.7421,       0.060,   3183.1238,            ,            ,            ,   19223.039,       0.668,       0.060, 126587.2232,       0.060,  25745.0459,            ,            ,            ,   19476.845,       0.588,       0.060,   3326.5294,       0.060,   4290.7992,            ,            ,            ,   19522.804,       0.661,       0.060,   4833.1408,       0.060,   3213.7346,            ,            ,            ,
                              ,   18809.821,       1.186,       0.063,  18678.5216,       0.063,  15899.5054,            ,            ,            ,   19111.136,       1.248,       0.063,   4721.3890,       0.063,   5220.0892,            ,            ,            ,   19171.766,       1.256,       0.063,   2061.9835,       0.063,   2950.4520,            ,            ,            ,   19223.696,       0.657,       0.063,  46873.5729,       0.063,  29944.5766,            ,            ,            ,   19477.424,       0.579,       0.063,   2569.3987,       0.063,   3101.3949,            ,            ,            ,   19523.475,       0.671,       0.063,    897.2645,       0.063,   3405.6322,            ,            ,            ,
                              ,   18811.062,       1.241,       0.067,  17370.1677,       0.067,  20193.5635,            ,            ,            ,   19112.303,       1.167,       0.067,   3575.5835,       0.067,   5181.1972,            ,            ,            ,   19172.977,       1.211,       0.067,   1827.8707,       0.067,   2750.9920,            ,            ,            ,   19224.345,       0.649,       0.067,   8173.8898,       0.067,  34786.3258,            ,            ,            ,   19478.011,       0.587,       0.067,   1917.4117,       0.067,   2289.1099,            ,            ,            ,   19524.168,       0.693,       0.067,  14939.7138,       0.067,   3619.6297,            ,            ,            ,
                              ,   18812.319,       1.257,       0.070,    357.4780,       0.070,  26281.3839,            ,            ,            ,   19113.438,       1.135,       0.070,   2889.8754,       0.070,   5142.9356,            ,            ,            ,   19174.133,       1.156,       0.070,   1565.7211,       0.070,   2579.5574,            ,            ,            ,   19224.989,       0.644,       0.070,   1310.8252,       0.070,  39978.3367,            ,            ,            ,   19478.605,       0.594,       0.070,   1388.1840,       0.070,   1728.6086,            ,            ,            ,   19524.885,       0.717,       0.070,   3399.6875,       0.070,   3857.9251,            ,            ,            ,
                              ,   18813.590,       1.271,       0.073,  19312.0232,       0.073,  34836.9824,            ,            ,            ,   19114.619,       1.181,       0.073,   2914.7554,       0.073,   5107.2744,            ,            ,            ,   19175.326,       1.193,       0.073,   1300.9548,       0.073,   2431.9846,            ,            ,            ,   19225.627,       0.638,       0.073,  12069.4271,       0.073,  44834.5620,            ,            ,            ,   19479.193,       0.588,       0.073,    995.8962,       0.073,   1334.2838,            ,            ,            ,   19525.626,       0.741,       0.073,   3532.8233,       0.073,   4122.8006,            ,            ,            ,
                              ,   18814.811,       1.221,       0.077,  19044.8371,       0.077,  46108.4803,            ,            ,            ,   19115.943,       1.324,       0.077,   3656.9891,       0.077,   5076.3467,            ,            ,            ,   19176.568,       1.242,       0.077,   1097.1528,       0.077,   2304.9169,            ,            ,            ,   19226.260,       0.633,       0.077,  49418.6878,       0.077,  48259.6037,            ,            ,            ,   19479.798,       0.605,       0.077,    746.7877,       0.077,   1050.7582,            ,            ,            ,   19526.378,       0.752,       0.077,   3115.5351,       0.077,   4416.5378,            ,            ,            ,
                              ,   18816.013,       1.202,       0.080, 158980.7148,       0.080,  58223.9370,            ,            ,            ,   19117.185,       1.242,       0.080,   4890.3642,       0.080,   5052.4265,            ,            ,            ,   19177.769,       1.201,       0.080,   1031.9619,       0.080,   2195.6400,            ,            ,            ,   19226.896,       0.636,       0.080,  91311.0326,       0.080,  49117.9239,            ,            ,            ,   19481.015,       0.622,       0.080,    635.1018,       0.080,    842.4826,            ,            ,            ,   19527.130,       0.752,       0.080,   6718.5838,       0.080,   4741.2859,            ,            ,            ,
                              ,   18817.194,       1.181,       0.083, 105333.5773,       0.083,  65288.5714,            ,            ,            ,   19118.360,       1.175,       0.083,   6229.7479,       0.083,   5037.9234,            ,            ,            ,   19178.917,       1.148,       0.083,   1154.7336,       0.083,   2101.9568,            ,            ,            ,   19227.534,       0.638,       0.083,  49591.9238,       0.083,  46939.6428,            ,            ,            ,   19481.646,       0.631,       0.083,    641.4585,       0.083,    686.3943,            ,            ,            ,   19527.861,       0.731,       0.083,     38.0135,       0.083,   5098.8684,            ,            ,            ,
                              ,   18818.353,       1.159,       0.087,  38986.6099,       0.087,  61596.9703,            ,            ,            ,   19119.505,       1.145,       0.087,   7237.1162,       0.087,   5035.3989,            ,            ,            ,   19180.089,       1.172,       0.087,   1448.3148,       0.087,   2022.0908,            ,            ,            ,   19228.173,       0.639,       0.087,   1843.4305,       0.087,  42314.2361,            ,            ,            ,   19482.285,       0.639,       0.087,    734.6264,       0.087,    567.2632,            ,            ,            ,   19528.586,       0.725,       0.087,   3087.0182,       0.087,   5490.5120,            ,            ,            ,
                              ,   18819.529,       1.176,       0.090,  10252.7453,       0.090,  49947.3503,            ,            ,            ,   19120.704,       1.199,       0.090,   7542.8865,       0.090,   5047.6083,            ,            ,            ,   19181.373,       1.284,       0.090,   1822.7245,       0.090,   1954.6124,            ,            ,            ,   19228.818,       0.645,       0.090,   3080.0379,       0.090,  36478.6827,            ,            ,            ,   19482.941,       0.656,       0.090,    876.3613,       0.090,    474.8290,            ,            ,            ,   19529.303,       0.717,       0.090,   2271.4273,       0.090,   5916.4835,            ,            ,            ,
                              ,   18820.700,       1.171,       0.093,  13021.7782,       0.093,  37400.6487,            ,            ,            ,   19121.989,       1.285,       0.093,   6966.5045,       0.093,   5077.5719,            ,            ,            ,   19182.580,       1.207,       0.093,   2151.0644,       0.093,   1898.3832,            ,            ,            ,   19229.477,       0.659,       0.093,   7660.9905,       0.093,  30577.1698,            ,            ,            ,   19483.578,       0.637,       0.093,   1027.8982,       0.093,    402.0376,            ,            ,            ,   19530.018,       0.715,       0.093,   7560.7649,       0.093,   6375.6307,            ,            ,            ,
                              ,   18821.890,       1.190,       0.097,   6200.7947,       0.097,  27462.2293,            ,            ,            ,   19123.214,       1.225,       0.097,   5599.4827,       0.097,   5128.6829,            ,            ,            ,   19183.715,       1.135,       0.097,   2329.0873,       0.097,   1852.5135,            ,            ,            ,   19230.172,       0.695,       0.097,   5588.0673,       0.097,  25281.5315,            ,            ,            ,   19484.236,       0.658,       0.097,   1156.2218,       0.097,    343.9452,            ,            ,            ,   19530.738,       0.720,       0.097,  10086.8188,       0.097,   6864.8378,            ,            ,            ,
                              ,   18823.109,       1.219,       0.100,   3985.5336,       0.100,  20388.3823,            ,            ,            ,   19124.330,       1.116,       0.100,   3799.0206,       0.100,   5204.8579,            ,            ,            ,   19184.836,       1.121,       0.100,   2322.3168,       0.100,   1816.3310,            ,            ,            ,   19230.920,       0.748,       0.100,  11011.6020,       0.100,  20831.2199,            ,            ,            ,   19484.873,       0.637,       0.100,   1238.4844,       0.100,    297.0228,            ,            ,            ,   19531.485,       0.747,       0.100,   3499.0890,       0.100,   7378.4396,            ,            ,            ,
                              ,   18824.355,       1.246,       0.103,   5482.8552,       0.103,  15478.5520,            ,            ,            ,   19125.390,       1.060,       0.103,   2065.2022,       0.103,   5310.7464,            ,            ,            ,   19186.004,       1.168,       0.103,   2172.9134,       0.103,   1789.3592,            ,            ,            ,   19231.684,       0.764,       0.103,   4604.6433,       0.103,  17215.5679,            ,            ,            ,   19485.519,       0.646,       0.103,   1263.7077,       0.103,    258.7087,            ,            ,            ,   19532.261,       0.776,       0.103,   7288.8952,       0.103,   7907.6800,            ,            ,            ,
                              ,   18825.609,       1.254,       0.107,   7896.7913,       0.107,  12044.8807,            ,            ,            ,   19126.491,       1.101,       0.107,    840.7139,       0.107,   5452.0174,            ,            ,            ,   19187.209,       1.205,       0.107,   1965.9849,       0.107,   1771.3035,            ,            ,            ,   19232.435,       0.751,       0.107,   1237.2343,       0.107,  14321.5021,            ,            ,            ,   19486.163,       0.644,       0.107,   1231.8378,       0.107,    227.1144,            ,            ,            ,   19533.054,       0.793,       0.107,  21521.7213,       0.107,   8440.3573,            ,            ,            ,
                              ,   18826.845,       1.236,       0.110,   9998.3962,       0.110,   9596.5191,            ,            ,            ,   19127.780,       1.289,       0.110,    334.2426,       0.110,   5635.7569,            ,            ,            ,   19188.368,       1.159,       0.110,   1780.4094,       0.110,   1762.0453,            ,            ,            ,   19233.177,       0.742,       0.110,    318.6873,       0.110,  12013.9222,            ,            ,            ,   19486.809,       0.646,       0.110,   1150.9552,       0.110,    200.8274,            ,            ,            ,   19533.846,       0.792,       0.110,   5846.5418,       0.110,   8960.8382,            ,            ,            ,
                              ,   18828.036,       1.191,       0.113,  12911.0707,       0.113,   7810.8789,            ,            ,            ,   19129.007,       1.227,       0.113,    469.3450,       0.113,   5871.0280,            ,            ,            ,   19189.494,       1.126,       0.113,   1654.7119,       0.113,   1761.6433,            ,            ,            ,   19233.905,       0.728,       0.113,   6446.9174,       0.113,  10169.4195,            ,            ,            ,   19487.457,       0.648,       0.113,   1033.7597,       0.113,    178.7775,            ,            ,            ,   19534.617,       0.771,       0.113,   1591.6637,       0.113,   9450.6358,            ,            ,            ,
                              ,   18829.205,       1.169,       0.117,  15743.0579,       0.117,   6479.2783,            ,            ,            ,   19130.195,       1.188,       0.117,    983.2114,       0.117,   6169.6729,            ,            ,            ,   19190.667,       1.173,       0.117,   1583.3622,       0.117,   1770.3421,            ,            ,            ,   19234.620,       0.715,       0.117,  16355.9817,       0.117,   8686.2293,            ,            ,            ,   19488.096,       0.639,       0.117,    894.3384,       0.117,    160.1438,            ,            ,            ,   19535.372,       0.755,       0.117,   4596.3475,       0.117,   9889.6787,            ,            ,            ,
                              ,   18830.357,       1.152,       0.120,  14825.8704,       0.120,   5465.5793,            ,            ,            ,   19131.347,       1.152,       0.120,   1595.8452,       0.120,   6547.4913,            ,            ,            ,   19191.902,       1.235,       0.120,   1537.2475,       0.120,   1788.5907,            ,            ,            ,   19235.322,       0.702,       0.120,   9931.2379,       0.120,   7484.2309,            ,            ,            ,   19488.746,       0.650,       0.120,    745.8285,       0.120,    144.2897,            ,            ,            ,   19536.108,       0.736,       0.120,    203.1975,       0.120,  10258.2452,            ,            ,            ,
                              ,   18831.527,       1.170,       0.123,  18323.1364,       0.123,   4679.3918,            ,            ,            ,   19132.527,       1.180,       0.123,   2125.7872,       0.123,   7026.0112,            ,            ,            ,   19193.102,       1.200,       0.123,   1489.7509,       0.123,   1817.0705,            ,            ,            ,   19236.012,       0.690,       0.123,    555.1632,       0.123,   6501.6494,            ,            ,            ,   19489.393,       0.647,       0.123,    599.1250,       0.123,    130.7164,            ,            ,            ,   19536.837,       0.729,       0.123,   3024.5505,       0.123,  10539.3069,            ,            ,            ,
                              ,   18832.717,       1.190,       0.127,   7964.4000,       0.127,   4059.4496,            ,            ,            ,   19133.752,       1.225,       0.127,   2491.0102,       0.127,   7635.2252,            ,            ,            ,   19194.280,       1.178,       0.127,   1432.3101,       0.127,   1856.7376,            ,            ,            ,   19236.692,       0.680,       0.127,    550.8494,       0.127,   5691.2252,            ,            ,            ,   19490.036,       0.643,       0.127,    462.4427,       0.127,    119.0293,            ,            ,            ,   19537.562,       0.725,       0.127,    968.3158,       0.127,  10720.8144,            ,            ,            ,
                              ,   18833.966,       1.249,       0.130,   2299.5489,       0.130,   3563.3459,            ,            ,            ,   19134.952,       1.200,       0.130,   2659.5452,       0.130,   8417.9400,            ,            ,            ,   19195.471,       1.191,       0.130,   1374.4780,       0.130,   1908.8824,            ,            ,            ,   19237.363,       0.671,       0.130,   5265.9991,       0.130,   5016.8261,            ,            ,            ,   19490.694,       0.658,       0.130,    341.3959,       0.130,    108.9135,            ,            ,            ,   19538.295,       0.733,       0.130,  12059.2215,       0.130,  10797.3649,            ,            ,            ,
                              ,   18835.267,       1.301,       0.133,   7868.7064,       0.133,   3161.1293,            ,            ,            ,   19136.094,       1.142,       0.133,   2691.3656,       0.133,   9436.9175,            ,            ,            ,   19196.736,       1.265,       0.133,   1333.4591,       0.133,   1975.2133,            ,            ,            ,   19238.031,       0.668,       0.133,  13245.7701,       0.133,   4450.7329,            ,            ,            ,   19491.342,       0.648,       0.133,    239.2942,       0.133,    100.1157,            ,            ,            ,   19539.060,       0.765,       0.133,  17448.6145,       0.133,  10770.8143,            ,            ,            ,
                              ,   18836.560,       1.293,       0.137,  12704.9684,       0.137,   2831.2420,            ,            ,            ,   19137.149,       1.055,       0.137,   2949.9317,       0.137,  10787.0143,            ,            ,            ,   19197.943,       1.207,       0.137,   1321.4225,       0.137,   2057.9743,            ,            ,            ,   19238.697,       0.666,       0.137,   6541.6839,       0.137,   3971.5595,            ,            ,            ,   19491.991,       0.649,       0.137,    157.4807,       0.137,     92.4305,            ,            ,            ,   19539.843,       0.783,       0.137,  13913.9682,       0.137,  10649.6919,            ,            ,            ,
                              ,   18837.808,       1.248,       0.140,  18324.8930,       0.140,   2557.8934,            ,            ,            ,   19138.221,       1.072,       0.140,   4378.4255,       0.140,  12616.6236,            ,            ,            ,   19199.089,       1.146,       0.140,   1336.8464,       0.140,   2160.1102,            ,            ,            ,   19239.375,       0.678,       0.140,    170.9774,       0.140,   3562.6925,            ,            ,            ,   19492.647,       0.656,       0.140,     95.6593,       0.140,     85.6903,            ,            ,            ,   19540.639,       0.796,       0.140,   8328.5327,       0.140,  10447.6336,            ,            ,            ,
                              ,   18839.022,       1.214,       0.143,  17108.7410,       0.143,   2329.3296,            ,            ,            ,   19139.411,       1.190,       0.143,   8571.0269,       0.143,  15167.1315,            ,            ,            ,   19200.240,       1.151,       0.143,   1362.9108,       0.143,   2285.5022,            ,            ,            ,   19240.070,       0.695,       0.143,   7779.2774,       0.143,   3211.1305,            ,            ,            ,   19493.280,       0.633,       0.143,     52.2318,       0.143,     79.7572,            ,            ,            ,   19541.429,       0.790,       0.143,  12540.0683,       0.143,  10181.2910,            ,            ,            ,
                              ,   18840.243,       1.221,       0.147,   8863.4388,       0.147,   2136.6705,            ,            ,            ,   19140.659,       1.248,       0.147,  17385.7325,       0.147,  18848.5568,            ,            ,            ,   19201.479,       1.239,       0.147,   1373.6913,       0.147,   2439.3081,            ,            ,            ,   19240.823,       0.753,       0.147,  11305.5591,       0.147,   2906.6213,            ,            ,            ,   19493.920,       0.640,       0.147,     24.6683,       0.147,     74.5175,            ,            ,            ,   19542.195,       0.766,       0.147,  34983.3656,       0.147,   9868.2282,            ,            ,            ,
                              ,   18841.457,       1.214,       0.150,   1562.5446,       0.150,   1973.1156,            ,            ,            ,   19141.856,       1.197,       0.150,  32091.9143,       0.150,  24389.3895,            ,            ,            ,   19202.700,       1.221,       0.150,   1346.5069,       0.150,   2628.4626,            ,            ,            ,   19241.637,       0.814,       0.150,   6363.7822,       0.150,   2641.0212,            ,            ,            ,   19494.550,       0.630,       0.150,      9.9023,       0.150,     69.8763,            ,            ,            ,   19542.943,       0.748,       0.150,  56809.4286,       0.150,   9525.1946,            ,            ,            ,
                              ,   18842.686,       1.229,       0.153,   2064.5731,       0.153,   1833.3903,            ,            ,            ,   19142.994,       1.138,       0.153,  52393.7714,       0.153,  33132.7210,            ,            ,            ,   19203.830,       1.130,       0.153,   1275.1220,       0.153,   2862.4271,            ,            ,            ,   19242.498,       0.848,       0.153,    919.1263,       0.153,   2407.8152,            ,            ,            ,   19495.171,       0.621,       0.153,      4.7135,       0.153,     65.7545,            ,            ,            ,   19543.680,       0.737,       0.153,  24845.2404,       0.153,   9166.9623,            ,            ,            ,
                              ,   18843.932,       1.246,       0.157,   1529.9458,       0.157,   1713.3558,            ,            ,            ,   19144.163,       1.169,       0.157,  75880.2679,       0.157,  47539.9794,            ,            ,            ,   19204.973,       1.143,       0.157,   1176.3269,       0.157,   3154.3418,            ,            ,            ,   19243.350,       0.852,       0.157,   1040.1934,       0.157,   2201.7563,            ,            ,            ,   19495.794,       0.623,       0.157,      6.0485,       0.157,     62.0856,            ,            ,            ,   19544.413,       0.733,       0.157,  27331.2535,       0.157,   8805.7335,            ,            ,            ,
                              ,   18845.205,       1.273,       0.160,   1957.7746,       0.160,   1609.7282,            ,            ,            ,   19145.402,       1.239,       0.160,  98339.8597,       0.160,  71288.1609,            ,            ,            ,   19206.183,       1.210,       0.160,   1087.3274,       0.160,   3522.8413,            ,            ,            ,   19244.176,       0.826,       0.160,    252.7692,       0.160,   2018.5935,            ,            ,            ,   19496.416,       0.622,       0.160,     11.2444,       0.160,     58.8135,            ,            ,            ,   19545.155,       0.742,       0.160,  42005.5815,       0.160,   8451.0089,            ,            ,            ,
                              ,   18846.471,       1.266,       0.163,    387.8573,       0.163,   1519.8751,            ,            ,            ,   19146.630,       1.228,       0.163, 114963.0456,       0.163, 103662.3480,            ,            ,            ,   19207.390,       1.207,       0.163,   1064.7254,       0.163,   3995.0022,            ,            ,            ,   19244.956,       0.780,       0.163,     57.3289,       0.163,   1854.8629,            ,            ,            ,   19497.043,       0.627,       0.163,     18.1478,       0.163,     55.8905,            ,            ,            ,   19545.926,       0.771,       0.163,  26709.7938,       0.163,   8109.7644,            ,            ,            ,
                              ,   18847.738,       1.267,       0.167,    752.3029,       0.167,   1441.6646,            ,            ,            ,            ,            ,       0.167, 121967.7708,       0.167, 119135.8996,            ,            ,            ,   19208.566,       1.176,       0.167,   1207.5097,       0.167,   4611.2917,            ,            ,            ,   19245.712,       0.756,       0.167,    114.8429,       0.167,   1707.7283,            ,            ,            ,   19497.656,       0.613,       0.167,     25.1452,       0.167,     53.2764,            ,            ,            ,   19546.707,       0.781,       0.167,  23150.2939,       0.167,   7786.7966,            ,            ,            ,
                              ,   18848.972,       1.234,       0.170,   2040.2705,       0.170,   1373.3538,            ,            ,            ,            ,            ,       0.170, 117920.3527,       0.170,  92787.6637,            ,            ,            ,            ,            ,       0.170,   1717.9553,       0.170,   5434.1879,            ,            ,            ,   19246.441,       0.729,       0.170,     75.2894,       0.170,   1574.8575,            ,            ,            ,   19498.270,       0.614,       0.170,     31.1322,       0.170,     50.9365,            ,            ,            ,   19547.495,       0.788,       0.170,   6648.9573,       0.170,   7485.1276,            ,            ,            ,
                              ,   18850.217,       1.245,       0.173,   5113.7986,       0.173,   1313.5033,            ,            ,            ,            ,            ,       0.173, 104155.7295,       0.173,  57787.5349,            ,            ,            ,            ,            ,       0.173,   2976.1081,       0.173,   6563.8274,            ,            ,            ,   19247.150,       0.709,       0.173,    235.6403,       0.173,   1454.3251,            ,            ,            ,   19498.891,       0.621,       0.173,     35.4491,       0.173,     48.8412,            ,            ,            ,   19548.270,       0.775,       0.173,   3191.0854,       0.173,   7206.4017,            ,            ,            ,
                              ,   18851.455,       1.238,       0.177,   4330.6511,       0.177,   1260.9130,            ,            ,            ,            ,            ,       0.177,  84150.3175,       0.177,  35119.7489,            ,            ,            ,            ,            ,       0.177,   5554.1996,       0.177,   8167.6814,            ,            ,            ,   19247.844,       0.694,       0.177,    119.3861,       0.177,   1344.5362,            ,            ,            ,   19499.522,       0.631,       0.177,     37.8056,       0.177,     46.9652,            ,            ,            ,   19549.037,       0.767,       0.177,    631.1281,       0.177,   6951.2351,            ,            ,            ,
                              ,   18852.698,       1.243,       0.180,   2751.9026,       0.180,   1214.5720,            ,            ,            ,            ,            ,       0.180,  62202.7886,       0.180,  22339.4549,            ,            ,            ,            ,            ,       0.180,  10082.6894,       0.180,  10539.3233,            ,            ,            ,   19248.535,       0.691,       0.180,     44.8043,       0.180,   1244.1657,            ,            ,            ,   19500.156,       0.634,       0.180,     38.2048,       0.180,     45.2867,            ,            ,            ,   19549.790,       0.753,       0.180,   1576.8222,       0.180,   6719.5037,            ,            ,            ,
                              ,   18853.910,       1.212,       0.183,   1531.7824,       0.183,   1173.6194,            ,            ,            ,            ,            ,       0.183,  42052.4057,       0.183,  15009.4999,            ,            ,            ,            ,            ,       0.183,  16940.3474,       0.183,  14218.4459,            ,            ,            ,   19249.237,       0.702,       0.183,    746.7808,       0.183,   1152.1094,            ,            ,            ,   19500.767,       0.611,       0.183,     36.8710,       0.183,     43.7868,            ,            ,            ,   19550.545,       0.755,       0.183,  10579.5892,       0.183,   6510.5693,            ,            ,            ,
                              ,   18855.128,       1.218,       0.187,   1165.7871,       0.187,   1137.3141,            ,            ,            ,            ,            ,       0.187,  25990.0068,       0.187,  10585.6649,            ,            ,            ,            ,            ,       0.187,  25867.4612,       0.187,  20230.5082,            ,            ,            ,   19249.964,       0.727,       0.187,    475.8584,       0.187,   1067.4440,            ,            ,            ,   19501.382,       0.615,       0.187,     34.1824,       0.187,     42.4493,            ,            ,            ,   19551.316,       0.771,       0.187,   7246.5453,       0.187,   6323.4482,            ,            ,            ,
                              ,   18856.341,       1.213,       0.190,    218.1634,       0.190,   1105.0103,            ,            ,            ,            ,            ,       0.190,  14686.4938,       0.190,   7772.7109,            ,            ,            ,            ,            ,       0.190,  35717.9134,       0.190,  30448.1148,            ,            ,            ,   19250.732,       0.768,       0.190,    329.5085,       0.190,    989.3951,            ,            ,            ,   19501.999,       0.617,       0.190,     30.6057,       0.190,     41.2600,            ,            ,            ,   19552.120,       0.804,       0.190,   1769.9287,       0.190,   6156.9311,            ,            ,            ,
                              ,   18857.602,       1.261,       0.193,     78.8666,       0.193,   1076.1383,            ,            ,            ,            ,            ,       0.193,   7598.7398,       0.193,   5899.9918,            ,            ,            ,            ,            ,       0.193,  44571.0084,       0.193,  47089.4256,            ,            ,            ,   19251.612,       0.880,       0.193,   1730.2376,       0.193,    917.3102,            ,            ,            ,   19502.620,       0.621,       0.193,     26.6312,       0.193,     40.2070,            ,            ,            ,   19552.955,       0.835,       0.193,  14094.0875,       0.193,   6009.6649,            ,            ,            ,
                              ,   18858.874,       1.272,       0.197,    390.5594,       0.197,   1050.1894,            ,            ,            ,            ,            ,       0.197,   3609.1935,       0.197,   4603.8037,            ,            ,            ,            ,            ,       0.197,  50270.7037,       0.197,  65460.9737,            ,            ,            ,   19252.577,       0.953,       0.197,    861.2218,       0.197,    850.6362,            ,            ,            ,   19503.242,       0.622,       0.197,     22.7115,       0.197,     39.2797,            ,            ,            ,   19553.782,       0.827,       0.197,  11297.2423,       0.197,   5880.2027,            ,            ,            ,
                              ,   18860.143,       1.269,       0.200,     86.7090,       0.200,   1026.7038,            ,            ,            ,            ,            ,       0.200,   1574.5015,       0.200,   3676.8590,            ,            ,            ,            ,            ,       0.200,  51213.2830,       0.200,  64023.5270,            ,            ,            ,   19253.565,       0.967,       0.200,   1559.6213,       0.200,    788.9014,            ,            ,            ,   19503.850,       0.608,       0.200,     19.2104,       0.200,     38.4691,            ,            ,            ,   19554.583,       0.801,       0.200,   3422.4748,       0.200,   5767.0293,            ,            ,            ,
                              ,   18861.368,       1.225,       0.203,    521.2217,       0.203,   1005.2611,            ,            ,            ,            ,            ,       0.203,    622.8079,       0.203,   2995.4546,            ,            ,            ,            ,            ,       0.203,  47017.7232,       0.203,  43660.5533,            ,            ,            ,   19254.502,       0.937,       0.203,   1199.6887,       0.203,    731.7000,            ,            ,            ,   19504.454,       0.604,       0.203,     16.3744,       0.203,     37.7675,            ,            ,            ,   19555.359,       0.776,       0.203,    221.3208,       0.203,   5668.5694,            ,            ,            ,
                              ,   18862.547,       1.179,       0.207,    799.3314,       0.207,    985.4735,            ,            ,            ,            ,            ,       0.207,    214.8569,       0.207,   2482.6946,            ,            ,            ,            ,            ,       0.207,  38725.5299,       0.207,  26494.6604,            ,            ,            ,   19255.388,       0.886,       0.207,    776.9738,       0.207,    678.6793,            ,            ,            ,   19505.062,       0.608,       0.207,     14.3368,       0.207,     37.1681,            ,            ,            ,   19556.118,       0.759,       0.207,   3796.9379,       0.207,   5583.1796,            ,            ,            ,
                              ,   18863.732,       1.185,       0.210,   1542.5505,       0.210,    966.9807,            ,            ,            ,            ,            ,       0.210,     75.1494,       0.210,   2089.0432,            ,            ,            ,            ,            ,       0.210,  28406.1312,       0.210,  16470.0685,            ,            ,            ,   19256.238,       0.850,       0.210,    858.3153,       0.210,    629.5294,            ,            ,            ,   19505.664,       0.602,       0.210,     13.1564,       0.210,     36.6655,            ,            ,            ,   19556.876,       0.758,       0.210,   6980.2847,       0.210,   5509.1318,            ,            ,            ,
                              ,   18864.886,       1.154,       0.213,   1559.9686,       0.213,    949.4471,            ,            ,            ,            ,            ,       0.213,     93.7646,       0.213,   1781.5811,            ,            ,            ,            ,            ,       0.213,  18358.9288,       0.213,  10827.5363,            ,            ,            ,   19257.049,       0.811,       0.213,    291.3574,       0.213,    583.9746,            ,            ,            ,   19506.269,       0.605,       0.213,     12.8789,       0.213,     36.2547,            ,            ,            ,   19557.642,       0.766,       0.213,    288.9061,       0.213,   5444.5877,            ,            ,            ,
                              ,   18866.059,       1.173,       0.217,   1437.4587,       0.217,    932.5603,            ,            ,            ,            ,            ,       0.217,    246.1538,       0.217,   1537.8277,            ,            ,            ,            ,            ,       0.217,  10308.5030,       0.217,   7510.4244,            ,            ,            ,   19257.845,       0.796,       0.217,     90.2415,       0.217,    541.7665,            ,            ,            ,   19506.875,       0.606,       0.217,     13.5923,       0.217,     35.9319,            ,            ,            ,   19558.464,       0.822,       0.217,   4622.8740,       0.217,   5387.5703,            ,            ,            ,
                              ,   18867.211,       1.152,       0.220,    364.7885,       0.220,    916.0313,            ,            ,            ,            ,            ,       0.220,    534.1640,       0.220,   1342.0599,            ,            ,            ,            ,            ,       0.220,   4961.3797,       0.220,   5449.3066,            ,            ,            ,   19258.632,       0.787,       0.220,    599.9584,       0.220,    502.6789,            ,            ,            ,   19507.474,       0.599,       0.220,     15.4448,       0.220,     35.6938,            ,            ,            ,   19559.307,       0.843,       0.220,   1289.1930,       0.220,   5335.9356,            ,            ,            ,
                              ,   18868.376,       1.165,       0.223,    652.8372,       0.223,    899.5961,            ,            ,            ,            ,            ,       0.223,    941.0918,       0.223,   1183.0468,            ,            ,            ,            ,            ,       0.223,   2062.8741,       0.223,   4101.8991,            ,            ,            ,   19259.425,       0.793,       0.223,    333.4970,       0.223,    466.5030,            ,            ,            ,   19508.078,       0.604,       0.223,     18.5968,       0.223,     35.5378,            ,            ,            ,   19560.146,       0.839,       0.223,   8836.2879,       0.223,   5287.3480,            ,            ,            ,
                              ,   18869.630,       1.254,       0.227,   1748.5863,       0.227,    883.0186,            ,            ,            ,            ,            ,       0.227,   1404.6382,       0.227,   1052.6149,            ,            ,            ,            ,            ,       0.227,    818.2434,       0.227,   3182.1206,            ,            ,            ,   19260.242,       0.817,       0.227,    427.8499,       0.227,    433.0449,            ,            ,            ,   19508.678,       0.600,       0.227,     23.1095,       0.227,     35.4620,            ,            ,            ,   19560.961,       0.815,       0.227,  12697.4605,       0.227,   5239.2678,            ,            ,            ,
                              ,   18870.919,       1.289,       0.230,   1547.2754,       0.230,    866.0936,            ,            ,            ,            ,            ,       0.230,   1819.1695,       0.230,    944.7168,            ,            ,            ,            ,            ,       0.230,    390.6607,       0.230,   2531.0895,            ,            ,            ,   19261.086,       0.844,       0.230,    599.1708,       0.230,    402.1228,            ,            ,            ,   19509.273,       0.595,       0.230,     28.7991,       0.230,     35.4647,            ,            ,            ,   19561.747,       0.786,       0.230,  12337.3247,       0.230,   5188.9558,            ,            ,            ,
                              ,   18872.281,       1.362,       0.233,    443.8617,       0.233,    848.6505,            ,            ,            ,            ,            ,       0.233,   2069.6922,       0.233,    854.8117,            ,            ,            ,            ,            ,       0.233,    225.0238,       0.233,   2056.0802,            ,            ,            ,   19262.014,       0.928,       0.233,    477.1942,       0.233,    373.5655,            ,            ,            ,            ,            ,       0.233,     35.1194,       0.233,     35.5451,            ,            ,            ,   19562.516,       0.769,       0.233,  13489.8127,       0.233,   5133.5050,            ,            ,            ,
                              ,   18873.623,       1.342,       0.237,     58.6059,       0.237,    830.5571,            ,            ,            ,            ,            ,       0.237,   2081.2941,       0.237,    779.4456,            ,            ,            ,            ,            ,       0.237,    109.2106,       0.237,   1700.5167,            ,            ,            ,   19262.965,       0.951,       0.237,    159.0084,       0.237,    347.2112,            ,            ,            ,            ,            ,       0.237,     41.1399,       0.237,     35.7026,            ,            ,            ,   19563.278,       0.762,       0.237,  13411.3519,       0.237,   5069.9062,            ,            ,            ,
                              ,   18875.011,       1.323,       0.240,    137.3578,       0.240,    811.7221,            ,            ,            ,            ,            ,       0.240,   1856.0632,       0.240,    715.9604,            ,            ,            ,            ,            ,       0.240,     47.7615,       0.240,   1428.5104,            ,            ,            ,   19263.874,       0.909,       0.240,     12.0696,       0.240,    322.9065,            ,            ,            ,            ,            ,       0.240,     45.6682,       0.240,     35.9369,            ,            ,            ,   19564.050,       0.772,       0.240,   9483.5431,       0.240,   4995.1558,            ,            ,            ,
                              ,   18876.392,       1.326,       0.243,   1879.1316,       0.243,    792.0968,            ,            ,            ,            ,            ,       0.243,   1475.2825,       0.243,    662.2902,            ,            ,            ,            ,            ,       0.243,     92.8269,       0.243,   1216.5109,            ,            ,            ,   19264.744,       0.870,       0.243,    272.8890,       0.243,    300.5064,            ,            ,            ,            ,            ,       0.243,     47.5130,       0.243,     36.2484,            ,            ,            ,   19564.853,       0.803,       0.243,  12549.3602,       0.243,   4906.4064,            ,            ,            ,
                              ,   18877.718,       1.326,       0.247,   2130.1500,       0.247,    771.6756,            ,            ,            ,            ,            ,       0.247,   1064.7064,       0.247,    616.8155,            ,            ,            ,            ,            ,       0.247,    242.5017,       0.247,   1048.6012,            ,            ,            ,   19265.596,       0.852,       0.247,    610.8885,       0.247,    279.8734,            ,            ,            ,            ,            ,       0.247,     45.8311,       0.247,     36.6375,            ,            ,            ,   19565.695,       0.842,       0.247,  11241.9110,       0.247,   4801.1564,            ,            ,            ,
                              ,   18879.018,       1.300,       0.250,   2013.9542,       0.250,    750.4938,            ,            ,            ,            ,            ,       0.250,    741.5291,       0.250,    578.2583,            ,            ,            ,            ,            ,       0.250,    433.1212,       0.250,    913.7422,            ,            ,            ,   19266.440,       0.844,       0.250,    513.6549,       0.250,    260.8776,            ,            ,            ,            ,            ,       0.250,     40.4469,       0.250,     37.1048,            ,            ,            ,   19566.518,       0.823,       0.250,   8841.0122,       0.250,   4677.4639,            ,            ,            ,
                              ,   18880.258,       1.240,       0.253,   2737.0153,       0.253,    728.6246,            ,            ,            ,            ,            ,       0.253,    570.2877,       0.253,    545.6046,            ,            ,            ,            ,            ,       0.253,    586.3822,       0.253,    804.1015,            ,            ,            ,   19267.305,       0.865,       0.253,    279.7197,       0.253,    243.3965,            ,            ,            ,            ,            ,       0.253,     32.0268,       0.253,     37.6513,            ,            ,            ,   19567.310,       0.792,       0.253,   7409.9933,       0.253,   4534.1601,            ,            ,            ,
                              ,   18881.465,       1.207,       0.257,   2660.5043,       0.257,    706.1737,            ,            ,            ,            ,            ,       0.257,    547.4567,       0.257,    518.0480,            ,            ,            ,            ,            ,       0.257,    656.1792,       0.257,    714.0099,            ,            ,            ,   19268.189,       0.884,       0.257,    112.2466,       0.257,    227.3150,            ,            ,            ,            ,            ,       0.257,     22.0204,       0.257,     38.2778,            ,            ,            ,   19568.082,       0.772,       0.257,   6739.9965,       0.257,   4371.0281,            ,            ,            ,
                              ,   18882.636,       1.171,       0.260,   2584.0084,       0.260,    683.2732,            ,            ,            ,            ,            ,       0.260,    617.2853,       0.260,    494.9474,            ,            ,            ,            ,            ,       0.260,    643.4241,       0.260,    639.2896,            ,            ,            ,   19269.105,       0.916,       0.260,    186.0967,       0.260,    212.5249,            ,            ,            ,            ,            ,       0.260,     12.3542,       0.260,     38.9853,            ,            ,            ,   19568.844,       0.762,       0.260,   2936.6561,       0.260,   4188.9114,            ,            ,            ,
                              ,   18883.798,       1.162,       0.263,   1711.7358,       0.263,    660.0736,            ,            ,            ,            ,            ,       0.263,    705.6899,       0.263,    475.7952,            ,            ,            ,            ,            ,       0.263,    579.8471,       0.263,    576.8130,            ,            ,            ,   19270.045,       0.940,       0.263,    248.0204,       0.263,    198.9250,            ,            ,            ,            ,            ,       0.263,      4.9501,       0.263,     39.7744,            ,            ,            ,   19569.606,       0.762,       0.263,    402.5061,       0.263,   3989.7221,            ,            ,            ,
                              ,   18884.973,       1.175,       0.267,    755.1095,       0.267,    636.7367,            ,            ,            ,            ,            ,       0.267,    753.1359,       0.267,    460.1939,            ,            ,            ,            ,            ,       0.267,    500.6822,       0.267,    524.2052,            ,            ,            ,   19270.952,       0.907,       0.267,     13.0370,       0.267,    186.4210,            ,            ,            ,            ,            ,       0.267,      1.2133,       0.267,     40.6456,            ,            ,            ,   19570.381,       0.775,       0.267,   1305.1837,       0.267,   3776.3352,            ,            ,            ,
                              ,   18886.161,       1.188,       0.270,     80.3201,       0.270,    613.4275,            ,            ,            ,            ,            ,       0.270,    732.5350,       0.270,    447.8385,            ,            ,            ,            ,            ,       0.270,    425.9068,       0.270,    479.6399,            ,            ,            ,   19271.834,       0.882,       0.270,    166.7491,       0.270,    174.9251,            ,            ,            ,            ,            ,       0.270,      1.6521,       0.270,     41.5988,            ,            ,            ,   19571.212,       0.831,       0.270,   1697.0958,       0.270,   3552.3757,            ,            ,            ,
                              ,   18887.300,       1.139,       0.273,    148.3939,       0.273,    590.3080,            ,            ,            ,            ,            ,       0.273,    648.9316,       0.273,    438.5041,            ,            ,            ,            ,            ,       0.273,    358.0762,       0.273,    441.6967,            ,            ,            ,   19272.709,       0.875,       0.273,    174.0422,       0.273,    164.3559,            ,            ,            ,            ,            ,       0.273,      5.7618,       0.273,     42.6331,            ,            ,            ,   19572.048,       0.836,       0.273,    161.7151,       0.273,   3321.9282,            ,            ,            ,
                              ,   18888.474,       1.174,       0.277,    471.1798,       0.277,    567.5305,            ,            ,            ,            ,            ,       0.277,    526.9925,       0.277,    432.0366,            ,            ,            ,            ,            ,       0.277,    292.4216,       0.277,    409.2600,            ,            ,            ,   19273.582,       0.873,       0.277,     18.9134,       0.277,    154.6380,            ,            ,            ,            ,            ,       0.277,     12.2143,       0.277,     43.7467,            ,            ,            ,   19572.871,       0.823,       0.277,   4041.0657,       0.277,   3089.2141,            ,            ,            ,
                              ,   18889.687,       1.213,       0.280,    202.9351,       0.280,    545.2339,            ,            ,            ,            ,            ,       0.280,    395.6897,       0.280,    428.3472,            ,            ,            ,            ,            ,       0.280,    228.6910,       0.280,    381.4456,            ,            ,            ,   19274.465,       0.883,       0.280,    443.6211,       0.280,    145.7017,            ,            ,            ,            ,            ,       0.280,     19.2943,       0.280,     44.9363,            ,            ,            ,   19573.671,       0.800,       0.280,   5932.1411,       0.280,   2858.2832,            ,            ,            ,
                              ,   18890.916,       1.229,       0.283,     81.9520,       0.283,    523.5398,            ,            ,            ,            ,            ,       0.283,    277.3088,       0.283,    427.4095,            ,            ,            ,            ,            ,       0.283,    175.7968,       0.283,    357.5473,            ,            ,            ,   19275.377,       0.912,       0.283,    806.3794,       0.283,    137.4828,            ,            ,            ,            ,            ,       0.283,     25.4343,       0.283,     46.1969,            ,            ,            ,   19574.453,       0.782,       0.283,   2629.5174,       0.283,   2632.7612,            ,            ,            ,
                              ,   18892.123,       1.207,       0.287,   1219.3187,       0.287,    502.5511,            ,            ,            ,            ,            ,       0.287,    183.2856,       0.287,    429.2586,            ,            ,            ,            ,            ,       0.287,    147.0542,       0.287,    336.9979,            ,            ,            ,   19276.290,       0.913,       0.287,    167.4143,       0.287,    129.9223,            ,            ,            ,            ,            ,       0.287,     29.6685,       0.287,     47.5216,            ,            ,            ,   19575.223,       0.770,       0.287,   5357.6412,       0.287,   2415.6759,            ,            ,            ,
                              ,   18893.320,       1.197,       0.290,   1060.5246,       0.290,    482.3508,            ,            ,            ,            ,            ,       0.290,    115.7001,       0.290,    433.9931,            ,            ,            ,            ,            ,       0.290,    150.7227,       0.290,    319.3393,            ,            ,            ,   19277.185,       0.895,       0.290,     44.1977,       0.290,    122.9659,            ,            ,            ,            ,            ,       0.290,     31.8563,       0.290,     48.9008,            ,            ,            ,   19575.989,       0.766,       0.290,   5910.2994,       0.290,   2209.3695,            ,            ,            ,
                              ,   18894.479,       1.159,       0.293,    574.4571,       0.293,    463.0026,            ,            ,            ,            ,            ,       0.293,     71.8827,       0.293,    441.7788,            ,            ,            ,            ,            ,       0.293,    183.2746,       0.293,    304.2004,            ,            ,            ,   19278.028,       0.843,       0.293,     77.8645,       0.293,    116.5639,            ,            ,            ,            ,            ,       0.293,     32.6072,       0.293,     50.3217,            ,            ,            ,   19576.781,       0.792,       0.293,    915.8552,       0.293,   2015.4890,            ,            ,            ,
                              ,   18895.596,       1.117,       0.297,    596.5931,       0.297,    444.5516,            ,            ,            ,            ,            ,       0.297,     49.8830,       0.297,    452.8545,            ,            ,            ,            ,            ,       0.297,    230.0381,       0.297,    291.2801,            ,            ,            ,   19278.834,       0.806,       0.297,     40.0097,       0.297,    110.6708,            ,            ,            ,            ,            ,       0.297,     32.9487,       0.297,     51.7685,            ,            ,            ,   19577.589,       0.808,       0.297,   3863.0908,       0.297,   1835.0340,            ,            ,            ,
                              ,   18896.707,       1.111,       0.300,     99.4750,       0.300,    427.0260,            ,            ,            ,            ,            ,       0.300,     53.1961,       0.300,    467.5387,            ,            ,            ,            ,            ,       0.300,    272.2788,       0.300,    280.3345,            ,            ,            ,   19279.617,       0.783,       0.300,    125.7284,       0.300,    105.2448,            ,            ,            ,            ,            ,       0.300,     33.8644,       0.300,     53.2214,            ,            ,            ,   19578.392,       0.803,       0.300,   5759.0654,       0.300,   1668.4436,            ,            ,            ,
                              ,   18897.846,       1.139,       0.303,    174.5085,       0.303,    410.4389,            ,            ,            ,            ,            ,       0.303,     93.4330,       0.303,    486.2371,            ,            ,            ,            ,            ,       0.303,    295.7818,       0.303,    271.1669,            ,            ,            ,   19280.386,       0.769,       0.303,     59.0060,       0.303,    100.2478,            ,            ,            ,            ,            ,       0.303,     35.8750,       0.303,     54.6568,            ,            ,            ,   19579.192,       0.800,       0.303,   3193.4085,       0.303,   1515.7013,            ,            ,            ,
                              ,   18899.019,       1.173,       0.307,    645.5731,       0.307,    394.7901,            ,            ,            ,            ,            ,       0.307,    189.7344,       0.307,    509.4476,            ,            ,            ,            ,            ,       0.307,    296.1432,       0.307,    263.6200,            ,            ,            ,   19281.149,       0.763,       0.307,     25.0607,       0.307,     95.6450,            ,            ,            ,            ,            ,       0.307,     38.8089,       0.307,     56.0472,            ,            ,            ,   19579.972,       0.780,       0.307,   2096.3874,       0.307,   1376.4420,            ,            ,            ,
                              ,   18900.204,       1.185,       0.310,    449.5821,       0.310,    380.0685,            ,            ,            ,            ,            ,       0.310,    364.2165,       0.310,    537.7597,            ,            ,            ,            ,            ,       0.310,    279.1678,       0.310,    257.5702,            ,            ,            ,   19281.935,       0.786,       0.310,     59.5260,       0.310,     91.4045,            ,            ,            ,            ,            ,       0.310,     41.8422,       0.310,     57.3616,            ,            ,            ,   19580.751,       0.779,       0.310,   2281.6942,       0.310,   1250.0516,            ,            ,            ,
                              ,   18901.375,       1.171,       0.313,    172.8472,       0.313,    366.2535,            ,            ,            ,            ,            ,       0.313,    633.8944,       0.313,    571.8382,            ,            ,            ,            ,            ,       0.313,    257.7806,       0.313,    252.9227,            ,            ,            ,   19282.761,       0.826,       0.313,     28.8813,       0.313,     87.4975,            ,            ,            ,            ,            ,       0.313,     43.7849,       0.313,     58.5662,            ,            ,            ,   19581.540,       0.789,       0.313,   1068.5368,       0.313,   1135.7526,            ,            ,            ,
                              ,   18902.540,       1.165,       0.317,    320.1739,       0.317,    353.3172,            ,            ,            ,            ,            ,       0.317,   1001.0909,       0.317,    612.3780,            ,            ,            ,            ,            ,       0.317,    247.5205,       0.317,    249.6084,            ,            ,            ,   19283.615,       0.854,       0.317,     10.2600,       0.317,     83.8973,            ,            ,            ,            ,            ,       0.317,     43.5082,       0.317,     59.6258,            ,            ,            ,   19582.376,       0.836,       0.317,    549.9725,       0.317,   1032.6739,            ,            ,            ,
                              ,   18903.668,       1.128,       0.320,    384.9595,       0.320,    341.2253,            ,            ,            ,            ,            ,       0.320,   1445.6536,       0.320,    660.0026,            ,            ,            ,            ,            ,       0.320,    261.6173,       0.320,    247.5805,            ,            ,            ,   19284.552,       0.937,       0.320,      9.1400,       0.320,     80.5800,            ,            ,            ,            ,            ,       0.320,     40.3603,       0.320,     60.5049,            ,            ,            ,   19583.245,       0.869,       0.320,   1388.5525,       0.320,    939.9049,            ,            ,            ,
                              ,   18904.795,       1.127,       0.323,     60.3220,       0.323,    329.9393,            ,            ,            ,            ,            ,       0.323,   1922.6065,       0.323,    715.0658,            ,            ,            ,            ,            ,       0.323,    306.0076,       0.323,    246.8131,            ,            ,            ,   19285.484,       0.932,       0.323,     29.0652,       0.323,     77.5233,            ,            ,            ,            ,            ,       0.323,     34.4290,       0.323,     61.1700,            ,            ,            ,   19584.107,       0.862,       0.323,   1233.3636,       0.323,    856.5351,            ,            ,            ,
                              ,   18905.956,       1.161,       0.327,    153.7853,       0.327,    319.4167,            ,            ,            ,            ,            ,       0.327,   2367.6723,       0.327,    777.2989,            ,            ,            ,            ,            ,       0.327,    375.4972,       0.327,    247.2986,            ,            ,            ,   19286.428,       0.944,       0.327,    199.4159,       0.327,     74.7072,            ,            ,            ,            ,            ,       0.327,     26.5671,       0.327,     61.5918,            ,            ,            ,   19584.930,       0.823,       0.327,    109.0373,       0.327,    781.6817,            ,            ,            ,
                              ,   18907.076,       1.120,       0.330,    366.9513,       0.330,    309.6123,            ,            ,            ,            ,            ,       0.330,   2710.4981,       0.330,    845.2447,            ,            ,            ,            ,            ,       0.330,    453.4291,       0.330,    249.0460,            ,            ,            ,   19287.424,       0.960,       0.330,    300.1216,       0.330,     72.1133,            ,            ,            ,            ,            ,       0.330,     18.1805,       0.330,     61.7471,            ,            ,            ,   19585.736,       0.806,       0.330,   1668.2171,       0.330,    714.5078,            ,            ,            ,
                              ,   18908.164,       1.088,       0.333,    223.3174,       0.333,    300.4787,            ,            ,            ,            ,            ,       0.333,   2892.2480,       0.333,    915.4765,            ,            ,            ,            ,            ,       0.333,    516.6048,       0.333,    252.0790,            ,            ,            ,   19288.407,       0.964,       0.333,    180.7027,       0.333,     69.7249,            ,            ,            ,            ,            ,       0.333,     10.8555,       0.333,     61.6208,            ,            ,            ,   19586.550,       0.814,       0.333,   1235.7547,       0.333,    654.2335,            ,            ,            ,
                              ,   18909.227,       1.063,       0.337,    743.6693,       0.337,    291.9671,            ,            ,            ,            ,            ,       0.337,   2881.8723,       0.337,    981.7878,            ,            ,            ,            ,            ,       0.337,    544.3473,       0.337,    256.4326,            ,            ,            ,   19289.386,       0.956,       0.337,     33.0209,       0.337,     67.5265,            ,            ,            ,            ,            ,       0.337,      5.9504,       0.337,     61.2075,            ,            ,            ,   19587.402,       0.852,       0.337,    314.7009,       0.337,    600.1408,            ,            ,            ,
                              ,   18910.288,       1.061,       0.340,    428.9393,       0.340,    284.0269,            ,            ,            ,            ,            ,       0.340,   2685.1428,       0.340,   1034.9138,            ,            ,            ,            ,            ,       0.340,    527.4357,       0.340,    262.1488,            ,            ,            ,   19290.347,       0.936,       0.340,     12.5299,       0.340,     65.5041,            ,            ,            ,            ,            ,       0.340,      4.2759,       0.340,     60.5116,            ,            ,            ,   19588.371,       0.891,       0.340,    217.8623,       0.340,    551.5754,            ,            ,            ,
                              ,   18911.366,       1.078,       0.343,    363.8281,       0.343,    276.6065,            ,            ,            ,            ,            ,       0.343,   2342.8736,       0.343,   1063.7164,            ,            ,            ,            ,            ,       0.343,    471.9344,       0.343,    269.2692,            ,            ,            ,   19291.250,       0.903,       0.343,     82.8912,       0.343,     63.6449,            ,            ,            ,            ,            ,       0.343,      5.9492,       0.343,     59.5478,            ,            ,            ,   19589.612,       0.919,       0.343,    131.0725,       0.343,    507.9453,            ,            ,            ,
                              ,   18912.483,       1.117,       0.347,     32.6858,       0.347,    269.6532,            ,            ,            ,            ,            ,       0.347,   1918.8024,       0.347,   1058.4776,            ,            ,            ,            ,            ,       0.347,    395.7028,       0.347,    277.8242,            ,            ,            ,   19292.109,       0.859,       0.347,     82.1948,       0.347,     61.9368,            ,            ,            ,            ,            ,       0.347,     10.4403,       0.347,     58.3392,            ,            ,            ,   19590.792,       0.929,       0.347,     89.2228,       0.347,    468.7181,            ,            ,            ,
                              ,   18913.636,       1.153,       0.350,    242.1442,       0.350,    263.1131,            ,            ,            ,            ,            ,       0.350,   1481.5637,       0.350,   1015.3152,            ,            ,            ,            ,            ,       0.350,    319.7594,       0.350,    287.8151,            ,            ,            ,   19292.930,       0.821,       0.350,     29.5202,       0.350,     60.3691,            ,            ,            ,            ,            ,       0.350,     16.7710,       0.350,     56.9164,            ,            ,            ,   19591.816,       0.917,       0.350,     56.3715,       0.350,    433.4171,            ,            ,            ,
                              ,   18914.748,       1.112,       0.353,    313.7345,       0.353,    256.9313,            ,            ,            ,            ,            ,       0.353,   1087.2478,       0.353,    938.7835,            ,            ,            ,            ,            ,       0.353,    259.5357,       0.353,    299.1888,            ,            ,            ,   19293.736,       0.806,       0.353,      6.6862,       0.353,     58.9315,            ,            ,            ,            ,            ,       0.353,     23.7804,       0.353,     55.3148,            ,            ,            ,   19592.692,       0.876,       0.353,     23.6765,       0.353,    401.6169,            ,            ,            ,
                              ,   18915.839,       1.091,       0.357,     40.8856,       0.357,    251.0518,            ,            ,            ,            ,            ,       0.357,    768.3241,       0.357,    840.2652,            ,            ,            ,            ,            ,       0.357,    220.4494,       0.357,    311.8001,            ,            ,            ,   19294.542,       0.806,       0.357,     19.5231,       0.357,     57.6146,            ,            ,            ,            ,            ,       0.357,     30.3723,       0.357,     53.5723,            ,            ,            ,   19593.504,       0.812,       0.357,     89.3160,       0.357,    372.9386,            ,            ,            ,
                              ,   18916.885,       1.046,       0.360,     59.5509,       0.360,    245.4174,            ,            ,            ,            ,            ,       0.360,    531.7246,       0.360,    733.2282,            ,            ,            ,            ,            ,       0.360,    198.9573,       0.360,    325.3617,            ,            ,            ,   19295.343,       0.801,       0.360,     49.5032,       0.360,     56.4098,            ,            ,            ,            ,            ,       0.360,     35.6795,       0.360,     51.7272,            ,            ,            ,   19594.276,       0.772,       0.360,     33.1765,       0.360,    347.0455,            ,            ,            ,
                              ,   18917.937,       1.052,       0.363,    538.2137,       0.363,    239.9702,            ,            ,            ,            ,            ,       0.363,    365.1335,       0.363,    628.8015,            ,            ,            ,            ,            ,       0.363,    186.9490,       0.363,    339.3820,            ,            ,            ,   19296.150,       0.807,       0.363,     57.5914,       0.363,     55.3087,            ,            ,            ,            ,            ,       0.363,     39.1305,       0.363,     49.8164,            ,            ,            ,   19595.045,       0.785,       0.363,     35.9459,       0.363,    323.6386,            ,            ,            ,
                              ,   18918.899,       0.962,       0.367,   1035.7537,       0.367,    234.6516,            ,            ,            ,            ,            ,       0.367,    247.6743,       0.367,    533.8716,            ,            ,            ,            ,            ,       0.367,    176.2407,       0.367,    353.0995,            ,            ,            ,   19296.941,       0.791,       0.367,      1.3859,       0.367,     54.3036,            ,            ,            ,            ,            ,       0.367,     40.4354,       0.367,     47.8738,            ,            ,            ,   19595.862,       0.817,       0.367,    132.3855,       0.367,    302.4527,            ,            ,            ,
                              ,   18919.787,       0.983,       0.370,    177.8643,       0.370,    229.4031,            ,            ,            ,            ,            ,       0.370,    160.2689,       0.370,    451.4236,            ,            ,            ,            ,            ,       0.370,    161.2125,       0.370,    365.4354,            ,            ,            ,   19297.736,       0.795,       0.370,     98.9239,       0.370,     53.3871,            ,            ,            ,            ,            ,       0.370,     39.5408,       0.370,     45.9292,            ,            ,            ,   19596.708,       0.846,       0.370,    358.5681,       0.370,    283.2524,            ,            ,            ,
                              ,   18920.721,       1.089,       0.373,    345.5218,       0.373,    224.1666,            ,            ,            ,            ,            ,       0.373,     92.0131,       0.373,    381.8106,            ,            ,            ,            ,            ,       0.373,    139.6647,       0.373,    375.0011,            ,            ,            ,   19298.551,       0.815,       0.373,     91.5341,       0.373,     52.5521,            ,            ,            ,            ,            ,       0.373,     36.5905,       0.373,     44.0081,            ,            ,            ,   19597.959,       0.929,       0.373,    384.6867,       0.373,    265.8289,            ,            ,            ,
                              ,   18921.882,       1.161,       0.377,    303.8236,       0.377,    218.8859,            ,            ,            ,            ,            ,       0.377,     41.1903,       0.377,    323.9849,            ,            ,            ,            ,            ,       0.377,    112.9637,       0.377,    380.2109,            ,            ,            ,   19299.361,       0.810,       0.377,     46.2362,       0.377,     51.7917,            ,            ,            ,            ,            ,       0.377,     31.9145,       0.377,     42.1311,            ,            ,            ,   19599.133,       1.020,       0.377,     74.9191,       0.377,    249.9967,            ,            ,            ,
                              ,   18923.010,       1.128,       0.380,    222.0879,       0.380,    213.5075,            ,            ,            ,            ,            ,       0.380,     11.8985,       0.380,    276.3454,            ,            ,            ,            ,            ,       0.380,     86.0280,       0.380,    379.5336,            ,            ,            ,   19300.180,       0.819,       0.380,     80.4043,       0.380,     51.0993,            ,            ,            ,            ,            ,       0.380,     26.0345,       0.380,     40.3145,            ,            ,            ,   19600.172,       1.039,       0.380,     37.8482,       0.380,    235.5911,            ,            ,            ,
                              ,   18924.102,       1.092,       0.383,     95.8450,       0.383,    207.9825,            ,            ,            ,            ,            ,       0.383,      8.7650,       0.383,    237.2128,            ,            ,            ,            ,            ,       0.383,     66.6360,       0.383,    371.8620,            ,            ,            ,   19301.013,       0.833,       0.383,     31.4899,       0.383,     50.4683,            ,            ,            ,            ,            ,       0.383,     19.6550,       0.383,     38.5707,            ,            ,            ,   19601.136,       0.964,       0.383,    167.7249,       0.383,    222.4654,            ,            ,            ,
                              ,   18925.200,       1.098,       0.387,    230.7229,       0.387,    202.2677,            ,            ,            ,            ,            ,       0.387,     32.4313,       0.387,    205.0525,            ,            ,            ,            ,            ,       0.387,     63.2432,       0.387,    356.8840,            ,            ,            ,   19301.881,       0.868,       0.387,     56.1053,       0.387,     49.8921,            ,            ,            ,            ,            ,       0.387,     13.6081,       0.387,     36.9083,            ,            ,            ,   19602.098,       0.962,       0.387,    280.5280,       0.387,    210.4889,            ,            ,            ,
                              ,   18926.333,       1.133,       0.390,    184.0447,       0.390,    196.3282,            ,            ,            ,            ,            ,       0.390,     77.6020,       0.390,    178.5527,            ,            ,            ,            ,            ,       0.390,     81.4045,       0.390,    335.2789,            ,            ,            ,   19302.821,       0.940,       0.390,    226.4438,       0.390,     49.3642,            ,            ,            ,            ,            ,       0.390,      8.7377,       0.390,     35.3327,            ,            ,            ,   19603.154,       1.056,       0.390,    301.4858,       0.390,    199.5450,            ,            ,            ,
                              ,   18927.473,       1.140,       0.393,    188.1909,       0.393,    190.1384,            ,            ,            ,            ,            ,       0.393,    134.0370,       0.393,    156.6323,            ,            ,            ,            ,            ,       0.393,    120.2685,       0.393,    308.6108,            ,            ,            ,   19303.837,       0.987,       0.393,     81.7179,       0.393,     48.8780,            ,            ,            ,            ,            ,       0.393,      5.7374,       0.393,     33.8471,            ,            ,            ,   19604.197,       1.043,       0.393,    523.7842,       0.393,    189.5294,            ,            ,            ,
                              ,   18928.674,       1.201,       0.397,    143.0292,       0.397,    183.6841,            ,            ,            ,            ,            ,       0.397,    189.6024,       0.397,    138.4171,            ,            ,            ,            ,            ,       0.397,    171.2244,       0.397,    278.9463,            ,            ,            ,   19304.824,       0.998,       0.397,     12.3216,       0.397,     48.4268,            ,            ,            ,            ,            ,       0.397,      4.9857,       0.397,     32.4524,            ,            ,            ,   19605.157,       0.960,       0.397,    482.5462,       0.397,    180.3485,            ,            ,            ,
                              ,   18929.855,       1.181,       0.400,     63.4587,       0.400,    176.9633,            ,            ,            ,            ,            ,       0.400,    233.8527,       0.400,    123.2075,            ,            ,            ,            ,            ,       0.400,    219.9963,       0.400,    248.3750,            ,            ,            ,   19305.794,       0.981,       0.400,     23.4725,       0.400,     48.0038,            ,            ,            ,            ,            ,       0.400,      6.4334,       0.400,     31.1482,            ,            ,            ,   19606.078,       0.921,       0.400,    478.3361,       0.400,    171.9181,            ,            ,            ,
                              ,   18930.964,       1.109,       0.403,     33.8769,       0.403,    169.9868,            ,            ,            ,            ,            ,       0.403,    260.7063,       0.403,    110.4461,            ,            ,            ,            ,            ,       0.403,    251.6841,       0.403,    218.6315,            ,            ,            ,   19306.737,       0.943,       0.403,     26.2229,       0.403,     47.6021,            ,            ,            ,            ,            ,       0.403,      9.5867,       0.403,     29.9326,            ,            ,            ,   19607.119,       1.041,       0.403,    456.1301,       0.403,    164.1623,            ,            ,            ,
                              ,   18932.028,       1.064,       0.407,    353.8954,       0.407,    162.7784,            ,            ,            ,            ,            ,       0.407,    269.3933,       0.407,     99.6892,            ,            ,            ,            ,            ,       0.407,    256.5688,       0.407,    190.9169,            ,            ,            ,   19307.638,       0.901,       0.407,     32.6639,       0.407,     47.2147,            ,            ,            ,            ,            ,       0.407,     13.6051,       0.407,     28.8032,            ,            ,            ,   19608.153,       1.034,       0.407,    837.7539,       0.407,    157.0122,            ,            ,            ,
                              ,   18933.130,       1.102,       0.410,    309.0847,       0.410,    155.3738,            ,            ,            ,            ,            ,       0.410,    263.6346,       0.410,     90.5831,            ,            ,            ,            ,            ,       0.410,    233.9490,       0.410,    165.9018,            ,            ,            ,   19308.520,       0.882,       0.410,     27.0177,       0.410,     46.8346,            ,            ,            ,            ,            ,       0.410,     17.4905,       0.410,     27.7568,            ,            ,            ,   19609.108,       0.955,       0.410,    893.7813,       0.410,    150.4054,            ,            ,            ,
                              ,   18934.283,       1.153,       0.413,     97.0341,       0.413,    147.8191,            ,            ,            ,            ,            ,       0.413,    249.6304,       0.413,     82.8448,            ,            ,            ,            ,            ,       0.413,    192.1823,       0.413,    143.8328,            ,            ,            ,   19309.370,       0.850,       0.413,     23.7620,       0.413,     46.4547,            ,            ,            ,            ,            ,       0.413,     20.3190,       0.413,     26.7898,            ,            ,            ,   19610.045,       0.937,       0.413,    431.4767,       0.413,    144.2846,            ,            ,            ,
                              ,   18935.497,       1.214,       0.417,    263.4979,       0.417,    140.1681,            ,            ,            ,            ,            ,       0.417,    233.7064,       0.417,     76.2472,            ,            ,            ,            ,            ,       0.417,    144.9430,       0.417,    124.6682,            ,            ,            ,   19310.212,       0.842,       0.417,     52.4618,       0.417,     46.0678,            ,            ,            ,            ,            ,       0.417,     21.4499,       0.417,     25.8986,            ,            ,            ,   19611.101,       1.056,       0.417,    104.7882,       0.417,    138.5974,            ,            ,            ,
                              ,   18936.719,       1.222,       0.420,    134.1676,       0.420,    132.4804,            ,            ,            ,            ,            ,       0.420,    220.3950,       0.420,     70.6073,            ,            ,            ,            ,            ,       0.420,    105.4973,       0.420,    108.1982,            ,            ,            ,   19311.080,       0.868,       0.420,     71.5595,       0.420,     45.6670,            ,            ,            ,            ,            ,       0.420,     20.6550,       0.420,     25.0794,            ,            ,            ,   19612.137,       1.036,       0.420,     75.6563,       0.420,    133.2953,            ,            ,            ,
                              ,   18937.945,       1.226,       0.423,    193.2624,       0.423,    124.8174,            ,            ,            ,            ,            ,       0.423,    211.4305,       0.423,     65.7768,            ,            ,            ,            ,            ,       0.423,     81.6448,       0.423,     94.1338,            ,            ,            ,   19311.973,       0.893,       0.423,     19.5068,       0.423,     45.2457,            ,            ,            ,            ,            ,       0.423,     18.1395,       0.423,     24.3285,            ,            ,            ,   19613.080,       0.943,       0.423,    213.9373,       0.423,    128.3336,            ,            ,            ,
                              ,   18939.127,       1.182,       0.427,     52.4079,       0.427,    117.2403,            ,            ,            ,            ,            ,       0.427,    205.7745,       0.427,     61.6352,            ,            ,            ,            ,            ,       0.427,     73.5125,       0.427,     82.1640,            ,            ,            ,   19312.844,       0.871,       0.427,     46.4711,       0.427,     44.7975,            ,            ,            ,            ,            ,       0.427,     14.4574,       0.427,     23.6423,            ,            ,            ,   19614.001,       0.921,       0.427,    312.3472,       0.427,    123.6704,            ,            ,            ,
                              ,   18940.272,       1.145,       0.430,      7.9950,       0.430,    109.8067,            ,            ,            ,            ,            ,       0.430,    200.4775,       0.430,     58.0838,            ,            ,            ,            ,            ,       0.430,     74.9075,       0.430,     71.9889,            ,            ,            ,   19313.688,       0.844,       0.430,     43.5487,       0.430,     44.3167,            ,            ,            ,            ,            ,       0.430,     10.3566,       0.430,     23.0173,            ,            ,            ,   19614.994,       0.993,       0.430,     77.3582,       0.430,    119.2666,            ,            ,            ,
                              ,   18941.371,       1.099,       0.433,      6.3593,       0.433,    102.5689,            ,            ,            ,            ,            ,       0.433,    191.9976,       0.433,     55.0415,            ,            ,            ,            ,            ,       0.433,     77.2153,       0.433,     63.3358,            ,            ,            ,   19314.502,       0.814,       0.433,      8.0890,       0.433,     43.7982,            ,            ,            ,            ,            ,       0.433,      6.6017,       0.433,     22.4503,            ,            ,            ,   19616.039,       1.045,       0.433,     55.8249,       0.433,    115.0856,            ,            ,            ,
                              ,   18942.425,       1.054,       0.437,     79.7182,       0.437,     95.5719,            ,            ,            ,            ,            ,       0.437,    177.5383,       0.437,     52.4410,            ,            ,            ,            ,            ,       0.437,     73.7366,       0.437,     55.9661,            ,            ,            ,   19315.296,       0.794,       0.437,      7.2914,       0.437,     43.2377,            ,            ,            ,            ,            ,       0.437,      3.8238,       0.437,     21.9382,            ,            ,            ,   19617.035,       0.996,       0.437,     63.5956,       0.437,    111.0930,            ,            ,            ,
                              ,   18943.462,       1.037,       0.440,    300.7220,       0.440,     88.8527,            ,            ,            ,            ,            ,       0.440,    156.0193,       0.440,     50.2261,            ,            ,            ,            ,            ,       0.440,     62.3912,       0.440,     49.6750,            ,            ,            ,   19316.071,       0.775,       0.440,     43.6034,       0.440,     42.6321,            ,            ,            ,            ,            ,       0.440,      2.4284,       0.440,     21.4782,            ,            ,            ,   19617.953,       0.918,       0.440,     18.5050,       0.440,    107.2567,            ,            ,            ,
                              ,   18944.568,       1.106,       0.443,    197.7979,       0.443,     82.4397,            ,            ,            ,            ,            ,       0.443,    128.4347,       0.443,     48.3493,            ,            ,            ,            ,            ,       0.443,     45.7886,       0.443,     44.2895,            ,            ,            ,   19316.828,       0.757,       0.443,     83.7507,       0.443,     41.9791,            ,            ,            ,            ,            ,       0.443,      2.5734,       0.443,     21.0678,            ,            ,            ,   19618.914,       0.961,       0.443,    142.7706,       0.443,    103.5465,            ,            ,            ,
                              ,   18945.707,       1.139,       0.447,     67.1727,       0.447,     76.3531,            ,            ,            ,            ,            ,       0.447,     97.5416,       0.447,     46.7696,            ,            ,            ,            ,            ,       0.447,     29.1023,       0.447,     39.6649,            ,            ,            ,   19317.570,       0.742,       0.447,     13.4345,       0.447,     41.2779,            ,            ,            ,            ,            ,       0.447,      4.2040,       0.447,     20.7046,            ,            ,            ,   19619.997,       1.083,       0.447,    138.5548,       0.447,     99.9346,            ,            ,            ,
                              ,   18946.871,       1.164,       0.450,     69.6233,       0.450,     70.6050,            ,            ,            ,            ,            ,       0.450,     67.0259,       0.450,     45.4509,            ,            ,            ,            ,            ,       0.450,     17.1928,       0.450,     35.6804,            ,            ,            ,   19318.297,       0.727,       0.450,     20.5963,       0.450,     40.5287,            ,            ,            ,            ,            ,       0.450,      7.1250,       0.450,     20.3865,            ,            ,            ,   19621.015,       1.018,       0.450,      4.5139,       0.450,     96.3958,            ,            ,            ,
                              ,   18948.048,       1.177,       0.453,     88.9128,       0.453,     65.2005,            ,            ,            ,            ,            ,       0.453,     40.4450,       0.453,     44.3597,            ,            ,            ,            ,            ,       0.453,     12.5135,       0.453,     32.2357,            ,            ,            ,   19319.017,       0.720,       0.453,     27.3469,       0.453,     39.7330,            ,            ,            ,            ,            ,       0.453,     11.0801,       0.453,     20.1117,            ,            ,            ,   19621.955,       0.940,       0.453,     87.1990,       0.453,     92.9072,            ,            ,            ,
                              ,   18949.237,       1.189,       0.457,     66.7073,       0.457,     60.1387,            ,            ,            ,            ,            ,       0.457,     20.3002,       0.457,     43.4641,            ,            ,            ,            ,            ,       0.457,     14.6033,       0.457,     29.2474,            ,            ,            ,   19319.737,       0.720,       0.457,     17.5176,       0.457,     38.8938,            ,            ,            ,            ,            ,       0.457,     15.8199,       0.457,     19.8785,            ,            ,            ,   19622.865,       0.910,       0.457,    214.7493,       0.457,     89.4493,            ,            ,            ,
                              ,   18950.379,       1.142,       0.460,     29.7515,       0.460,     55.4138,            ,            ,            ,            ,            ,       0.460,      7.5300,       0.460,     42.7313,            ,            ,            ,            ,            ,       0.460,     20.9767,       0.460,     26.6461,            ,            ,            ,   19320.461,       0.724,       0.460,     16.0730,       0.460,     38.0148,            ,            ,            ,            ,            ,       0.460,     21.1434,       0.460,     19.6857,            ,            ,            ,   19623.912,       1.047,       0.460,    300.3193,       0.460,     86.0058,            ,            ,            ,
                              ,   18951.477,       1.098,       0.463,    151.4066,       0.463,     51.0157,            ,            ,            ,            ,            ,       0.463,      1.5484,       0.463,     42.1261,            ,            ,            ,            ,            ,       0.463,     28.5823,       0.463,     24.3740,            ,            ,            ,   19321.195,       0.734,       0.463,      1.5189,       0.463,     37.1010,            ,            ,            ,            ,            ,       0.463,     26.9131,       0.463,     19.5318,            ,            ,            ,   19624.989,       1.077,       0.463,    346.4088,       0.463,     82.5641,            ,            ,            ,
                              ,   18952.520,       1.043,       0.467,     79.5226,       0.467,     46.9315,            ,            ,            ,            ,            ,       0.467,      0.7592,       0.467,     41.6088,            ,            ,            ,            ,            ,       0.467,     34.9811,       0.467,     22.3831,            ,            ,            ,   19321.932,       0.737,       0.467,      5.0489,       0.467,     36.1579,            ,            ,            ,            ,            ,       0.467,     33.0444,       0.467,     19.4161,            ,            ,            ,   19625.966,       0.977,       0.467,    229.5107,       0.467,     79.1156,            ,            ,            ,
                              ,   18953.551,       1.031,       0.470,     19.3228,       0.470,     43.1464,            ,            ,            ,            ,            ,       0.470,      3.3140,       0.470,     41.1332,            ,            ,            ,            ,            ,       0.470,     38.8418,       0.470,     20.6328,            ,            ,            ,   19322.669,       0.737,       0.470,     21.2839,       0.470,     35.1917,            ,            ,            ,            ,            ,       0.470,     39.4793,       0.470,     19.3377,            ,            ,            ,   19626.885,       0.919,       0.470,     75.4141,       0.470,     75.6561,            ,            ,            ,
                              ,   18954.606,       1.055,       0.473,      7.5537,       0.473,     39.6440,            ,            ,            ,            ,            ,       0.473,      7.8139,       0.473,     40.6452,            ,            ,            ,            ,            ,       0.473,     39.8498,       0.473,     19.0894,            ,            ,            ,   19323.408,       0.739,       0.473,      7.1881,       0.473,     34.2092,            ,            ,            ,            ,            ,       0.473,     46.1518,       0.473,     19.2961,            ,            ,            ,   19627.892,       1.007,       0.473,      4.8089,       0.473,     72.1856,            ,            ,            ,
                              ,   18955.682,       1.076,       0.477,     19.6972,       0.477,     36.4073,            ,            ,            ,            ,            ,       0.477,     13.6941,       0.477,     40.0825,            ,            ,            ,            ,            ,       0.477,     38.3641,       0.477,     17.7242,            ,            ,            ,   19324.151,       0.743,       0.477,      2.9987,       0.477,     33.2169,            ,            ,            ,            ,            ,       0.477,     52.9539,       0.477,     19.2908,            ,            ,            ,   19629.067,       1.175,       0.477,     23.5336,       0.477,     68.7084,            ,            ,            ,
                              ,   18956.802,       1.120,       0.480,     74.1025,       0.480,     33.4190,            ,            ,            ,            ,            ,       0.480,     21.1649,       0.480,     39.3760,            ,            ,            ,            ,            ,       0.480,     35.0975,       0.480,     16.5132,            ,            ,            ,   19324.893,       0.742,       0.480,      6.1436,       0.480,     32.2216,            ,            ,            ,            ,            ,       0.480,     59.7115,       0.480,     19.3217,            ,            ,            ,   19630.160,       1.093,       0.480,      6.4191,       0.480,     65.2327,            ,            ,            ,
                              ,   18957.865,       1.063,       0.483,     84.7199,       0.483,     30.6621,            ,            ,            ,            ,            ,       0.483,     30.7590,       0.483,     38.4539,            ,            ,            ,            ,            ,       0.483,     30.8957,       0.483,     15.4357,            ,            ,            ,   19325.630,       0.737,       0.483,     31.6829,       0.483,     31.2298,            ,            ,            ,            ,            ,       0.483,     66.1735,       0.483,     19.3888,            ,            ,            ,   19631.288,       1.128,       0.483,     17.9372,       0.483,     61.7701,            ,            ,            ,
                              ,   18958.918,       1.053,       0.487,     46.8863,       0.487,     28.1200,            ,            ,            ,            ,            ,       0.487,     42.6945,       0.487,     37.2497,            ,            ,            ,            ,            ,       0.487,     26.5637,       0.487,     14.4744,            ,            ,            ,   19326.363,       0.733,       0.487,     31.7255,       0.487,     30.2475,            ,            ,            ,            ,            ,       0.487,     72.0197,       0.487,     19.4922,            ,            ,            ,   19632.400,       1.112,       0.487,     25.5759,       0.487,     58.3350,            ,            ,            ,
                              ,   18959.993,       1.075,       0.490,     10.0949,       0.490,     25.7770,            ,            ,            ,            ,            ,       0.490,     56.3437,       0.490,     35.7129,            ,            ,            ,            ,            ,       0.490,     22.6964,       0.490,     13.6141,            ,            ,            ,   19327.091,       0.728,       0.490,      6.0976,       0.490,     29.2802,            ,            ,            ,            ,            ,       0.490,     76.8865,       0.490,     19.6324,            ,            ,            ,   19633.414,       1.014,       0.490,      5.0677,       0.490,     54.9439,            ,            ,            ,
                              ,   18961.083,       1.090,       0.493,     22.5811,       0.493,     23.6180,            ,            ,            ,            ,            ,       0.493,     70.0637,       0.493,     33.8214,            ,            ,            ,            ,            ,       0.493,     19.5493,       0.493,     12.8420,            ,            ,            ,   19327.808,       0.717,       0.493,    108.0562,       0.493,     28.3329,            ,            ,            ,            ,            ,       0.493,     80.4041,       0.493,     19.8099,            ,            ,            ,   19634.441,       1.027,       0.493,     86.3804,       0.493,     51.6141,            ,            ,            ,
                              ,   18962.212,       1.129,       0.497,     75.0673,       0.497,     21.6289,            ,            ,            ,            ,            ,       0.497,     81.4962,       0.497,     31.5908,            ,            ,            ,            ,            ,       0.497,     17.0229,       0.497,     12.1468,            ,            ,            ,   19328.516,       0.708,       0.497,    110.5049,       0.497,     27.4098,            ,            ,            ,            ,            ,       0.497,     82.2406,       0.497,     20.0255,            ,            ,            ,   19635.643,       1.202,       0.497,    154.1546,       0.497,     48.3633,            ,            ,            ,
                              ,   18963.390,       1.178,       0.500,      7.4184,       0.500,     19.7968,            ,            ,            ,            ,            ,       0.500,     88.2469,       0.500,     29.0774,            ,            ,            ,            ,            ,       0.500,     14.7956,       0.500,     11.5186,            ,            ,            ,   19329.211,       0.695,       0.500,     11.8636,       0.500,     26.5144,            ,            ,            ,            ,            ,       0.500,     82.1416,       0.500,     20.2800,            ,            ,            ,   19636.789,       1.146,       0.500,     54.9184,       0.500,     45.2082,            ,            ,            ,
                              ,   18964.557,       1.167,            ,            ,            ,            ,            ,            ,            ,            ,            ,            ,            ,            ,            ,            ,            ,            ,            ,            ,            ,            ,            ,            ,            ,            ,            ,   19329.896,       0.685,            ,            ,            ,            ,            ,            ,            ,            ,            ,            ,            ,            ,            ,            ,            ,            ,   19637.934,       1.145,            ,            ,            ,            ,            ,            ,            ,
                              ,   18965.678,       1.121,            ,            ,            ,            ,            ,            ,            ,            ,            ,            ,            ,            ,            ,            ,            ,            ,            ,            ,            ,            ,            ,            ,            ,            ,            ,   19330.571,       0.675,            ,            ,            ,            ,            ,            ,            ,            ,            ,            ,            ,            ,            ,            ,            ,            ,   19639.098,       1.164,            ,            ,            ,            ,            ,            ,            ,
                              ,   18966.768,       1.090,            ,            ,            ,            ,            ,            ,            ,            ,            ,            ,            ,            ,            ,            ,            ,            ,            ,            ,            ,            ,            ,            ,            ,            ,            ,   19331.239,       0.668,            ,            ,            ,            ,            ,            ,            ,            ,            ,            ,            ,            ,            ,            ,            ,            ,   19640.192,       1.094,            ,            ,            ,            ,            ,            ,            ,
                              ,   18967.867,       1.099,            ,            ,            ,            ,            ,            ,            ,            ,            ,            ,            ,            ,            ,            ,            ,            ,            ,            ,            ,            ,            ,            ,            ,            ,            ,   19331.905,       0.666,            ,            ,            ,            ,            ,            ,            ,            ,            ,            ,            ,            ,            ,            ,            ,            ,   19641.378,       1.186,            ,            ,            ,            ,            ,            ,            ,
                              ,   18968.961,       1.094,            ,            ,            ,            ,            ,            ,            ,            ,            ,            ,            ,            ,            ,            ,            ,            ,            ,            ,            ,            ,            ,            ,            ,            ,            ,   19332.580,       0.675,            ,            ,            ,            ,            ,            ,            ,            ,            ,            ,            ,            ,            ,            ,            ,            ,   19642.562,       1.184,            ,            ,            ,            ,            ,            ,            ,
                              ,   18970.104,       1.143,            ,            ,            ,            ,            ,            ,            ,            ,            ,            ,            ,            ,            ,            ,            ,            ,            ,            ,            ,            ,            ,            ,            ,            ,            ,   19333.272,       0.692,            ,            ,            ,            ,            ,            ,            ,            ,            ,            ,            ,            ,            ,            ,            ,            ,   19643.707,       1.145,            ,            ,            ,            ,            ,            ,            ,
                              ,   18971.267,       1.163,            ,            ,            ,            ,            ,            ,            ,            ,            ,            ,            ,            ,            ,            ,            ,            ,            ,            ,            ,            ,            ,            ,            ,            ,            ,   19333.978,       0.706,            ,            ,            ,            ,            ,            ,            ,            ,            ,            ,            ,            ,            ,            ,            ,            ,   19644.865,       1.158,            ,            ,            ,            ,            ,            ,            ,
                              ,   18972.458,       1.191,            ,            ,            ,            ,            ,            ,            ,            ,            ,            ,            ,            ,            ,            ,            ,            ,            ,            ,            ,            ,            ,            ,            ,            ,            ,   19334.713,       0.735,            ,            ,            ,            ,            ,            ,            ,            ,            ,            ,            ,            ,            ,            ,            ,            ,   19646.099,       1.234,            ,            ,            ,            ,            ,            ,            ,
                              ,   18973.709,       1.251,            ,            ,            ,            ,            ,            ,            ,            ,            ,            ,            ,            ,            ,            ,            ,            ,            ,            ,            ,            ,            ,            ,            ,            ,            ,   19335.479,       0.766,            ,            ,            ,            ,            ,            ,            ,            ,            ,            ,            ,            ,            ,            ,            ,            ,   19647.267,       1.168,            ,            ,            ,            ,            ,            ,            ,
                              ,   18974.923,       1.214,            ,            ,            ,            ,            ,            ,            ,            ,            ,            ,            ,            ,            ,            ,            ,            ,            ,            ,            ,            ,            ,            ,            ,            ,            ,   19336.310,       0.831,            ,            ,            ,            ,            ,            ,            ,            ,            ,            ,            ,            ,            ,            ,            ,            ,   19648.421,       1.154,            ,            ,            ,            ,            ,            ,            ,
                              ,   18976.123,       1.200,            ,            ,            ,            ,            ,            ,            ,            ,            ,            ,            ,            ,            ,            ,            ,            ,            ,            ,            ,            ,            ,            ,            ,            ,            ,   19337.189,       0.875,            ,            ,            ,            ,            ,            ,            ,            ,            ,            ,            ,            ,            ,            ,            ,            ,   19649.575,       1.154,            ,            ,            ,            ,            ,            ,            ,
                              ,   18977.296,       1.173,            ,            ,            ,            ,            ,            ,            ,            ,            ,            ,            ,            ,            ,            ,            ,            ,            ,            ,            ,            ,            ,            ,            ,            ,            ,   19338.089,       0.888,            ,            ,            ,            ,            ,            ,            ,            ,            ,            ,            ,            ,            ,            ,            ,            ,   19650.779,       1.204,            ,            ,            ,            ,            ,            ,            ,
                              ,   18978.456,       1.160,            ,            ,            ,            ,            ,            ,            ,            ,            ,            ,            ,            ,            ,            ,            ,            ,            ,            ,            ,            ,            ,            ,            ,            ,            ,   19338.985,       0.878,            ,            ,            ,            ,            ,            ,            ,            ,            ,            ,            ,            ,            ,            ,            ,            ,   19652.018,       1.239,            ,            ,            ,            ,            ,            ,            ,
                              ,   18979.627,       1.171,            ,            ,            ,            ,            ,            ,            ,            ,            ,            ,            ,            ,            ,            ,            ,            ,            ,            ,            ,            ,            ,            ,            ,            ,            ,   19339.839,       0.854,            ,            ,            ,            ,            ,            ,            ,            ,            ,            ,            ,            ,            ,            ,            ,            ,   19653.221,       1.203,            ,            ,            ,            ,            ,            ,            ,
                              ,   18980.771,       1.144,            ,            ,            ,            ,            ,            ,            ,            ,            ,            ,            ,            ,            ,            ,            ,            ,            ,            ,            ,            ,            ,            ,            ,            ,            ,   19340.664,       0.825,            ,            ,            ,            ,            ,            ,            ,            ,            ,            ,            ,            ,            ,            ,            ,            ,   19654.379,       1.158,            ,            ,            ,            ,            ,            ,            ,
                              ,   18981.952,       1.181,            ,            ,            ,            ,            ,            ,            ,            ,            ,            ,            ,            ,            ,            ,            ,            ,            ,            ,            ,            ,            ,            ,            ,            ,            ,   19341.462,       0.798,            ,            ,            ,            ,            ,            ,            ,            ,            ,            ,            ,            ,            ,            ,            ,            ,   19655.514,       1.135,            ,            ,            ,            ,            ,            ,            ,
                              ,   18983.180,       1.228,            ,            ,            ,            ,            ,            ,            ,            ,            ,            ,            ,            ,            ,            ,            ,            ,            ,            ,            ,            ,            ,            ,            ,            ,            ,   19342.234,       0.772,            ,            ,            ,            ,            ,            ,            ,            ,            ,            ,            ,            ,            ,            ,            ,            ,   19656.621,       1.107,            ,            ,            ,            ,            ,            ,            ,
                              ,   18984.406,       1.226,            ,            ,            ,            ,            ,            ,            ,            ,            ,            ,            ,            ,            ,            ,            ,            ,            ,            ,            ,            ,            ,            ,            ,            ,            ,   19342.989,       0.755,            ,            ,            ,            ,            ,            ,            ,            ,            ,            ,            ,            ,            ,            ,            ,            ,   19657.750,       1.129,            ,            ,            ,            ,            ,            ,            ,
                              ,   18985.642,       1.236,            ,            ,            ,            ,            ,            ,            ,            ,            ,            ,            ,            ,            ,            ,            ,            ,            ,            ,            ,            ,            ,            ,            ,            ,            ,   19343.730,       0.741,            ,            ,            ,            ,            ,            ,            ,            ,            ,            ,            ,            ,            ,            ,            ,            ,   19658.964,       1.214,            ,            ,            ,            ,            ,            ,            ,
                              ,   18986.918,       1.276,            ,            ,            ,            ,            ,            ,            ,            ,            ,            ,            ,            ,            ,            ,            ,            ,            ,            ,            ,            ,            ,            ,            ,            ,            ,   19344.457,       0.727,            ,            ,            ,            ,            ,            ,            ,            ,            ,            ,            ,            ,            ,            ,            ,            ,   19660.150,       1.186,            ,            ,            ,            ,            ,            ,            ,
                              ,   18988.121,       1.203,            ,            ,            ,            ,            ,            ,            ,            ,            ,            ,            ,            ,            ,            ,            ,            ,            ,            ,            ,            ,            ,            ,            ,            ,            ,   19345.174,       0.717,            ,            ,            ,            ,            ,            ,            ,            ,            ,            ,            ,            ,            ,            ,            ,            ,   19661.278,       1.128,            ,            ,            ,            ,            ,            ,            ,
                              ,   18989.279,       1.158,            ,            ,            ,            ,            ,            ,            ,            ,            ,            ,            ,            ,            ,            ,            ,            ,            ,            ,            ,            ,            ,            ,            ,            ,            ,   19345.881,       0.707,            ,            ,            ,            ,            ,            ,            ,            ,            ,            ,            ,            ,            ,            ,            ,            ,   19662.339,       1.061,            ,            ,            ,            ,            ,            ,            ,
                              ,   18990.399,       1.120,            ,            ,            ,            ,            ,            ,            ,            ,            ,            ,            ,            ,            ,            ,            ,            ,            ,            ,            ,            ,            ,            ,            ,            ,            ,   19346.584,       0.703,            ,            ,            ,            ,            ,            ,            ,            ,            ,            ,            ,            ,            ,            ,            ,            ,   19663.414,       1.075,            ,            ,            ,            ,            ,            ,            ,
                              ,   18991.483,       1.084,            ,            ,            ,            ,            ,            ,            ,            ,            ,            ,            ,            ,            ,            ,            ,            ,            ,            ,            ,            ,            ,            ,            ,            ,            ,   19347.284,       0.700,            ,            ,            ,            ,            ,            ,            ,            ,            ,            ,            ,            ,            ,            ,            ,            ,   19664.564,       1.150,            ,            ,            ,            ,            ,            ,            ,
                              ,   18992.551,       1.068,            ,            ,            ,            ,            ,            ,            ,            ,            ,            ,            ,            ,            ,            ,            ,            ,            ,            ,            ,            ,            ,            ,            ,            ,            ,   19347.999,       0.715,            ,            ,            ,            ,            ,            ,            ,            ,            ,            ,            ,            ,            ,            ,            ,            ,   19665.784,       1.220,            ,            ,            ,            ,            ,            ,            ,
                              ,   18993.623,       1.072,            ,            ,            ,            ,            ,            ,            ,            ,            ,            ,            ,            ,            ,            ,            ,            ,            ,            ,            ,            ,            ,            ,            ,            ,            ,   19348.726,       0.727,            ,            ,            ,            ,            ,            ,            ,            ,            ,            ,            ,            ,            ,            ,            ,            ,   19666.947,       1.163,            ,            ,            ,            ,            ,            ,            ,
                              ,   18994.781,       1.158,            ,            ,            ,            ,            ,            ,            ,            ,            ,            ,            ,            ,            ,            ,            ,            ,            ,            ,            ,            ,            ,            ,            ,            ,            ,   19349.473,       0.747,            ,            ,            ,            ,            ,            ,            ,            ,            ,            ,            ,            ,            ,            ,            ,            ,   19668.057,       1.110,            ,            ,            ,            ,            ,            ,            ,
                              ,   18995.977,       1.196,            ,            ,            ,            ,            ,            ,            ,            ,            ,            ,            ,            ,            ,            ,            ,            ,            ,            ,            ,            ,            ,            ,            ,            ,            ,   19350.260,       0.787,            ,            ,            ,            ,            ,            ,            ,            ,            ,            ,            ,            ,            ,            ,            ,            ,   19669.093,       1.036,            ,            ,            ,            ,            ,            ,            ,
                              ,   18997.288,       1.311,            ,            ,            ,            ,            ,            ,            ,            ,            ,            ,            ,            ,            ,            ,            ,            ,            ,            ,            ,            ,            ,            ,            ,            ,            ,   19351.121,       0.861,            ,            ,            ,            ,            ,            ,            ,            ,            ,            ,            ,            ,            ,            ,            ,            ,   19670.135,       1.042,            ,            ,            ,            ,            ,            ,            ,
                              ,   18998.569,       1.281,            ,            ,            ,            ,            ,            ,            ,            ,            ,            ,            ,            ,            ,            ,            ,            ,            ,            ,            ,            ,            ,            ,            ,            ,            ,   19352.017,       0.896,            ,            ,            ,            ,            ,            ,            ,            ,            ,            ,            ,            ,            ,            ,            ,            ,   19671.281,       1.146,            ,            ,            ,            ,            ,            ,            ,
                              ,   18999.823,       1.254,            ,            ,            ,            ,            ,            ,            ,            ,            ,            ,            ,            ,            ,            ,            ,            ,            ,            ,            ,            ,            ,            ,            ,            ,            ,   19352.895,       0.878,            ,            ,            ,            ,            ,            ,            ,            ,            ,            ,            ,            ,            ,            ,            ,            ,   19672.479,       1.198,            ,            ,            ,            ,            ,            ,            ,
                              ,   19001.034,       1.211,            ,            ,            ,            ,            ,            ,            ,            ,            ,            ,            ,            ,            ,            ,            ,            ,            ,            ,            ,            ,            ,            ,            ,            ,            ,   19353.751,       0.856,            ,            ,            ,            ,            ,            ,            ,            ,            ,            ,            ,            ,            ,            ,            ,            ,   19673.675,       1.196,            ,            ,            ,            ,            ,            ,            ,
                              ,   19002.164,       1.130,            ,            ,            ,            ,            ,            ,            ,            ,            ,            ,            ,            ,            ,            ,            ,            ,            ,            ,            ,            ,            ,            ,            ,            ,            ,   19354.596,       0.845,            ,            ,            ,            ,            ,            ,            ,            ,            ,            ,            ,            ,            ,            ,            ,            ,   19674.799,       1.124,            ,            ,            ,            ,            ,            ,            ,
                              ,   19003.274,       1.110,            ,            ,            ,            ,            ,            ,            ,            ,            ,            ,            ,            ,            ,            ,            ,            ,            ,            ,            ,            ,            ,            ,            ,            ,            ,   19355.430,       0.834,            ,            ,            ,            ,            ,            ,            ,            ,            ,            ,            ,            ,            ,            ,            ,            ,   19675.930,       1.131,            ,            ,            ,            ,            ,            ,            ,
                              ,   19004.348,       1.074,            ,            ,            ,            ,            ,            ,            ,            ,            ,            ,            ,            ,            ,            ,            ,            ,            ,            ,            ,            ,            ,            ,            ,            ,            ,   19356.261,       0.831,            ,            ,            ,            ,            ,            ,            ,            ,            ,            ,            ,            ,            ,            ,            ,            ,   19677.081,       1.151,            ,            ,            ,            ,            ,            ,            ,
                              ,   19005.368,       1.020,            ,            ,            ,            ,            ,            ,            ,            ,            ,            ,            ,            ,            ,            ,            ,            ,            ,            ,            ,            ,            ,            ,            ,            ,            ,   19357.098,       0.837,            ,            ,            ,            ,            ,            ,            ,            ,            ,            ,            ,            ,            ,            ,            ,            ,   19678.328,       1.247,            ,            ,            ,            ,            ,            ,            ,
                              ,   19006.393,       1.025,            ,            ,            ,            ,            ,            ,            ,            ,            ,            ,            ,            ,            ,            ,            ,            ,            ,            ,            ,            ,            ,            ,            ,            ,            ,   19357.908,       0.810,            ,            ,            ,            ,            ,            ,            ,            ,            ,            ,            ,            ,            ,            ,            ,            ,   19679.538,       1.210,            ,            ,            ,            ,            ,            ,            ,
                              ,   19007.448,       1.055,            ,            ,            ,            ,            ,            ,            ,            ,            ,            ,            ,            ,            ,            ,            ,            ,            ,            ,            ,            ,            ,            ,            ,            ,            ,   19358.704,       0.796,            ,            ,            ,            ,            ,            ,            ,            ,            ,            ,            ,            ,            ,            ,            ,            ,   19680.726,       1.188,            ,            ,            ,            ,            ,            ,            ,
                              ,   19008.620,       1.172,            ,            ,            ,            ,            ,            ,            ,            ,            ,            ,            ,            ,            ,            ,            ,            ,            ,            ,            ,            ,            ,            ,            ,            ,            ,   19359.492,       0.788,            ,            ,            ,            ,            ,            ,            ,            ,            ,            ,            ,            ,            ,            ,            ,            ,   19681.884,       1.158,            ,            ,            ,            ,            ,            ,            ,
                              ,   19009.777,       1.157,            ,            ,            ,            ,            ,            ,            ,            ,            ,            ,            ,            ,            ,            ,            ,            ,            ,            ,            ,            ,            ,            ,            ,            ,            ,   19360.273,       0.781,            ,            ,            ,            ,            ,            ,            ,            ,            ,            ,            ,            ,            ,            ,            ,            ,   19683.078,       1.194,            ,            ,            ,            ,            ,            ,            ,
                              ,   19011.010,       1.233,            ,            ,            ,            ,            ,            ,            ,            ,            ,            ,            ,            ,            ,            ,            ,            ,            ,            ,            ,            ,            ,            ,            ,            ,            ,   19361.057,       0.784,            ,            ,            ,            ,            ,            ,            ,            ,            ,            ,            ,            ,            ,            ,            ,            ,   19684.342,       1.264,            ,            ,            ,            ,            ,            ,            ,
                              ,   19012.199,       1.189,            ,            ,            ,            ,            ,            ,            ,            ,            ,            ,            ,            ,            ,            ,            ,            ,            ,            ,            ,            ,            ,            ,            ,            ,            ,   19361.846,       0.789,            ,            ,            ,            ,            ,            ,            ,            ,            ,            ,            ,            ,            ,            ,            ,            ,   19685.655,       1.313,            ,            ,            ,            ,            ,            ,            ,
                              ,   19013.344,       1.145,            ,            ,            ,            ,            ,            ,            ,            ,            ,            ,            ,            ,            ,            ,            ,            ,            ,            ,            ,            ,            ,            ,            ,            ,            ,   19362.639,       0.793,            ,            ,            ,            ,            ,            ,            ,            ,            ,            ,            ,            ,            ,            ,            ,            ,   19686.900,       1.245,            ,            ,            ,            ,            ,            ,            ,
                              ,   19014.462,       1.118,            ,            ,            ,            ,            ,            ,            ,            ,            ,            ,            ,            ,            ,            ,            ,            ,            ,            ,            ,            ,            ,            ,            ,            ,            ,   19363.439,       0.800,            ,            ,            ,            ,            ,            ,            ,            ,            ,            ,            ,            ,            ,            ,            ,            ,   19688.076,       1.176,            ,            ,            ,            ,            ,            ,            ,
                              ,   19015.524,       1.062,            ,            ,            ,            ,            ,            ,            ,            ,            ,            ,            ,            ,            ,            ,            ,            ,            ,            ,            ,            ,            ,            ,            ,            ,            ,   19364.257,       0.818,            ,            ,            ,            ,            ,            ,            ,            ,            ,            ,            ,            ,            ,            ,            ,            ,   19689.260,       1.184,            ,            ,            ,            ,            ,            ,            ,
                              ,   19016.581,       1.057,            ,            ,            ,            ,            ,            ,            ,            ,            ,            ,            ,            ,            ,            ,            ,            ,            ,            ,            ,            ,            ,            ,            ,            ,            ,   19365.096,       0.839,            ,            ,            ,            ,            ,            ,            ,            ,            ,            ,            ,            ,            ,            ,            ,            ,   19690.494,       1.234,            ,            ,            ,            ,            ,            ,            ,
                              ,   19017.654,       1.073,            ,            ,            ,            ,            ,            ,            ,            ,            ,            ,            ,            ,            ,            ,            ,            ,            ,            ,            ,            ,            ,            ,            ,            ,            ,   19365.933,       0.837,            ,            ,            ,            ,            ,            ,            ,            ,            ,            ,            ,            ,            ,            ,            ,            ,   19691.807,       1.313,            ,            ,            ,            ,            ,            ,            ,
                              ,   19018.749,       1.095,            ,            ,            ,            ,            ,            ,            ,            ,            ,            ,            ,            ,            ,            ,            ,            ,            ,            ,            ,            ,            ,            ,            ,            ,            ,   19366.755,       0.822,            ,            ,            ,            ,            ,            ,            ,            ,            ,            ,            ,            ,            ,            ,            ,            ,   19693.057,       1.250,            ,            ,            ,            ,            ,            ,            ,
                              ,   19019.858,       1.109,            ,            ,            ,            ,            ,            ,            ,            ,            ,            ,            ,            ,            ,            ,            ,            ,            ,            ,            ,            ,            ,            ,            ,            ,            ,   19367.552,       0.797,            ,            ,            ,            ,            ,            ,            ,            ,            ,            ,            ,            ,            ,            ,            ,            ,   19694.266,       1.209,            ,            ,            ,            ,            ,            ,            ,
                              ,   19021.026,       1.168,            ,            ,            ,            ,            ,            ,            ,            ,            ,            ,            ,            ,            ,            ,            ,            ,            ,            ,            ,            ,            ,            ,            ,            ,            ,   19368.334,       0.782,            ,            ,            ,            ,            ,            ,            ,            ,            ,            ,            ,            ,            ,            ,            ,            ,   19695.474,       1.208,            ,            ,            ,            ,            ,            ,            ,
                              ,   19022.212,       1.186,            ,            ,            ,            ,            ,            ,            ,            ,            ,            ,            ,            ,            ,            ,            ,            ,            ,            ,            ,            ,            ,            ,            ,            ,            ,   19369.108,       0.774,            ,            ,            ,            ,            ,            ,            ,            ,            ,            ,            ,            ,            ,            ,            ,            ,   19696.717,       1.243,            ,            ,            ,            ,            ,            ,            ,
                              ,   19023.432,       1.220,            ,            ,            ,            ,            ,            ,            ,            ,            ,            ,            ,            ,            ,            ,            ,            ,            ,            ,            ,            ,            ,            ,            ,            ,            ,   19369.895,       0.787,            ,            ,            ,            ,            ,            ,            ,            ,            ,            ,            ,            ,            ,            ,            ,            ,   19697.958,       1.241,            ,            ,            ,            ,            ,            ,            ,
                              ,   19024.660,       1.228,            ,            ,            ,            ,            ,            ,            ,            ,            ,            ,            ,            ,            ,            ,            ,            ,            ,            ,            ,            ,            ,            ,            ,            ,            ,   19370.708,       0.813,            ,            ,            ,            ,            ,            ,            ,            ,            ,            ,            ,            ,            ,            ,            ,            ,   19699.119,       1.161,            ,            ,            ,            ,            ,            ,            ,
                              ,   19025.864,       1.204,            ,            ,            ,            ,            ,            ,            ,            ,            ,            ,            ,            ,            ,            ,            ,            ,            ,            ,            ,            ,            ,            ,            ,            ,            ,   19371.599,       0.891,            ,            ,            ,            ,            ,            ,            ,            ,            ,            ,            ,            ,            ,            ,            ,            ,   19700.237,       1.118,            ,            ,            ,            ,            ,            ,            ,
                              ,   19027.036,       1.172,            ,            ,            ,            ,            ,            ,            ,            ,            ,            ,            ,            ,            ,            ,            ,            ,            ,            ,            ,            ,            ,            ,            ,            ,            ,   19372.537,       0.938,            ,            ,            ,            ,            ,            ,            ,            ,            ,            ,            ,            ,            ,            ,            ,            ,   19701.422,       1.185,            ,            ,            ,            ,            ,            ,            ,
                              ,   19028.206,       1.170,            ,            ,            ,            ,            ,            ,            ,            ,            ,            ,            ,            ,            ,            ,            ,            ,            ,            ,            ,            ,            ,            ,            ,            ,            ,   19373.475,       0.938,            ,            ,            ,            ,            ,            ,            ,            ,            ,            ,            ,            ,            ,            ,            ,            ,   19702.651,       1.229,            ,            ,            ,            ,            ,            ,            ,
                              ,   19029.345,       1.139,            ,            ,            ,            ,            ,            ,            ,            ,            ,            ,            ,            ,            ,            ,            ,            ,            ,            ,            ,            ,            ,            ,            ,            ,            ,   19374.372,       0.897,            ,            ,            ,            ,            ,            ,            ,            ,            ,            ,            ,            ,            ,            ,            ,            ,   19703.911,       1.260,            ,            ,            ,            ,            ,            ,            ,
                              ,   19030.433,       1.088,            ,            ,            ,            ,            ,            ,            ,            ,            ,            ,            ,            ,            ,            ,            ,            ,            ,            ,            ,            ,            ,            ,            ,            ,            ,   19375.295,       0.923,            ,            ,            ,            ,            ,            ,            ,            ,            ,            ,            ,            ,            ,            ,            ,            ,   19705.141,       1.230,            ,            ,            ,            ,            ,            ,            ,
                              ,   19031.514,       1.081,            ,            ,            ,            ,            ,            ,            ,            ,            ,            ,            ,            ,            ,            ,            ,            ,            ,            ,            ,            ,            ,            ,            ,            ,            ,   19376.196,       0.901,            ,            ,            ,            ,            ,            ,            ,            ,            ,            ,            ,            ,            ,            ,            ,            ,   19706.341,       1.200,            ,            ,            ,            ,            ,            ,            ,
                              ,   19032.652,       1.138,            ,            ,            ,            ,            ,            ,            ,            ,            ,            ,            ,            ,            ,            ,            ,            ,            ,            ,            ,            ,            ,            ,            ,            ,            ,   19377.094,       0.898,            ,            ,            ,            ,            ,            ,            ,            ,            ,            ,            ,            ,            ,            ,            ,            ,   19707.505,       1.164,            ,            ,            ,            ,            ,            ,            ,
                              ,   19033.834,       1.182,            ,            ,            ,            ,            ,            ,            ,            ,            ,            ,            ,            ,            ,            ,            ,            ,            ,            ,            ,            ,            ,            ,            ,            ,            ,   19377.954,       0.860,            ,            ,            ,            ,            ,            ,            ,            ,            ,            ,            ,            ,            ,            ,            ,            ,   19708.619,       1.114,            ,            ,            ,            ,            ,            ,            ,
                              ,   19035.072,       1.238,            ,            ,            ,            ,            ,            ,            ,            ,            ,            ,            ,            ,            ,            ,            ,            ,            ,            ,            ,            ,            ,            ,            ,            ,            ,   19378.792,       0.838,            ,            ,            ,            ,            ,            ,            ,            ,            ,            ,            ,            ,            ,            ,            ,            ,   19709.738,       1.119,            ,            ,            ,            ,            ,            ,            ,
                              ,   19036.352,       1.280,            ,            ,            ,            ,            ,            ,            ,            ,            ,            ,            ,            ,            ,            ,            ,            ,            ,            ,            ,            ,            ,            ,            ,            ,            ,   19379.613,       0.821,            ,            ,            ,            ,            ,            ,            ,            ,            ,            ,            ,            ,            ,            ,            ,            ,   19710.897,       1.159,            ,            ,            ,            ,            ,            ,            ,
                              ,   19037.569,       1.217,            ,            ,            ,            ,            ,            ,            ,            ,            ,            ,            ,            ,            ,            ,            ,            ,            ,            ,            ,            ,            ,            ,            ,            ,            ,   19380.407,       0.794,            ,            ,            ,            ,            ,            ,            ,            ,            ,            ,            ,            ,            ,            ,            ,            ,   19712.083,       1.186,            ,            ,            ,            ,            ,            ,            ,
                              ,   19038.753,       1.184,            ,            ,            ,            ,            ,            ,            ,            ,            ,            ,            ,            ,            ,            ,            ,            ,            ,            ,            ,            ,            ,            ,            ,            ,            ,   19381.177,       0.770,            ,            ,            ,            ,            ,            ,            ,            ,            ,            ,            ,            ,            ,            ,            ,            ,   19713.203,       1.120,            ,            ,            ,            ,            ,            ,            ,
                              ,   19039.871,       1.118,            ,            ,            ,            ,            ,            ,            ,            ,            ,            ,            ,            ,            ,            ,            ,            ,            ,            ,            ,            ,            ,            ,            ,            ,            ,   19381.921,       0.744,            ,            ,            ,            ,            ,            ,            ,            ,            ,            ,            ,            ,            ,            ,            ,            ,   19714.274,       1.071,            ,            ,            ,            ,            ,            ,            ,
                              ,   19040.959,       1.088,            ,            ,            ,            ,            ,            ,            ,            ,            ,            ,            ,            ,            ,            ,            ,            ,            ,            ,            ,            ,            ,            ,            ,            ,            ,   19382.645,       0.724,            ,            ,            ,            ,            ,            ,            ,            ,            ,            ,            ,            ,            ,            ,            ,            ,   19715.305,       1.031,            ,            ,            ,            ,            ,            ,            ,
                              ,   19042.040,       1.081,            ,            ,            ,            ,            ,            ,            ,            ,            ,            ,            ,            ,            ,            ,            ,            ,            ,            ,            ,            ,            ,            ,            ,            ,            ,   19383.354,       0.709,            ,            ,            ,            ,            ,            ,            ,            ,            ,            ,            ,            ,            ,            ,            ,            ,   19716.405,       1.100,            ,            ,            ,            ,            ,            ,            ,
                              ,   19043.131,       1.091,            ,            ,            ,            ,            ,            ,            ,            ,            ,            ,            ,            ,            ,            ,            ,            ,            ,            ,            ,            ,            ,            ,            ,            ,            ,   19384.053,       0.699,            ,            ,            ,            ,            ,            ,            ,            ,            ,            ,            ,            ,            ,            ,            ,            ,   19717.550,       1.145,            ,            ,            ,            ,            ,            ,            ,
                              ,   19044.226,       1.095,            ,            ,            ,            ,            ,            ,            ,            ,            ,            ,            ,            ,            ,            ,            ,            ,            ,            ,            ,            ,            ,            ,            ,            ,            ,   19384.757,       0.704,            ,            ,            ,            ,            ,            ,            ,            ,            ,            ,            ,            ,            ,            ,            ,            ,   19718.667,       1.117,            ,            ,            ,            ,            ,            ,            ,
                              ,   19045.400,       1.174,            ,            ,            ,            ,            ,            ,            ,            ,            ,            ,            ,            ,            ,            ,            ,            ,            ,            ,            ,            ,            ,            ,            ,            ,            ,   19385.471,       0.714,            ,            ,            ,            ,            ,            ,            ,            ,            ,            ,            ,            ,            ,            ,            ,            ,   19719.749,       1.082,            ,            ,            ,            ,            ,            ,            ,
                              ,   19046.579,       1.179,            ,            ,            ,            ,            ,            ,            ,            ,            ,            ,            ,            ,            ,            ,            ,            ,            ,            ,            ,            ,            ,            ,            ,            ,            ,   19386.203,       0.732,            ,            ,            ,            ,            ,            ,            ,            ,            ,            ,            ,            ,            ,            ,            ,            ,   19720.846,       1.097,            ,            ,            ,            ,            ,            ,            ,
                              ,   19047.802,       1.223,            ,            ,            ,            ,            ,            ,            ,            ,            ,            ,            ,            ,            ,            ,            ,            ,            ,            ,            ,            ,            ,            ,            ,            ,            ,   19386.962,       0.759,            ,            ,            ,            ,            ,            ,            ,            ,            ,            ,            ,            ,            ,            ,            ,            ,   19722.030,       1.184,            ,            ,            ,            ,            ,            ,            ,
                              ,   19049.028,       1.226,            ,            ,            ,            ,            ,            ,            ,            ,            ,            ,            ,            ,            ,            ,            ,            ,            ,            ,            ,            ,            ,            ,            ,            ,            ,   19387.750,       0.788,            ,            ,            ,            ,            ,            ,            ,            ,            ,            ,            ,            ,            ,            ,            ,            ,   19723.159,       1.129,            ,            ,            ,            ,            ,            ,            ,
                              ,   19050.244,       1.216,            ,            ,            ,            ,            ,            ,            ,            ,            ,            ,            ,            ,            ,            ,            ,            ,            ,            ,            ,            ,            ,            ,            ,            ,            ,   19388.550,       0.800,            ,            ,            ,            ,            ,            ,            ,            ,            ,            ,            ,            ,            ,            ,            ,            ,   19724.253,       1.094,            ,            ,            ,            ,            ,            ,            ,
                              ,   19051.434,       1.190,            ,            ,            ,            ,            ,            ,            ,            ,            ,            ,            ,            ,            ,            ,            ,            ,            ,            ,            ,            ,            ,            ,            ,            ,            ,   19389.368,       0.818,            ,            ,            ,            ,            ,            ,            ,            ,            ,            ,            ,            ,            ,            ,            ,            ,   19725.404,       1.151,            ,            ,            ,            ,            ,            ,            ,
                              ,   19052.596,       1.162,            ,            ,            ,            ,            ,            ,            ,            ,            ,            ,            ,            ,            ,            ,            ,            ,            ,            ,            ,            ,            ,            ,            ,            ,            ,   19390.200,       0.832,            ,            ,            ,            ,            ,            ,            ,            ,            ,            ,            ,            ,            ,            ,            ,            ,   19726.550,       1.146,            ,            ,            ,            ,            ,            ,            ,
                              ,   19053.722,       1.126,            ,            ,            ,            ,            ,            ,            ,            ,            ,            ,            ,            ,            ,            ,            ,            ,            ,            ,            ,            ,            ,            ,            ,            ,            ,   19391.039,       0.839,            ,            ,            ,            ,            ,            ,            ,            ,            ,            ,            ,            ,            ,            ,            ,            ,   19727.701,       1.151,            ,            ,            ,            ,            ,            ,            ,
                              ,   19054.831,       1.109,            ,            ,            ,            ,            ,            ,            ,            ,            ,            ,            ,            ,            ,            ,            ,            ,            ,            ,            ,            ,            ,            ,            ,            ,            ,   19391.881,       0.842,            ,            ,            ,            ,            ,            ,            ,            ,            ,            ,            ,            ,            ,            ,            ,            ,   19728.859,       1.158,            ,            ,            ,            ,            ,            ,            ,
                              ,   19055.937,       1.106,            ,            ,            ,            ,            ,            ,            ,            ,            ,            ,            ,            ,            ,            ,            ,            ,            ,            ,            ,            ,            ,            ,            ,            ,            ,   19392.710,       0.829,            ,            ,            ,            ,            ,            ,            ,            ,            ,            ,            ,            ,            ,            ,            ,            ,   19729.992,       1.133,            ,            ,            ,            ,            ,            ,            ,
                              ,   19057.041,       1.104,            ,            ,            ,            ,            ,            ,            ,            ,            ,            ,            ,            ,            ,            ,            ,            ,            ,            ,            ,            ,            ,            ,            ,            ,            ,   19393.536,       0.826,            ,            ,            ,            ,            ,            ,            ,            ,            ,            ,            ,            ,            ,            ,            ,            ,   19731.147,       1.155,            ,            ,            ,            ,            ,            ,            ,
                              ,   19058.165,       1.124,            ,            ,            ,            ,            ,            ,            ,            ,            ,            ,            ,            ,            ,            ,            ,            ,            ,            ,            ,            ,            ,            ,            ,            ,            ,   19394.346,       0.810,            ,            ,            ,            ,            ,            ,            ,            ,            ,            ,            ,            ,            ,            ,            ,            ,   19732.376,       1.229,            ,            ,            ,            ,            ,            ,            ,
                              ,   19059.321,       1.156,            ,            ,            ,            ,            ,            ,            ,            ,            ,            ,            ,            ,            ,            ,            ,            ,            ,            ,            ,            ,            ,            ,            ,            ,            ,   19395.159,       0.813,            ,            ,            ,            ,            ,            ,            ,            ,            ,            ,            ,            ,            ,            ,            ,            ,   19733.514,       1.138,            ,            ,            ,            ,            ,            ,            ,
                              ,   19060.476,       1.155,            ,            ,            ,            ,            ,            ,            ,            ,            ,            ,            ,            ,            ,            ,            ,            ,            ,            ,            ,            ,            ,            ,            ,            ,            ,   19395.967,       0.808,            ,            ,            ,            ,            ,            ,            ,            ,            ,            ,            ,            ,            ,            ,            ,            ,   19734.674,       1.160,            ,            ,            ,            ,            ,            ,            ,
                              ,   19061.672,       1.196,            ,            ,            ,            ,            ,            ,            ,            ,            ,            ,            ,            ,            ,            ,            ,            ,            ,            ,            ,            ,            ,            ,            ,            ,            ,   19396.777,       0.810,            ,            ,            ,            ,            ,            ,            ,            ,            ,            ,            ,            ,            ,            ,            ,            ,   19735.875,       1.201,            ,            ,            ,            ,            ,            ,            ,
                              ,   19062.895,       1.223,            ,            ,            ,            ,            ,            ,            ,            ,            ,            ,            ,            ,            ,            ,            ,            ,            ,            ,            ,            ,            ,            ,            ,            ,            ,   19397.604,       0.827,            ,            ,            ,            ,            ,            ,            ,            ,            ,            ,            ,            ,            ,            ,            ,            ,   19737.059,       1.184,            ,            ,            ,            ,            ,            ,            ,
                              ,   19064.128,       1.233,            ,            ,            ,            ,            ,            ,            ,            ,            ,            ,            ,            ,            ,            ,            ,            ,            ,            ,            ,            ,            ,            ,            ,            ,            ,   19398.433,       0.829,            ,            ,            ,            ,            ,            ,            ,            ,            ,            ,            ,            ,            ,            ,            ,            ,   19738.266,       1.207,            ,            ,            ,            ,            ,            ,            ,
                              ,   19065.310,       1.182,            ,            ,            ,            ,            ,            ,            ,            ,            ,            ,            ,            ,            ,            ,            ,            ,            ,            ,            ,            ,            ,            ,            ,            ,            ,   19399.257,       0.824,            ,            ,            ,            ,            ,            ,            ,            ,            ,            ,            ,            ,            ,            ,            ,            ,   19739.535,       1.269,            ,            ,            ,            ,            ,            ,            ,
                              ,   19066.458,       1.148,            ,            ,            ,            ,            ,            ,            ,            ,            ,            ,            ,            ,            ,            ,            ,            ,            ,            ,            ,            ,            ,            ,            ,            ,            ,   19400.079,       0.822,            ,            ,            ,            ,            ,            ,            ,            ,            ,            ,            ,            ,            ,            ,            ,            ,   19740.760,       1.225,            ,            ,            ,            ,            ,            ,            ,
                              ,   19067.588,       1.130,            ,            ,            ,            ,            ,            ,            ,            ,            ,            ,            ,            ,            ,            ,            ,            ,            ,            ,            ,            ,            ,            ,            ,            ,            ,   19400.902,       0.823,            ,            ,            ,            ,            ,            ,            ,            ,            ,            ,            ,            ,            ,            ,            ,            ,   19741.942,       1.182,            ,            ,            ,            ,            ,            ,            ,
                              ,   19068.723,       1.135,            ,            ,            ,            ,            ,            ,            ,            ,            ,            ,            ,            ,            ,            ,            ,            ,            ,            ,            ,            ,            ,            ,            ,            ,            ,   19401.734,       0.832,            ,            ,            ,            ,            ,            ,            ,            ,            ,            ,            ,            ,            ,            ,            ,            ,   19743.149,       1.207,            ,            ,            ,            ,            ,            ,            ,
                              ,   19069.848,       1.125,            ,            ,            ,            ,            ,            ,            ,            ,            ,            ,            ,            ,            ,            ,            ,            ,            ,            ,            ,            ,            ,            ,            ,            ,            ,   19402.583,       0.849,            ,            ,            ,            ,            ,            ,            ,            ,            ,            ,            ,            ,            ,            ,            ,            ,   19744.388,       1.239,            ,            ,            ,            ,            ,            ,            ,
                              ,   19070.979,       1.131,            ,            ,            ,            ,            ,            ,            ,            ,            ,            ,            ,            ,            ,            ,            ,            ,            ,            ,            ,            ,            ,            ,            ,            ,            ,   19403.441,       0.858,            ,            ,            ,            ,            ,            ,            ,            ,            ,            ,            ,            ,            ,            ,            ,            ,   19745.638,       1.250,            ,            ,            ,            ,            ,            ,            ,
                              ,   19072.133,       1.154,            ,            ,            ,            ,            ,            ,            ,            ,            ,            ,            ,            ,            ,            ,            ,            ,            ,            ,            ,            ,            ,            ,            ,            ,            ,   19404.274,       0.833,            ,            ,            ,            ,            ,            ,            ,            ,            ,            ,            ,            ,            ,            ,            ,            ,   19746.851,       1.213,            ,            ,            ,            ,            ,            ,            ,
                              ,   19073.334,       1.201,            ,            ,            ,            ,            ,            ,            ,            ,            ,            ,            ,            ,            ,            ,            ,            ,            ,            ,            ,            ,            ,            ,            ,            ,            ,   19405.088,       0.814,            ,            ,            ,            ,            ,            ,            ,            ,            ,            ,            ,            ,            ,            ,            ,            ,   19748.049,       1.198,            ,            ,            ,            ,            ,            ,            ,
                              ,   19074.549,       1.215,            ,            ,            ,            ,            ,            ,            ,            ,            ,            ,            ,            ,            ,            ,            ,            ,            ,            ,            ,            ,            ,            ,            ,            ,            ,   19405.884,       0.796,            ,            ,            ,            ,            ,            ,            ,            ,            ,            ,            ,            ,            ,            ,            ,            ,   19749.315,       1.266,            ,            ,            ,            ,            ,            ,            ,
                              ,   19075.796,       1.247,            ,            ,            ,            ,            ,            ,            ,            ,            ,            ,            ,            ,            ,            ,            ,            ,            ,            ,            ,            ,            ,            ,            ,            ,            ,   19406.676,       0.792,            ,            ,            ,            ,            ,            ,            ,            ,            ,            ,            ,            ,            ,            ,            ,            ,   19750.648,       1.333,            ,            ,            ,            ,            ,            ,            ,
                              ,   19077.013,       1.217,            ,            ,            ,            ,            ,            ,            ,            ,            ,            ,            ,            ,            ,            ,            ,            ,            ,            ,            ,            ,            ,            ,            ,            ,            ,   19407.461,       0.785,            ,            ,            ,            ,            ,            ,            ,            ,            ,            ,            ,            ,            ,            ,            ,            ,   19751.942,       1.294,            ,            ,            ,            ,            ,            ,            ,
                              ,   19078.216,       1.203,            ,            ,            ,            ,            ,            ,            ,            ,            ,            ,            ,            ,            ,            ,            ,            ,            ,            ,            ,            ,            ,            ,            ,            ,            ,   19408.255,       0.794,            ,            ,            ,            ,            ,            ,            ,            ,            ,            ,            ,            ,            ,            ,            ,            ,   19753.230,       1.288,            ,            ,            ,            ,            ,            ,            ,
                              ,   19079.392,       1.176,            ,            ,            ,            ,            ,            ,            ,            ,            ,            ,            ,            ,            ,            ,            ,            ,            ,            ,            ,            ,            ,            ,            ,            ,            ,   19409.059,       0.804,            ,            ,            ,            ,            ,            ,            ,            ,            ,            ,            ,            ,            ,            ,            ,            ,   19754.479,       1.249,            ,            ,            ,            ,            ,            ,            ,
                              ,   19080.568,       1.176,            ,            ,            ,            ,            ,            ,            ,            ,            ,            ,            ,            ,            ,            ,            ,            ,            ,            ,            ,            ,            ,            ,            ,            ,            ,   19409.874,       0.815,            ,            ,            ,            ,            ,            ,            ,            ,            ,            ,            ,            ,            ,            ,            ,            ,   19755.694,       1.215,            ,            ,            ,            ,            ,            ,            ,
                              ,   19081.748,       1.180,            ,            ,            ,            ,            ,            ,            ,            ,            ,            ,            ,            ,            ,            ,            ,            ,            ,            ,            ,            ,            ,            ,            ,            ,            ,   19410.711,       0.837,            ,            ,            ,            ,            ,            ,            ,            ,            ,            ,            ,            ,            ,            ,            ,            ,   19756.855,       1.161,            ,            ,            ,            ,            ,            ,            ,
                              ,   19082.891,       1.143,            ,            ,            ,            ,            ,            ,            ,            ,            ,            ,            ,            ,            ,            ,            ,            ,            ,            ,            ,            ,            ,            ,            ,            ,            ,   19411.570,       0.859,            ,            ,            ,            ,            ,            ,            ,            ,            ,            ,            ,            ,            ,            ,            ,            ,   19758.025,       1.170,            ,            ,            ,            ,            ,            ,            ,
                              ,   19084.035,       1.144,            ,            ,            ,            ,            ,            ,            ,            ,            ,            ,            ,            ,            ,            ,            ,            ,            ,            ,            ,            ,            ,            ,            ,            ,            ,   19412.424,       0.854,            ,            ,            ,            ,            ,            ,            ,            ,            ,            ,            ,            ,            ,            ,            ,            ,   19759.227,       1.202,            ,            ,            ,            ,            ,            ,            ,
                              ,   19085.239,       1.204,            ,            ,            ,            ,            ,            ,            ,            ,            ,            ,            ,            ,            ,            ,            ,            ,            ,            ,            ,            ,            ,            ,            ,            ,            ,   19413.293,       0.869,            ,            ,            ,            ,            ,            ,            ,            ,            ,            ,            ,            ,            ,            ,            ,            ,   19760.412,       1.185,            ,            ,            ,            ,            ,            ,            ,
                              ,            ,            ,            ,            ,            ,            ,            ,            ,            ,            ,            ,            ,            ,            ,            ,            ,            ,            ,            ,            ,            ,            ,            ,            ,            ,            ,            ,   19414.141,       0.848,            ,            ,            ,            ,            ,            ,            ,            ,            ,            ,            ,            ,            ,            ,            ,            ,   19761.615,       1.203,            ,            ,            ,            ,            ,            ,            ,
                              ,            ,            ,            ,            ,            ,            ,            ,            ,            ,            ,            ,            ,            ,            ,            ,            ,            ,            ,            ,            ,            ,            ,            ,            ,            ,            ,            ,   19414.988,       0.847,            ,            ,            ,            ,            ,            ,            ,            ,            ,            ,            ,            ,            ,            ,            ,            ,   19762.861,       1.246,            ,            ,            ,            ,            ,            ,            ,
                              ,            ,            ,            ,            ,            ,            ,            ,            ,            ,            ,            ,            ,            ,            ,            ,            ,            ,            ,            ,            ,            ,            ,            ,            ,            ,            ,            ,   19415.818,       0.830,            ,            ,            ,            ,            ,            ,            ,            ,            ,            ,            ,            ,            ,            ,            ,            ,   19764.115,       1.254,            ,            ,            ,            ,            ,            ,            ,
                              ,            ,            ,            ,            ,            ,            ,            ,            ,            ,            ,            ,            ,            ,            ,            ,            ,            ,            ,            ,            ,            ,            ,            ,            ,            ,            ,            ,   19416.635,       0.817,            ,            ,            ,            ,            ,            ,            ,            ,            ,            ,            ,            ,            ,            ,            ,            ,   19765.361,       1.246,            ,            ,            ,            ,            ,            ,            ,
                              ,            ,            ,            ,            ,            ,            ,            ,            ,            ,            ,            ,            ,            ,            ,            ,            ,            ,            ,            ,            ,            ,            ,            ,            ,            ,            ,            ,   19417.438,       0.803,            ,            ,            ,            ,            ,            ,            ,            ,            ,            ,            ,            ,            ,            ,            ,            ,   19766.564,       1.203,            ,            ,            ,            ,            ,            ,            ,
                              ,            ,            ,            ,            ,            ,            ,            ,            ,            ,            ,            ,            ,            ,            ,            ,            ,            ,            ,            ,            ,            ,            ,            ,            ,            ,            ,            ,   19418.242,       0.804,            ,            ,            ,            ,            ,            ,            ,            ,            ,            ,            ,            ,            ,            ,            ,            ,   19767.781,       1.217,            ,            ,            ,            ,            ,            ,            ,
                              ,            ,            ,            ,            ,            ,            ,            ,            ,            ,            ,            ,            ,            ,            ,            ,            ,            ,            ,            ,            ,            ,            ,            ,            ,            ,            ,            ,   19419.033,       0.791,            ,            ,            ,            ,            ,            ,            ,            ,            ,            ,            ,            ,            ,            ,            ,            ,   19769.036,       1.255,            ,            ,            ,            ,            ,            ,            ,
                              ,            ,            ,            ,            ,            ,            ,            ,            ,            ,            ,            ,            ,            ,            ,            ,            ,            ,            ,            ,            ,            ,            ,            ,            ,            ,            ,            ,   19419.829,       0.796,            ,            ,            ,            ,            ,            ,            ,            ,            ,            ,            ,            ,            ,            ,            ,            ,   19770.239,       1.203,            ,            ,            ,            ,            ,            ,            ,
                              ,            ,            ,            ,            ,            ,            ,            ,            ,            ,            ,            ,            ,            ,            ,            ,            ,            ,            ,            ,            ,            ,            ,            ,            ,            ,            ,            ,   19420.629,       0.800,            ,            ,            ,            ,            ,            ,            ,            ,            ,            ,            ,            ,            ,            ,            ,            ,   19771.402,       1.163,            ,            ,            ,            ,            ,            ,            ,
                              ,            ,            ,            ,            ,            ,            ,            ,            ,            ,            ,            ,            ,            ,            ,            ,            ,            ,            ,            ,            ,            ,            ,            ,            ,            ,            ,            ,   19421.447,       0.818,            ,            ,            ,            ,            ,            ,            ,            ,            ,            ,            ,            ,            ,            ,            ,            ,   19772.631,       1.229,            ,            ,            ,            ,            ,            ,            ,
                              ,            ,            ,            ,            ,            ,            ,            ,            ,            ,            ,            ,            ,            ,            ,            ,            ,            ,            ,            ,            ,            ,            ,            ,            ,            ,            ,            ,   19422.285,       0.838,            ,            ,            ,            ,            ,            ,            ,            ,            ,            ,            ,            ,            ,            ,            ,            ,   19773.902,       1.271,            ,            ,            ,            ,            ,            ,            ,
                              ,            ,            ,            ,            ,            ,            ,            ,            ,            ,            ,            ,            ,            ,            ,            ,            ,            ,            ,            ,            ,            ,            ,            ,            ,            ,            ,            ,   19423.110,       0.825,            ,            ,            ,            ,            ,            ,            ,            ,            ,            ,            ,            ,            ,            ,            ,            ,   19775.131,       1.229,            ,            ,            ,            ,            ,            ,            ,
                              ,            ,            ,            ,            ,            ,            ,            ,            ,            ,            ,            ,            ,            ,            ,            ,            ,            ,            ,            ,            ,            ,            ,            ,            ,            ,            ,            ,   19423.946,       0.836,            ,            ,            ,            ,            ,            ,            ,            ,            ,            ,            ,            ,            ,            ,            ,            ,   19776.399,       1.268,            ,            ,            ,            ,            ,            ,            ,
                              ,            ,            ,            ,            ,            ,            ,            ,            ,            ,            ,            ,            ,            ,            ,            ,            ,            ,            ,            ,            ,            ,            ,            ,            ,            ,            ,            ,   19424.784,       0.838,            ,            ,            ,            ,            ,            ,            ,            ,            ,            ,            ,            ,            ,            ,            ,            ,   19777.651,       1.252,            ,            ,            ,            ,            ,            ,            ,
                              ,            ,            ,            ,            ,            ,            ,            ,            ,            ,            ,            ,            ,            ,            ,            ,            ,            ,            ,            ,            ,            ,            ,            ,            ,            ,            ,            ,   19425.621,       0.837,            ,            ,            ,            ,            ,            ,            ,            ,            ,            ,            ,            ,            ,            ,            ,            ,   19778.841,       1.190,            ,            ,            ,            ,            ,            ,            ,
                              ,            ,            ,            ,            ,            ,            ,            ,            ,            ,            ,            ,            ,            ,            ,            ,            ,            ,            ,            ,            ,            ,            ,            ,            ,            ,            ,            ,   19426.447,       0.826,            ,            ,            ,            ,            ,            ,            ,            ,            ,            ,            ,            ,            ,            ,            ,            ,   19780.048,       1.207,            ,            ,            ,            ,            ,            ,            ,
                              ,            ,            ,            ,            ,            ,            ,            ,            ,            ,            ,            ,            ,            ,            ,            ,            ,            ,            ,            ,            ,            ,            ,            ,            ,            ,            ,            ,   19427.278,       0.831,            ,            ,            ,            ,            ,            ,            ,            ,            ,            ,            ,            ,            ,            ,            ,            ,   19781.285,       1.237,            ,            ,            ,            ,            ,            ,            ,
                              ,            ,            ,            ,            ,            ,            ,            ,            ,            ,            ,            ,            ,            ,            ,            ,            ,            ,            ,            ,            ,            ,            ,            ,            ,            ,            ,            ,   19428.114,       0.836,            ,            ,            ,            ,            ,            ,            ,            ,            ,            ,            ,            ,            ,            ,            ,            ,   19782.464,       1.179,            ,            ,            ,            ,            ,            ,            ,
                              ,            ,            ,            ,            ,            ,            ,            ,            ,            ,            ,            ,            ,            ,            ,            ,            ,            ,            ,            ,            ,            ,            ,            ,            ,            ,            ,            ,   19428.966,       0.852,            ,            ,            ,            ,            ,            ,            ,            ,            ,            ,            ,            ,            ,            ,            ,            ,   19783.714,       1.250,            ,            ,            ,            ,            ,            ,            ,
                              ,            ,            ,            ,            ,            ,            ,            ,            ,            ,            ,            ,            ,            ,            ,            ,            ,            ,            ,            ,            ,            ,            ,            ,            ,            ,            ,            ,   19429.827,       0.861,            ,            ,            ,            ,            ,            ,            ,            ,            ,            ,            ,            ,            ,            ,            ,            ,   19784.942,       1.228,            ,            ,            ,            ,            ,            ,            ,
                              ,            ,            ,            ,            ,            ,            ,            ,            ,            ,            ,            ,            ,            ,            ,            ,            ,            ,            ,            ,            ,            ,            ,            ,            ,            ,            ,            ,   19430.677,       0.850,            ,            ,            ,            ,            ,            ,            ,            ,            ,            ,            ,            ,            ,            ,            ,            ,   19786.170,       1.228,            ,            ,            ,            ,            ,            ,            ,
                              ,            ,            ,            ,            ,            ,            ,            ,            ,            ,            ,            ,            ,            ,            ,            ,            ,            ,            ,            ,            ,            ,            ,            ,            ,            ,            ,            ,   19431.523,       0.846,            ,            ,            ,            ,            ,            ,            ,            ,            ,            ,            ,            ,            ,            ,            ,            ,   19787.369,       1.199,            ,            ,            ,            ,            ,            ,            ,
                              ,            ,            ,            ,            ,            ,            ,            ,            ,            ,            ,            ,            ,            ,            ,            ,            ,            ,            ,            ,            ,            ,            ,            ,            ,            ,            ,            ,   19432.353,       0.830,            ,            ,            ,            ,            ,            ,            ,            ,            ,            ,            ,            ,            ,            ,            ,            ,   19788.617,       1.248,            ,            ,            ,            ,            ,            ,            ,
                              ,            ,            ,            ,            ,            ,            ,            ,            ,            ,            ,            ,            ,            ,            ,            ,            ,            ,            ,            ,            ,            ,            ,            ,            ,            ,            ,            ,   19433.188,       0.835,            ,            ,            ,            ,            ,            ,            ,            ,            ,            ,            ,            ,            ,            ,            ,            ,   19789.801,       1.184,            ,            ,            ,            ,            ,            ,            ,
                              ,            ,            ,            ,            ,            ,            ,            ,            ,            ,            ,            ,            ,            ,            ,            ,            ,            ,            ,            ,            ,            ,            ,            ,            ,            ,            ,            ,   19434.007,       0.819,            ,            ,            ,            ,            ,            ,            ,            ,            ,            ,            ,            ,            ,            ,            ,            ,   19791.041,       1.240,            ,            ,            ,            ,            ,            ,            ,
                              ,            ,            ,            ,            ,            ,            ,            ,            ,            ,            ,            ,            ,            ,            ,            ,            ,            ,            ,            ,            ,            ,            ,            ,            ,            ,            ,            ,   19434.826,       0.819,            ,            ,            ,            ,            ,            ,            ,            ,            ,            ,            ,            ,            ,            ,            ,            ,   19792.268,       1.227,            ,            ,            ,            ,            ,            ,            ,
                              ,            ,            ,            ,            ,            ,            ,            ,            ,            ,            ,            ,            ,            ,            ,            ,            ,            ,            ,            ,            ,            ,            ,            ,            ,            ,            ,            ,   19435.646,       0.820,            ,            ,            ,            ,            ,            ,            ,            ,            ,            ,            ,            ,            ,            ,            ,            ,   19793.436,       1.168,            ,            ,            ,            ,            ,            ,            ,
                              ,            ,            ,            ,            ,            ,            ,            ,            ,            ,            ,            ,            ,            ,            ,            ,            ,            ,            ,            ,            ,            ,            ,            ,            ,            ,            ,            ,   19436.464,       0.818,            ,            ,            ,            ,            ,            ,            ,            ,            ,            ,            ,            ,            ,            ,            ,            ,   19794.613,       1.177,            ,            ,            ,            ,            ,            ,            ,
                              ,            ,            ,            ,            ,            ,            ,            ,            ,            ,            ,            ,            ,            ,            ,            ,            ,            ,            ,            ,            ,            ,            ,            ,            ,            ,            ,            ,   19437.286,       0.822,            ,            ,            ,            ,            ,            ,            ,            ,            ,            ,            ,            ,            ,            ,            ,            ,   19795.771,       1.158,            ,            ,            ,            ,            ,            ,            ,
                              ,            ,            ,            ,            ,            ,            ,            ,            ,            ,            ,            ,            ,            ,            ,            ,            ,            ,            ,            ,            ,            ,            ,            ,            ,            ,            ,            ,   19438.114,       0.828,            ,            ,            ,            ,            ,            ,            ,            ,            ,            ,            ,            ,            ,            ,            ,            ,   19796.895,       1.124,            ,            ,            ,            ,            ,            ,            ,
                              ,            ,            ,            ,            ,            ,            ,            ,            ,            ,            ,            ,            ,            ,            ,            ,            ,            ,            ,            ,            ,            ,            ,            ,            ,            ,            ,            ,   19438.937,       0.823,            ,            ,            ,            ,            ,            ,            ,            ,            ,            ,            ,            ,            ,            ,            ,            ,   19798.121,       1.226,            ,            ,            ,            ,            ,            ,            ,
                              ,            ,            ,            ,            ,            ,            ,            ,            ,            ,            ,            ,            ,            ,            ,            ,            ,            ,            ,            ,            ,            ,            ,            ,            ,            ,            ,            ,   19439.745,       0.808,            ,            ,            ,            ,            ,            ,            ,            ,            ,            ,            ,            ,            ,            ,            ,            ,   19799.292,       1.171,            ,            ,            ,            ,            ,            ,            ,
                              ,            ,            ,            ,            ,            ,            ,            ,            ,            ,            ,            ,            ,            ,            ,            ,            ,            ,            ,            ,            ,            ,            ,            ,            ,            ,            ,            ,   19440.540,       0.795,            ,            ,            ,            ,            ,            ,            ,            ,            ,            ,            ,            ,            ,            ,            ,            ,   19800.453,       1.161,            ,            ,            ,            ,            ,            ,            ,
                              ,            ,            ,            ,            ,            ,            ,            ,            ,            ,            ,            ,            ,            ,            ,            ,            ,            ,            ,            ,            ,            ,            ,            ,            ,            ,            ,            ,   19441.327,       0.787,            ,            ,            ,            ,            ,            ,            ,            ,            ,            ,            ,            ,            ,            ,            ,            ,   19801.652,       1.199,            ,            ,            ,            ,            ,            ,            ,
                              ,            ,            ,            ,            ,            ,            ,            ,            ,            ,            ,            ,            ,            ,            ,            ,            ,            ,            ,            ,            ,            ,            ,            ,            ,            ,            ,            ,   19442.111,       0.784,            ,            ,            ,            ,            ,            ,            ,            ,            ,            ,            ,            ,            ,            ,            ,            ,   19802.827,       1.175,            ,            ,            ,            ,            ,            ,            ,
                              ,            ,            ,            ,            ,            ,            ,            ,            ,            ,            ,            ,            ,            ,            ,            ,            ,            ,            ,            ,            ,            ,            ,            ,            ,            ,            ,            ,   19442.917,       0.806,            ,            ,            ,            ,            ,            ,            ,            ,            ,            ,            ,            ,            ,            ,            ,            ,   19804.024,       1.197,            ,            ,            ,            ,            ,            ,            ,
                              ,            ,            ,            ,            ,            ,            ,            ,            ,            ,            ,            ,            ,            ,            ,            ,            ,            ,            ,            ,            ,            ,            ,            ,            ,            ,            ,            ,   19443.729,       0.812,            ,            ,            ,            ,            ,            ,            ,            ,            ,            ,            ,            ,            ,            ,            ,            ,   19805.221,       1.197,            ,            ,            ,            ,            ,            ,            ,
                              ,            ,            ,            ,            ,            ,            ,            ,            ,            ,            ,            ,            ,            ,            ,            ,            ,            ,            ,            ,            ,            ,            ,            ,            ,            ,            ,            ,   19444.540,       0.811,            ,            ,            ,            ,            ,            ,            ,            ,            ,            ,            ,            ,            ,            ,            ,            ,   19806.389,       1.168,            ,            ,            ,            ,            ,            ,            ,
                              ,            ,            ,            ,            ,            ,            ,            ,            ,            ,            ,            ,            ,            ,            ,            ,            ,            ,            ,            ,            ,            ,            ,            ,            ,            ,            ,            ,   19445.352,       0.812,            ,            ,            ,            ,            ,            ,            ,            ,            ,            ,            ,            ,            ,            ,            ,            ,   19807.619,       1.230,            ,            ,            ,            ,            ,            ,            ,
                              ,            ,            ,            ,            ,            ,            ,            ,            ,            ,            ,            ,            ,            ,            ,            ,            ,            ,            ,            ,            ,            ,            ,            ,            ,            ,            ,            ,   19446.165,       0.813,            ,            ,            ,            ,            ,            ,            ,            ,            ,            ,            ,            ,            ,            ,            ,            ,   19808.785,       1.166,            ,            ,            ,            ,            ,            ,            ,
                              ,            ,            ,            ,            ,            ,            ,            ,            ,            ,            ,            ,            ,            ,            ,            ,            ,            ,            ,            ,            ,            ,            ,            ,            ,            ,            ,            ,   19446.966,       0.801,            ,            ,            ,            ,            ,            ,            ,            ,            ,            ,            ,            ,            ,            ,            ,            ,   19809.928,       1.143,            ,            ,            ,            ,            ,            ,            ,
                              ,            ,            ,            ,            ,            ,            ,            ,            ,            ,            ,            ,            ,            ,            ,            ,            ,            ,            ,            ,            ,            ,            ,            ,            ,            ,            ,            ,   19447.769,       0.803,            ,            ,            ,            ,            ,            ,            ,            ,            ,            ,            ,            ,            ,            ,            ,            ,            ,            ,            ,            ,            ,            ,            ,            ,            ,
                              ,            ,            ,            ,            ,            ,            ,            ,            ,            ,            ,            ,            ,            ,            ,            ,            ,            ,            ,            ,            ,            ,            ,            ,            ,            ,            ,            ,   19448.571,       0.802,            ,            ,            ,            ,            ,            ,            ,            ,            ,            ,            ,            ,            ,            ,            ,            ,            ,            ,            ,            ,            ,            ,            ,            ,            ,
                              ,            ,            ,            ,            ,            ,            ,            ,            ,            ,            ,            ,            ,            ,            ,            ,            ,            ,            ,            ,            ,            ,            ,            ,            ,            ,            ,            ,   19449.384,       0.813,            ,            ,            ,            ,            ,            ,            ,            ,            ,            ,            ,            ,            ,            ,            ,            ,            ,            ,            ,            ,            ,            ,            ,            ,            ,
                              ,            ,            ,            ,            ,            ,            ,            ,            ,            ,            ,            ,            ,            ,            ,            ,            ,            ,            ,            ,            ,            ,            ,            ,            ,            ,            ,            ,   19450.199,       0.815,            ,            ,            ,            ,            ,            ,            ,            ,            ,            ,            ,            ,            ,            ,            ,            ,            ,            ,            ,            ,            ,            ,            ,            ,            ,
                              ,            ,            ,            ,            ,            ,            ,            ,            ,            ,            ,            ,            ,            ,            ,            ,            ,            ,            ,            ,            ,            ,            ,            ,            ,            ,            ,            ,   19451.018,       0.819,            ,            ,            ,            ,            ,            ,            ,            ,            ,            ,            ,            ,            ,            ,            ,            ,            ,            ,            ,            ,            ,            ,            ,            ,            ,
                              ,            ,            ,            ,            ,            ,            ,            ,            ,            ,            ,            ,            ,            ,            ,            ,            ,            ,            ,            ,            ,            ,            ,            ,            ,            ,            ,            ,   19451.824,       0.806,            ,            ,            ,            ,            ,            ,            ,            ,            ,            ,            ,            ,            ,            ,            ,            ,            ,            ,            ,            ,            ,            ,            ,            ,            ,
                              ,            ,            ,            ,            ,            ,            ,            ,            ,            ,            ,            ,            ,            ,            ,            ,            ,            ,            ,            ,            ,            ,            ,            ,            ,            ,            ,            ,   19452.621,       0.797,            ,            ,            ,            ,            ,            ,            ,            ,            ,            ,            ,            ,            ,            ,            ,            ,            ,            ,            ,            ,            ,            ,            ,            ,            ,
                              ,            ,            ,            ,            ,            ,            ,            ,            ,            ,            ,            ,            ,            ,            ,            ,            ,            ,            ,            ,            ,            ,            ,            ,            ,            ,            ,            ,   19453.398,       0.777,            ,            ,            ,            ,            ,            ,            ,            ,            ,            ,            ,            ,            ,            ,            ,            ,            ,            ,            ,            ,            ,            ,            ,            ,            ,
                              ,            ,            ,            ,            ,            ,            ,            ,            ,            ,            ,            ,            ,            ,            ,            ,            ,            ,            ,            ,            ,            ,            ,            ,            ,            ,            ,            ,   19454.165,       0.767,            ,            ,            ,            ,            ,            ,            ,            ,            ,            ,            ,            ,            ,            ,            ,            ,            ,            ,            ,            ,            ,            ,            ,            ,            ,
                              ,            ,            ,            ,            ,            ,            ,            ,            ,            ,            ,            ,            ,            ,            ,            ,            ,            ,            ,            ,            ,            ,            ,            ,            ,            ,            ,            ,   19454.917,       0.752,            ,            ,            ,            ,            ,            ,            ,            ,            ,            ,            ,            ,            ,            ,            ,            ,            ,            ,            ,            ,            ,            ,            ,            ,            ,
                              ,            ,            ,            ,            ,            ,            ,            ,            ,            ,            ,            ,            ,            ,            ,            ,            ,            ,            ,            ,            ,            ,            ,            ,            ,            ,            ,            ,   19455.670,       0.753,            ,            ,            ,            ,            ,            ,            ,            ,            ,            ,            ,            ,            ,            ,            ,            ,            ,            ,            ,            ,            ,            ,            ,            ,            ,
                              ,            ,            ,            ,            ,            ,            ,            ,            ,            ,            ,            ,            ,            ,            ,            ,            ,            ,            ,            ,            ,            ,            ,            ,            ,            ,            ,            ,   19456.425,       0.755,            ,            ,            ,            ,            ,            ,            ,            ,            ,            ,            ,            ,            ,            ,            ,            ,            ,            ,            ,            ,            ,            ,            ,            ,            ,
                              ,            ,            ,            ,            ,            ,            ,            ,            ,            ,            ,            ,            ,            ,            ,            ,            ,            ,            ,            ,            ,            ,            ,            ,            ,            ,            ,            ,   19457.187,       0.762,            ,            ,            ,            ,            ,            ,            ,            ,            ,            ,            ,            ,            ,            ,            ,            ,            ,            ,            ,            ,            ,            ,            ,            ,            ,
                              ,            ,            ,            ,            ,            ,            ,            ,            ,            ,            ,            ,            ,            ,            ,            ,            ,            ,            ,            ,            ,            ,            ,            ,            ,            ,            ,            ,   19457.977,       0.790,            ,            ,            ,            ,            ,            ,            ,            ,            ,            ,            ,            ,            ,            ,            ,            ,            ,            ,            ,            ,            ,            ,            ,            ,            ,
                              ,            ,            ,            ,            ,            ,            ,            ,            ,            ,            ,            ,            ,            ,            ,            ,            ,            ,            ,            ,            ,            ,            ,            ,            ,            ,            ,            ,   19458.776,       0.799,            ,            ,            ,            ,            ,            ,            ,            ,            ,            ,            ,            ,            ,            ,            ,            ,            ,            ,            ,            ,            ,            ,            ,            ,            ,
                              ,            ,            ,            ,            ,            ,            ,            ,            ,            ,            ,            ,            ,            ,            ,            ,            ,            ,            ,            ,            ,            ,            ,            ,            ,            ,            ,            ,   19459.576,       0.800,            ,            ,            ,            ,            ,            ,            ,            ,            ,            ,            ,            ,            ,            ,            ,            ,            ,            ,            ,            ,            ,            ,            ,            ,            ,
                              ,            ,            ,            ,            ,            ,            ,            ,            ,            ,            ,            ,            ,            ,            ,            ,            ,            ,            ,            ,            ,            ,            ,            ,            ,            ,            ,            ,   19460.375,       0.799,            ,            ,            ,            ,            ,            ,            ,            ,            ,            ,            ,            ,            ,            ,            ,            ,            ,            ,            ,            ,            ,            ,            ,            ,            ,
                              ,            ,            ,            ,            ,            ,            ,            ,            ,            ,            ,            ,            ,            ,            ,            ,            ,            ,            ,            ,            ,            ,            ,            ,            ,            ,            ,            ,   19461.172,       0.797,            ,            ,            ,            ,            ,            ,            ,            ,            ,            ,            ,            ,            ,            ,            ,            ,            ,            ,            ,            ,            ,            ,            ,            ,            ,
                              ,            ,            ,            ,            ,            ,            ,            ,            ,            ,            ,            ,            ,            ,            ,            ,            ,            ,            ,            ,            ,            ,            ,            ,            ,            ,            ,            ,   19461.951,       0.779,            ,            ,            ,            ,            ,            ,            ,            ,            ,            ,            ,            ,            ,            ,            ,            ,            ,            ,            ,            ,            ,            ,            ,            ,            ,
                              ,            ,            ,            ,            ,            ,            ,            ,            ,            ,            ,            ,            ,            ,            ,            ,            ,            ,            ,            ,            ,            ,            ,            ,            ,            ,            ,            ,   19462.733,       0.782,            ,            ,            ,            ,            ,            ,            ,            ,            ,            ,            ,            ,            ,            ,            ,            ,            ,            ,            ,            ,            ,            ,            ,            ,            ,
                              ,            ,            ,            ,            ,            ,            ,            ,            ,            ,            ,            ,            ,            ,            ,            ,            ,            ,            ,            ,            ,            ,            ,            ,            ,            ,            ,            ,   19463.524,       0.791,            ,            ,            ,            ,            ,            ,            ,            ,            ,            ,            ,            ,            ,            ,            ,            ,            ,            ,            ,            ,            ,            ,            ,            ,            ,


