sep=,
HRV ANALYSIS RESULTS - 05-Sep-2026 07:07:37
Kubios HRV Scientific Lite
4.3.0
released in March 2026

Analyzed by:  -  - 

File name: /Users/apc939/Downloads/24245068089_ACTIVITY.fit
Measurement date: 05.09.2026 05:13:50
File type: FIT
Channel label: RR data
Data length: 00:20:09 (h:min:s)
Measurement rate: - 

Parameters
 Number of samples: 6
 Detrending method: Smoothn priors (lambda: 500)
 Min/Max HR as average of: 5 beats
 Threshold for NNxx/pNNxx: 50 ms
 Frequency bands
  VLF: 0 - 0.04 Hz
  LF: 0.04 - 0.15 Hz
  HF: 0.15 - 0.4 Hz
 Interpolation rate: 4 Hz
 Points in frequency-domain: 300 points/Hz
 FFT spectrum options
  Window width: 300 s
  Window overlap: 50 %
 AR spectrum options
  AR model order: 16
  Use factorization: No
 Apply detrending for nonlinear analysis: 1
 Entropy, embedding dimension: 2
 Entropy, tolerance: 0.2 x SD
 DFA, short-term fluctuations: 4-12 beats
 DFA, long-term fluctuations: 13-64 beats

RR Interval Samples Selected for Analysis
                              ,       DS(1),     RC10(2),     RC12(3),      ORT(4),     RUFF(5),      REC(6),
  Sample limits (hh:mm:ss):   ,05:15:51-05:20:51,05:20:52-05:21:52,05:21:53-05:22:52,05:22:53-05:27:08,05:27:09-05:27:54,05:27:55-05:32:56,
  Sample Analysis Type: Single samples
  Beat correction: Threshold (medium)
  Beats total:                ,         283,          55,          56,         351,          81,         339,
  Beats corrected:            ,           1,           0,           0,           0,           0,           5,
  Beats corrected (%):        ,       0.353,           0,           0,           0,           0,        1.47,
  Effective data length (s):  ,         300,          60,          60,         255,          45,         299,
  Effective data length (%):  ,      100.00,      100.00,      100.00,      100.00,      100.00,       99.67,


RESULTS FOR SINGLE SAMPLES
                              ,       DS(1),            ,     RC10(2),            ,     RC12(3),            ,      ORT(4),            ,     RUFF(5),            ,      REC(6),            ,
Results Overview              ,
  PNS index:                  ,      0.2583,            ,      0.7141,            ,      0.7814,            ,     -1.5563,            ,     -2.6868,            ,     -0.1315,            ,
  SNS index:                  ,     -0.6020,            ,     -0.7202,            ,     -0.7692,            ,      1.5744,            ,      9.2746,            ,      0.0647,            ,
  Stress index:               ,      9.1345,            ,      9.2386,            ,      8.2627,            ,     11.8333,            ,     49.1663,            ,      9.0660,            ,

Time-Domain Results           ,
 Statistical parameters       ,
  Mean RR  (ms):              ,   1056.4616,            ,   1081.4727,            ,   1057.7679,            ,    727.8689,            ,    557.5309,            ,    883.3156,            ,
  SDNN (ms):                  ,     32.8153,            ,     39.7845,            ,     52.0014,            ,     38.7767,            ,      7.6938,            ,     44.5433,            ,
  Mean HR (beats/min):        ,     56.7934,            ,     55.4799,            ,     56.7232,            ,     82.4324,            ,    107.6174,            ,     67.9259,            ,
  SD HR (beats/min):          ,      1.8642,            ,      1.9987,            ,      2.7565,            ,      4.5240,            ,      1.4862,            ,      3.4374,            ,
  Min HR (beats/min):         ,     51.1683,            ,     49.3583,            ,     54.5058,            ,     64.2123,            ,     85.1789,            ,     53.8696,            ,
  Max HR (beats/min):         ,     62.6043,            ,     58.4909,            ,     61.3497,            ,     98.2640,            ,    115.8749,            ,    108.7350,            ,
  RMSSD (ms):                 ,     29.3051,            ,     40.2754,            ,     47.6333,            ,     21.4826,            ,      7.0761,            ,     42.6667,            ,
  NNxx (beats):               ,           9,            ,          16,            ,          16,            ,           9,            ,           0,            ,          46,            ,
  pNNxx (%):                  ,      3.1915,            ,     29.6296,            ,     29.0909,            ,      2.5714,            ,      0.0000,            ,     13.6095,            ,
  SDANN (ms):                 ,         NaN,            ,         NaN,            ,         NaN,            ,         NaN,            ,         NaN,            ,         NaN,            ,
  SDNN index (ms):            ,         NaN,            ,         NaN,            ,         NaN,            ,         NaN,            ,         NaN,            ,         NaN,            ,
 Geometric parameters         ,
  RR tri index:               ,    7.861111,            ,    9.166667,            ,    9.333333,            ,    8.775000,            ,    2.793103,            ,    9.162162,            ,
  TINN (ms):                  ,    227.0000,            ,    180.0000,            ,    244.0000,            ,    207.0000,            ,     33.0000,            ,    245.0000,            ,

Frequency-Domain Results      ,FFT spectrum, AR spectrum,FFT spectrum, AR spectrum,FFT spectrum, AR spectrum,FFT spectrum, AR spectrum,FFT spectrum, AR spectrum,FFT spectrum, AR spectrum,
 Peak frequencies             ,
  VLF (Hz):                   ,    0.040000,    0.040000,    0.003333,    0.003333,    0.020000,    0.003333,    0.040000,    0.040000,    0.026667,    0.003333,    0.023333,    0.040000,
  LF (Hz):                    ,    0.046667,    0.096667,    0.150000,    0.150000,    0.110000,    0.040000,    0.063333,    0.076667,    0.040000,    0.040000,    0.103333,    0.126667,
  HF (Hz):                    ,    0.156667,    0.150000,    0.163333,    0.160000,    0.200000,    0.200000,    0.176667,    0.150000,    0.390000,    0.150000,    0.180000,    0.150000,
 Absolute powers              ,
  VLF (ms^2):                 ,     46.3081,     93.4661,     41.2765,    134.6691,    202.5636,    644.9117,     31.3123,    194.9650,     14.0599,     26.4270,     54.7225,     83.4739,
  LF (ms^2):                  ,    491.5935,    634.4358,    209.1911,    244.0888,    306.4176,    525.5555,    559.3144,   1257.3310,      6.8686,     14.1966,   2153.6508,   1048.1160,
  HF (ms^2):                  ,    180.4504,    256.1761,    964.0229,    778.7568,   1628.0165,   1341.3180,     39.6995,    144.6757,      4.5948,      7.2042,   1636.3407,    909.6752,
  VLF (log):                  ,      3.8353,      4.5376,      3.7203,      4.9028,      5.3111,      6.4691,      3.4440,      5.2728,      2.6433,      3.2744,      4.0023,      4.4245,
  LF (log):                   ,      6.1977,      6.4527,      5.3432,      5.4975,      5.7249,      6.2645,      6.3267,      7.1367,      1.9270,      2.6530,      7.6749,      6.9547,
  HF (log):                   ,      5.1955,      5.5459,      6.8711,      6.6577,      7.3951,      7.2014,      3.6813,      4.9745,      1.5249,      1.9747,      7.4002,      6.8131,
 Relative powers              ,
  VLF (%):                    ,      6.4458,      9.4965,      3.3986,     11.6335,      9.4782,     25.6742,      4.9665,     12.2069,     54.9594,     55.2291,      1.4232,      4.0889,
  LF (%):                     ,     68.4270,     64.4612,     17.2242,     21.0858,     14.3377,     20.9226,     88.7135,     78.7222,     26.8490,     29.6690,     56.0130,     51.3410,
  HF (%):                     ,     25.1177,     26.0285,     79.3749,     67.2736,     76.1769,     53.3984,      6.2968,      9.0582,     17.9610,     15.0558,     42.5586,     44.5596,
 Normalized powers            ,
  LF (n.u.):                  ,     73.1416,     71.2252,     17.8302,     23.8618,     15.8389,     28.1498,     93.3497,     89.6679,     59.6106,     66.2684,     56.8217,     53.5298,
  HF (n.u.):                  ,     26.8483,     28.7597,     82.1675,     76.1302,     84.1531,     71.8437,      6.6258,     10.3177,     39.8774,     33.6284,     43.1730,     46.4593,
 Total power (ms^2):          ,    718.4202,    984.2128,   1214.5181,   1157.5969,   2137.1519,   2511.9058,    630.4727,   1597.1739,     25.5822,     47.8499,   3844.9137,   2041.4793,
 LF/HF ratio:                 ,      2.7243,      2.4766,      0.2170,      0.3134,      0.1882,      0.3918,     14.0887,      8.6907,      1.4948,      1.9706,      1.3161,      1.1522,


Nonlinear Results             ,
 Poincare plot                ,
  SD1 (ms):                   ,   20.758791,            ,   28.777121,            ,   34.098426,            ,   15.213362,            ,    5.042408,            ,   30.214760,            ,
  SD2 (ms):                   ,   41.494398,            ,   47.976795,            ,   61.712573,            ,   52.587491,            ,    9.348418,            ,   55.345991,            ,
  SD2/SD1 ratio:              ,    1.998883,            ,    1.667185,            ,    1.809836,            ,    3.456665,            ,    1.853959,            ,    1.831753,            ,
 Approximate entropy (ApEn):  ,      1.1173,            ,         NaN,            ,         NaN,            ,      0.7331,            ,      0.4492,            ,      0.9685,            ,
 Sample entropy (SampEn):     ,      1.5619,            ,         NaN,            ,         NaN,            ,      0.7614,            ,      1.4481,            ,      1.2451,            ,
 Detrended fluctuation analysis (DFA),
  alpha 1:                    ,      1.1229,            ,         NaN,            ,         NaN,            ,      1.6195,            ,      1.0164,            ,      0.8997,            ,
  alpha 2:                    ,      0.2196,            ,         NaN,            ,         NaN,            ,      0.4638,            ,      0.9030,            ,      0.1457,            ,


RR INTERVAL DATA and SPECTRUM ESTIMATES,
                              ,       DS(1),            ,            ,            ,            ,            ,            ,            ,            ,     RC10(2),            ,            ,            ,            ,            ,            ,            ,            ,     RC12(3),            ,            ,            ,            ,            ,            ,            ,            ,      ORT(4),            ,            ,            ,            ,            ,            ,            ,            ,     RUFF(5),            ,            ,            ,            ,            ,            ,            ,            ,      REC(6),            ,            ,            ,            ,            ,            ,            ,            ,
                              ,     RR Data,            ,FFT spectrum,            , AR Spectrum,            ,            ,            ,            ,     RR Data,            ,FFT spectrum,            , AR Spectrum,            ,            ,            ,            ,     RR Data,            ,FFT spectrum,            , AR Spectrum,            ,            ,            ,            ,     RR Data,            ,FFT spectrum,            , AR Spectrum,            ,            ,            ,            ,     RR Data,            ,FFT spectrum,            , AR Spectrum,            ,            ,            ,            ,     RR Data,            ,FFT spectrum,            , AR Spectrum,            ,            ,            ,            ,
                              ,        Time, RR interval,   Frequency,         PSD,   Frequency,         PSD,   VLF comp.,    LF comp.,    HF comp.,        Time, RR interval,   Frequency,         PSD,   Frequency,         PSD,   VLF comp.,    LF comp.,    HF comp.,        Time, RR interval,   Frequency,         PSD,   Frequency,         PSD,   VLF comp.,    LF comp.,    HF comp.,        Time, RR interval,   Frequency,         PSD,   Frequency,         PSD,   VLF comp.,    LF comp.,    HF comp.,        Time, RR interval,   Frequency,         PSD,   Frequency,         PSD,   VLF comp.,    LF comp.,    HF comp.,        Time, RR interval,   Frequency,         PSD,   Frequency,         PSD,   VLF comp.,    LF comp.,    HF comp.,
                              ,         (s),         (s),        (Hz),   (ms^2/Hz),        (Hz),   (ms^2/Hz),   (ms^2/Hz),   (ms^2/Hz),   (ms^2/Hz),         (s),         (s),        (Hz),   (ms^2/Hz),        (Hz),   (ms^2/Hz),   (ms^2/Hz),   (ms^2/Hz),   (ms^2/Hz),         (s),         (s),        (Hz),   (ms^2/Hz),        (Hz),   (ms^2/Hz),   (ms^2/Hz),   (ms^2/Hz),   (ms^2/Hz),         (s),         (s),        (Hz),   (ms^2/Hz),        (Hz),   (ms^2/Hz),   (ms^2/Hz),   (ms^2/Hz),   (ms^2/Hz),         (s),         (s),        (Hz),   (ms^2/Hz),        (Hz),   (ms^2/Hz),   (ms^2/Hz),   (ms^2/Hz),   (ms^2/Hz),         (s),         (s),        (Hz),   (ms^2/Hz),        (Hz),   (ms^2/Hz),   (ms^2/Hz),   (ms^2/Hz),   (ms^2/Hz),
                              ,   18951.353,       1.014,       0.000,      0.1016,       0.000,   1063.8702,            ,            ,            ,   19252.687,       1.120,       0.000,    830.2946,       0.000,   2789.3914,            ,            ,            ,   19313.120,       1.000,       0.000,   2298.7681,       0.000,   8758.0838,            ,            ,            ,   19373.433,       0.983,       0.000,    748.7344,       0.000,   2031.6165,            ,            ,            ,   19629.382,       0.720,       0.000,      2.6542,       0.000,    455.5002,            ,            ,            ,   19675.476,       0.553,       0.000,     18.2878,       0.000,    972.0660,            ,            ,            ,
                              ,   18952.402,       1.049,       0.003,      0.0589,       0.003,   2132.4363,            ,            ,            ,   19253.810,       1.123,       0.003,   1631.4045,       0.003,   5468.6410,            ,            ,            ,   19314.106,       0.986,       0.003,   4738.7606,       0.003,  17511.5931,            ,            ,            ,   19374.305,       0.872,       0.003,    527.6914,       0.003,   4078.1763,            ,            ,            ,   19630.078,       0.696,       0.003,     28.1106,       0.003,    903.1173,            ,            ,            ,   19676.025,       0.549,       0.003,      7.6383,       0.003,   1947.6177,            ,            ,            ,
                              ,   18953.485,       1.083,       0.007,      0.3240,       0.007,   2146.5978,            ,            ,            ,   19254.987,       1.177,       0.007,   1547.1765,       0.007,   5164.3979,            ,            ,            ,   19315.065,       0.959,       0.007,   5138.2793,       0.007,  17494.8150,            ,            ,            ,   19375.084,       0.779,       0.007,     21.4488,       0.007,   4123.4274,            ,            ,            ,   19630.783,       0.705,       0.007,     93.0248,       0.007,    880.2247,            ,            ,            ,   19676.582,       0.557,       0.007,      0.2444,       0.007,   1958.1178,            ,            ,            ,
                              ,   18954.598,       1.113,       0.010,      1.9607,       0.010,   2170.4479,            ,            ,            ,   19256.294,       1.307,       0.010,   1419.1724,       0.010,   4730.4753,            ,            ,            ,   19316.070,       1.005,       0.010,   5718.9904,       0.010,  17456.8156,            ,            ,            ,   19375.825,       0.741,       0.010,     60.3964,       0.010,   4200.2733,            ,            ,            ,   19631.463,       0.680,       0.010,    190.0386,       0.010,    844.4190,            ,            ,            ,   19677.133,       0.551,       0.010,      0.7796,       0.010,   1975.7626,            ,            ,            ,
                              ,   18955.708,       1.110,       0.013,     47.3800,       0.013,   2204.3652,            ,            ,            ,   19257.544,       1.250,       0.013,   1268.5307,       0.013,   4239.7944,            ,            ,            ,   19317.110,       1.040,       0.013,   6344.0926,       0.013,  17383.1218,            ,            ,            ,   19376.548,       0.723,       0.013,    430.1617,       0.013,   4310.9386,            ,            ,            ,   19632.150,       0.687,       0.013,    303.9878,       0.013,    798.6864,            ,            ,            ,   19677.684,       0.551,       0.013,     34.3750,       0.013,   2000.7724,            ,            ,            ,
                              ,   18956.790,       1.082,       0.017,    117.8936,       0.017,   2248.8936,            ,            ,            ,   19258.725,       1.181,       0.017,   1124.2743,       0.017,   3750.4449,            ,            ,            ,   19318.106,       0.996,       0.017,   6825.7522,       0.017,  17254.8448,            ,            ,            ,   19377.278,       0.730,       0.017,    789.0019,       0.017,   4458.7114,            ,            ,            ,   19632.818,       0.668,       0.017,    416.7368,       0.017,    746.3445,            ,            ,            ,   19678.240,       0.556,       0.017,    418.6740,       0.017,   2033.4627,            ,            ,            ,
                              ,   18957.839,       1.049,       0.020,     66.6333,       0.020,   2304.7571,            ,            ,            ,   19259.888,       1.163,       0.020,   1013.7489,       0.020,   3297.9102,            ,            ,            ,   19319.117,       1.011,       0.020,   6965.3157,       0.020,  17050.4696,            ,            ,            ,   19378.000,       0.722,       0.020,    516.5785,       0.020,   4648.1346,            ,            ,            ,   19633.474,       0.656,       0.020,    509.9662,       0.020,    690.5483,            ,            ,            ,   19678.803,       0.563,       0.020,   2826.5904,       0.020,   2074.2509,            ,            ,            ,
                              ,   18958.885,       1.046,       0.023,    699.4398,       0.023,   2372.8787,            ,            ,            ,   19261.038,       1.150,       0.023,    947.0867,       0.023,   2898.2916,            ,            ,            ,   19320.210,       1.093,       0.023,   6623.8280,       0.023,  16748.5233,            ,            ,            ,   19378.717,       0.717,       0.023,    271.8134,       0.023,   4885.2774,            ,            ,            ,   19634.128,       0.654,       0.023,    568.2195,       0.023,    633.9629,            ,            ,            ,   19679.373,       0.570,       0.023,   3991.4392,       0.023,   2123.6664,            ,            ,            ,
                              ,   18959.903,       1.018,       0.027,   3657.0373,       0.027,   2454.4045,            ,            ,            ,   19262.237,       1.199,       0.027,    904.5283,       0.027,   2555.0423,            ,            ,            ,   19321.331,       1.121,       0.027,   5795.0772,       0.027,  16331.0058,            ,            ,            ,   19379.425,       0.708,       0.027,    921.3639,       0.027,   5178.1100,            ,            ,            ,   19634.778,       0.650,       0.027,    581.7068,       0.027,    578.6210,            ,            ,            ,   19679.956,       0.583,       0.027,   2185.4634,       0.027,   2182.3626,            ,            ,            ,
                              ,   18960.908,       1.005,       0.030,   1430.9300,       0.030,   2550.7327,            ,            ,            ,   19263.378,       1.141,       0.030,    838.9619,       0.030,   2264.8769,            ,            ,            ,   19322.417,       1.086,       0.030,   4636.8424,       0.030,  15787.0818,            ,            ,            ,   19380.127,       0.702,       0.030,   1051.3724,       0.030,   5537.0109,            ,            ,            ,   19635.427,       0.649,       0.030,    548.2862,       0.030,    525.9243,            ,            ,            ,   19680.549,       0.593,       0.030,   3161.5481,       0.030,   2251.1322,            ,            ,            ,
                              ,   18961.912,       1.004,       0.033,   1724.1751,       0.033,   2663.5479,            ,            ,            ,   19264.457,       1.079,       0.033,    700.4262,       0.033,   2021.6756,            ,            ,            ,   19323.471,       1.054,       0.033,   3428.4244,       0.033,  15116.1615,            ,            ,            ,   19380.819,       0.692,       0.033,    184.2985,       0.033,   5975.4436,            ,            ,            ,   19636.054,       0.627,       0.033,    474.0918,       0.033,    476.7297,            ,            ,            ,   19681.160,       0.611,       0.033,   2431.0595,       0.033,   2330.9262,            ,            ,            ,
                              ,   18962.946,       1.034,       0.037,   3791.2325,       0.037,   2794.8589,            ,            ,            ,   19265.522,       1.065,       0.037,    474.9285,       0.037,   1818.6614,            ,            ,            ,   19324.554,       1.083,       0.037,   2463.5454,       0.037,  14329.3784,            ,            ,            ,   19381.507,       0.688,       0.037,   1451.2160,       0.037,   6510.8450,            ,            ,            ,   19636.674,       0.620,       0.037,    372.4975,       0.037,    431.4683,            ,            ,            ,   19681.770,       0.610,       0.037,    161.9874,       0.037,   2422.8766,            ,            ,            ,
                              ,   18964.021,       1.075,       0.040,   4756.2909,       0.040,   2947.0397,            ,            ,            ,   19266.613,       1.091,       0.040,    215.2945,       0.040,   1649.4487,            ,            ,            ,   19325.705,       1.151,       0.040,   1931.2650,       0.040,  13448.7971,            ,            ,            ,   19382.191,       0.684,       0.040,   5490.0063,       0.040,   7165.7562,            ,            ,            ,   19637.283,       0.609,       0.040,    261.4797,       0.040,    390.2650,            ,            ,            ,   19682.375,       0.605,       0.040,   2274.8096,       0.040,   2528.3240,            ,            ,            ,
                              ,   18965.112,       1.091,       0.043,  11361.7702,       0.043,   3122.8686,            ,            ,            ,   19267.764,       1.151,       0.043,     39.0402,       0.043,   1508.4561,            ,            ,            ,   19326.833,       1.128,       0.043,   1849.5802,       0.043,  12504.4027,            ,            ,            ,   19382.882,       0.691,       0.043,   1048.3615,       0.043,   7969.1891,            ,            ,            ,   19637.886,       0.603,       0.043,    159.8708,       0.043,    353.0395,            ,            ,            ,   19682.982,       0.607,       0.043,   3497.5614,       0.043,   2648.8502,            ,            ,            ,
                              ,   18966.191,       1.079,       0.047,  15958.6080,       0.047,   3325.5581,            ,            ,            ,   19268.898,       1.134,       0.047,     83.5961,       0.047,   1390.9970,            ,            ,            ,   19327.919,       1.086,       0.047,   2084.0756,       0.047,  11529.7011,            ,            ,            ,   19383.567,       0.685,       0.047,   2219.3632,       0.047,   8958.0898,            ,            ,            ,   19638.487,       0.601,       0.047,     83.3575,       0.047,    319.5852,            ,            ,            ,   19683.586,       0.604,       0.047,   3733.3370,       0.047,   2786.3171,            ,            ,            ,
                              ,   18967.249,       1.058,       0.050,   1904.0751,       0.050,   3558.7638,            ,            ,            ,   19269.970,       1.072,       0.050,    435.7849,       0.050,   1293.2263,            ,            ,            ,   19328.970,       1.051,       0.050,   2429.9987,       0.050,  10557.1738,            ,            ,            ,   19384.245,       0.678,       0.050,   4053.6222,       0.050,  10178.4420,            ,            ,            ,   19639.086,       0.599,       0.050,     41.2241,       0.050,    289.6265,            ,            ,            ,   19684.191,       0.605,       0.050,    449.2267,       0.050,   2942.9121,            ,            ,            ,
                              ,   18968.289,       1.040,       0.053,   2092.7161,       0.053,   3826.5495,            ,            ,            ,   19271.022,       1.052,       0.053,   1073.0345,       0.053,   1212.0334,            ,            ,            ,   19330.058,       1.088,       0.053,   2701.4128,       0.053,   9614.6976,            ,            ,            ,   19384.920,       0.675,       0.053,    750.3260,       0.053,  11684.8013,            ,            ,            ,   19639.686,       0.600,       0.053,     34.6972,       0.053,    262.8573,            ,            ,            ,   19684.808,       0.617,       0.053,    628.7978,       0.053,   3121.2000,            ,            ,            ,
                              ,   18969.308,       1.019,       0.057,   1616.8029,       0.057,   4133.2718,            ,            ,            ,   19272.071,       1.049,       0.057,   1852.5928,       0.057,   1144.9264,            ,            ,            ,   19331.178,       1.120,       0.057,   2780.2607,       0.057,   8723.5105,            ,            ,            ,   19385.586,       0.666,       0.057,    338.8673,       0.057,  13535.4597,            ,            ,            ,   19640.263,       0.577,       0.057,     57.3206,       0.057,    238.9670,            ,            ,            ,   19685.440,       0.632,       0.057,    370.7846,       0.057,   3324.1828,            ,            ,            ,
                              ,   18970.307,       0.999,       0.060,  10142.9090,       0.060,   4483.3298,            ,            ,            ,   19273.150,       1.079,       0.060,   2560.0916,       0.060,   1089.9263,            ,            ,            ,   19332.253,       1.075,       0.060,   2618.6878,       0.060,   7897.7142,            ,            ,            ,   19386.241,       0.655,       0.060,  18153.3605,       0.060,  15777.4711,            ,            ,            ,   19640.838,       0.575,       0.060,     97.2129,       0.060,    217.6555,            ,            ,            ,   19686.094,       0.654,       0.060,   1855.4140,       0.060,   3555.3647,            ,            ,            ,
                              ,   18971.301,       0.994,       0.063,  11909.3228,       0.063,   4880.6943,            ,            ,            ,   19274.283,       1.133,       0.063,   2995.0164,       0.063,   1045.4769,            ,            ,            ,   19333.279,       1.026,       0.063,   2222.6764,       0.063,   7144.9120,            ,            ,            ,   19386.886,       0.645,       0.063,  19037.6555,       0.063,  18411.6229,            ,            ,            ,   19641.409,       0.571,       0.063,    140.5030,       0.063,    198.6421,            ,            ,            ,   19686.751,       0.657,       0.063,   7174.7747,       0.063,   3818.8218,            ,            ,            ,
                              ,   18972.297,       0.996,       0.067,   1218.1354,       0.067,   5328.1020,            ,            ,            ,   19275.413,       1.130,       0.067,   3049.6632,       0.067,   1010.3731,            ,            ,            ,   19334.347,       1.068,       0.067,   1646.1884,       0.067,   6467.4638,            ,            ,            ,   19387.520,       0.634,       0.067,    585.1955,       0.067,  21326.3856,            ,            ,            ,   19641.977,       0.568,       0.067,    174.9186,       0.067,    181.6697,            ,            ,            ,   19687.410,       0.659,       0.067,  15177.8975,       0.067,   4119.2700,            ,            ,            ,
                              ,   18973.309,       1.012,       0.070,    576.5492,       0.070,   5825.7779,            ,            ,            ,   19276.472,       1.059,       0.070,   2743.1892,       0.070,    983.7047,            ,            ,            ,   19335.487,       1.140,       0.070,    997.8750,       0.070,   5863.9164,            ,            ,            ,   19388.145,       0.625,       0.070,   1535.6794,       0.070,  24207.3567,            ,            ,            ,   19642.547,       0.570,       0.070,    192.5118,       0.070,    166.5060,            ,            ,            ,   19688.057,       0.647,       0.070,  11941.8497,       0.070,   4462.1231,            ,            ,            ,
                              ,   18974.359,       1.050,       0.073,    492.3121,       0.073,   6369.5660,            ,            ,            ,   19277.505,       1.033,       0.073,   2198.9252,       0.073,    964.8150,            ,            ,            ,   19336.616,       1.129,       0.073,    437.3157,       0.073,   5330.3232,            ,            ,            ,   19388.761,       0.616,       0.073,   7913.7445,       0.073,  26489.2274,            ,            ,            ,   19643.109,       0.562,       0.073,    190.8449,       0.073,    152.9436,            ,            ,            ,   19688.699,       0.642,       0.073,   8881.6362,       0.073,   4853.5248,            ,            ,            ,
                              ,   18975.433,       1.074,       0.077,    136.6328,       0.077,   6948.4689,            ,            ,            ,   19278.518,       1.013,       0.077,   1583.1809,       0.077,    953.2720,            ,            ,            ,   19337.688,       1.072,       0.077,    139.9702,       0.077,   4861.3168,            ,            ,            ,   19389.371,       0.610,       0.077,  10501.9652,       0.077,  27493.0528,            ,            ,            ,   19643.670,       0.561,       0.077,    172.5041,       0.077,    140.7979,            ,            ,            ,   19689.345,       0.646,       0.077,  16733.9965,       0.077,   5300.3289,            ,            ,            ,
                              ,   18976.530,       1.097,       0.080,   2124.1540,       0.080,   7541.9088,            ,            ,            ,   19279.566,       1.048,       0.080,   1039.2728,       0.080,    948.8516,            ,            ,            ,   19338.719,       1.031,       0.080,    236.9324,       0.080,   4450.9038,            ,            ,            ,   19389.977,       0.606,       0.080,  12208.5087,       0.080,  26802.4910,            ,            ,            ,   19644.219,       0.549,       0.080,    143.3425,       0.080,    129.9060,            ,            ,            ,   19689.991,       0.646,       0.080,  38543.8034,       0.080,   5809.9860,            ,            ,            ,
                              ,   18977.624,       1.094,       0.083,    862.7277,       0.083,   8117.5874,            ,            ,            ,   19280.663,       1.097,       0.083,    645.4211,       0.083,    951.5309,            ,            ,            ,   19339.766,       1.047,       0.083,    761.3447,       0.083,   4093.0082,            ,            ,            ,   19390.584,       0.607,       0.083,  13693.2107,       0.083,  24586.0812,            ,            ,            ,   19644.772,       0.553,       0.083,    110.2006,       0.083,    120.1244,            ,            ,            ,   19690.646,       0.655,       0.083,  50232.2062,       0.083,   6390.2760,            ,            ,            ,
                              ,   18978.719,       1.095,       0.087,    394.5160,       0.087,   8631.5339,            ,            ,            ,   19281.746,       1.083,       0.087,    407.3715,       0.087,    961.4940,            ,            ,            ,   19340.872,       1.106,       0.087,   1634.3167,       0.087,   3781.8147,            ,            ,            ,   19391.198,       0.614,       0.087,  11908.8815,       0.087,  21483.0948,            ,            ,            ,   19645.320,       0.548,       0.087,     78.8989,       0.087,    111.3267,            ,            ,            ,   19691.315,       0.669,       0.087,  35567.8038,       0.087,   7048.7948,            ,            ,            ,
                              ,   18979.798,       1.079,       0.090,   2180.8639,       0.090,   9032.2676,            ,            ,            ,   19282.771,       1.025,       0.090,    279.4320,       0.090,    979.1485,            ,            ,            ,   19341.959,       1.087,       0.090,   2698.7346,       0.090,   3511.9646,            ,            ,            ,   19391.835,       0.637,       0.090,   1759.0228,       0.090,  18184.2040,            ,            ,            ,   19645.865,       0.545,       0.090,     53.0608,       0.090,    103.4019,            ,            ,            ,   19692.000,       0.685,       0.090,  17680.9689,       0.090,   7792.0787,            ,            ,            ,
                              ,   18980.850,       1.052,       0.093,   1164.0726,       0.093,   9270.0699,            ,            ,            ,   19283.792,       1.021,       0.093,    199.3964,       0.093,   1005.1589,            ,            ,            ,   19342.993,       1.034,       0.093,   3779.9332,       0.093,   3278.6510,            ,            ,            ,   19392.490,       0.655,       0.093,   7312.6617,       0.093,  15142.7194,            ,            ,            ,   19646.406,       0.541,       0.093,     33.9339,       0.093,     96.2525,            ,            ,            ,   19692.686,       0.686,       0.093,   7467.4450,       0.093,   8624.2270,            ,            ,            ,
                              ,   18981.887,       1.037,       0.097,    436.7030,       0.097,   9309.6411,            ,            ,            ,   19284.813,       1.021,       0.097,    122.9769,       0.097,   1040.4971,            ,            ,            ,   19343.999,       1.006,       0.097,   4739.7114,       0.097,   3077.6487,            ,            ,            ,   19393.173,       0.683,       0.097,   5307.4540,       0.097,  12548.8014,            ,            ,            ,   19646.947,       0.541,       0.097,     20.9922,       0.097,     89.7930,            ,            ,            ,   19693.362,       0.676,       0.097,  17683.2408,       0.097,   9544.8943,            ,            ,            ,
                              ,   18982.888,       1.001,       0.100,   8121.8256,       0.100,   9141.1472,            ,            ,            ,   19285.877,       1.064,       0.100,     46.6619,       0.100,   1086.5198,            ,            ,            ,   19345.062,       1.063,       0.100,   5500.2171,       0.100,   2905.3049,            ,            ,            ,   19393.859,       0.686,       0.100,   1438.1535,       0.100,  10425.1953,            ,            ,            ,   19647.500,       0.553,       0.100,     12.8791,       0.100,     83.9480,            ,            ,            ,   19694.037,       0.675,       0.100,  37021.1660,       0.100,  10546.6170,            ,            ,            ,
                              ,   18983.897,       1.009,       0.103,   4488.3299,       0.103,   8783.8828,            ,            ,            ,   19286.981,       1.104,       0.103,     11.2979,       0.103,   1145.0825,            ,            ,            ,   19346.176,       1.114,       0.103,   6035.3427,       0.103,   2758.5095,            ,            ,            ,   19394.548,       0.689,       0.103,   6446.9670,       0.103,   8719.3978,            ,            ,            ,   19648.038,       0.538,       0.103,      8.2356,       0.103,     78.6515,            ,            ,            ,   19694.702,       0.665,       0.103,  54723.1850,       0.103,  11611.6658,            ,            ,            ,
                              ,   18984.947,       1.050,       0.107,   1418.6146,       0.107,   8280.3345,            ,            ,            ,   19288.065,       1.084,       0.107,     83.4864,       0.107,   1218.7056,            ,            ,            ,   19347.258,       1.082,       0.107,   6343.8180,       0.107,   2634.6564,            ,            ,            ,   19395.236,       0.688,       0.107,  12810.9169,       0.107,   7357.7850,            ,            ,            ,   19648.577,       0.539,       0.107,      6.1309,       0.107,     73.8452,            ,            ,            ,   19695.370,       0.668,       0.107,  47938.6035,       0.107,  12709.0306,            ,            ,            ,
                              ,   18986.008,       1.061,       0.110,   2811.4809,       0.110,   7683.9102,            ,            ,            ,   19289.093,       1.028,       0.110,    319.9865,       0.110,   1310.8222,            ,            ,            ,   19348.255,       0.997,       0.110,   6422.8208,       0.110,   2531.6032,            ,            ,            ,   19395.918,       0.682,       0.110,   6455.6246,       0.110,   6269.8237,            ,            ,            ,   19649.109,       0.532,       0.110,      6.0557,       0.110,     69.4777,            ,            ,            ,   19696.052,       0.682,       0.110,  28188.3586,       0.110,  13792.7160,            ,            ,            ,
                              ,   18987.056,       1.048,       0.113,   4472.3485,       0.113,   7046.4059,            ,            ,            ,   19290.122,       1.029,       0.113,    729.5192,       0.113,   1426.1491,            ,            ,            ,   19349.178,       0.923,       0.113,   6256.1615,       0.113,   2447.6359,            ,            ,            ,   19396.595,       0.677,       0.113,   3269.5660,       0.113,   5396.1457,            ,            ,            ,   19649.648,       0.539,       0.113,      7.6429,       0.113,     65.5039,            ,            ,            ,   19696.752,       0.700,       0.113,  16897.5879,       0.113,  14802.9863,            ,            ,            ,
                              ,   18988.109,       1.053,       0.117,   7996.9098,       0.117,   6409.7362,            ,            ,            ,   19291.171,       1.049,       0.117,   1250.6632,       0.117,   1571.2573,            ,            ,            ,   19350.150,       0.972,       0.117,   5822.5865,       0.117,   2381.4393,            ,            ,            ,   19397.272,       0.677,       0.117,   3966.9059,       0.117,   4689.5463,            ,            ,            ,   19650.189,       0.541,       0.117,     10.3674,       0.117,     61.8836,            ,            ,            ,   19697.464,       0.712,       0.117,  23672.8207,       0.117,  15672.0626,            ,            ,            ,
                              ,   18989.182,       1.073,       0.120,  13888.3199,       0.120,   5802.9658,            ,            ,            ,   19292.255,       1.084,       0.120,   1759.7016,       0.120,   1755.4666,            ,            ,            ,   19351.255,       1.105,       0.120,   5120.5305,       0.120,   2332.0776,            ,            ,            ,   19397.950,       0.678,       0.120,    968.6331,       0.120,   4113.4539,            ,            ,            ,   19650.715,       0.526,       0.120,     13.4216,       0.120,     58.5817,            ,            ,            ,   19698.157,       0.693,       0.120,  37941.7218,       0.120,  16334.4815,            ,            ,            ,
                              ,   18990.264,       1.082,       0.123,   4479.2974,       0.123,   5243.1970,            ,            ,            ,   19293.339,       1.084,       0.123,   2110.7972,       0.123,   1992.2936,            ,            ,            ,   19352.294,       1.039,       0.123,   4196.8562,       0.123,   2298.9867,            ,            ,            ,   19398.631,       0.681,       0.123,   1602.6749,       0.123,   3639.8286,            ,            ,            ,   19651.242,       0.527,       0.123,     15.8362,       0.123,     55.5667,            ,            ,            ,   19698.842,       0.685,       0.123,  52519.5474,       0.123,  16739.9776,            ,            ,            ,
                              ,   18991.334,       1.070,       0.127,  12334.0118,       0.127,   4738.2599,            ,            ,            ,   19294.366,       1.027,       0.127,   2199.9833,       0.127,   2301.8675,            ,            ,            ,   19353.294,       1.000,       0.127,   3161.7072,       0.127,   2281.9786,            ,            ,            ,   19399.319,       0.688,       0.127,   1141.5974,       0.127,   3247.2156,            ,            ,            ,   19651.771,       0.529,       0.127,     16.7675,       0.127,     52.8109,            ,            ,            ,   19699.517,       0.675,       0.127,  46108.9095,       0.127,  16864.5650,            ,            ,            ,
                              ,   18992.369,       1.035,       0.130,   4617.5489,       0.130,   4289.6823,            ,            ,            ,   19295.365,       0.999,       0.130,   2038.7301,       0.130,   2715.1161,            ,            ,            ,   19354.339,       1.045,       0.130,   2174.5119,       0.130,   2281.2637,            ,            ,            ,   19400.038,       0.719,       0.130,    973.9430,       0.130,   2919.1542,            ,            ,            ,   19652.299,       0.528,       0.130,     15.7955,       0.130,     50.2896,            ,            ,            ,   19700.187,       0.670,       0.130,  25065.1542,       0.130,  16715.3453,            ,            ,            ,
                              ,   18993.400,       1.031,       0.133,   6155.8823,       0.133,   3895.1839,            ,            ,            ,   19296.367,       1.002,       0.133,   1819.2189,       0.133,   3281.3248,            ,            ,            ,   19355.421,       1.082,       0.133,   1399.5876,       0.133,   2297.4923,            ,            ,            ,   19400.791,       0.753,       0.133,   2830.7833,       0.133,   2642.9471,            ,            ,            ,   19652.832,       0.533,       0.133,     13.0794,       0.133,     47.9810,            ,            ,            ,   19700.869,       0.682,       0.133,  13726.4441,       0.133,  16327.1539,            ,            ,            ,
                              ,   18994.454,       1.054,       0.137,   5033.5644,       0.137,   3550.4819,            ,            ,            ,   19297.385,       1.018,       0.137,   1945.7717,       0.137,   4082.4303,            ,            ,            ,   19356.511,       1.090,       0.137,    948.2687,       0.137,   2331.8239,            ,            ,            ,   19401.549,       0.758,       0.137,   2759.3569,       0.137,   2408.7325,            ,            ,            ,   19653.349,       0.517,       0.137,      9.2969,       0.137,     45.8655,            ,            ,            ,   19701.573,       0.704,       0.137,   6655.9218,       0.137,  15752.9143,            ,            ,            ,
                              ,   18995.543,       1.089,       0.140,   2376.1737,       0.140,   3250.4727,            ,            ,            ,   19298.468,       1.083,       0.140,   2997.0218,       0.140,   5261.4221,            ,            ,            ,   19357.545,       1.034,       0.140,    836.4467,       0.140,   2386.0306,            ,            ,            ,   19402.268,       0.719,       0.140,   1034.9342,       0.140,   2208.7920,            ,            ,            ,   19653.869,       0.520,       0.140,      5.3963,       0.140,     43.9256,            ,            ,            ,   19702.292,       0.719,       0.140,   2341.3890,       0.140,  15051.9188,            ,            ,            ,
                              ,   18996.637,       1.094,       0.143,    837.5944,       0.143,   2989.9417,            ,            ,            ,   19299.546,       1.078,       0.143,   5586.4760,       0.143,   7081.5002,            ,            ,            ,   19358.566,       1.021,       0.143,    982.0441,       0.143,   2462.6521,            ,            ,            ,   19402.964,       0.696,       0.143,   1026.5097,       0.143,   2037.0360,            ,            ,            ,   19654.393,       0.524,       0.143,      2.2678,       0.143,     42.1460,            ,            ,            ,   19703.009,       0.717,       0.143,   4166.1888,       0.143,  14279.9848,            ,            ,            ,
                              ,   18997.753,       1.116,       0.147,   1122.3555,       0.147,   2763.9513,            ,            ,            ,   19300.586,       1.040,       0.147,  10123.0429,       0.147,  10052.6081,            ,            ,            ,   19359.611,       1.045,       0.147,   1246.5081,       0.147,   2565.2209,            ,            ,            ,   19403.638,       0.674,       0.147,     94.3812,       0.147,   1888.6207,            ,            ,            ,   19654.908,       0.515,       0.147,      0.4671,       0.147,     40.5127,            ,            ,            ,   19703.706,       0.697,       0.147,   7700.9023,       0.147,  13483.4606,            ,            ,            ,
                              ,   18998.928,       1.175,       0.150,    608.1728,       0.150,   2568.0261,            ,            ,            ,   19301.592,       1.006,       0.150,  16537.0173,       0.150,  15184.1022,            ,            ,            ,   19360.707,       1.096,       0.150,   1499.7480,       0.150,   2698.5932,            ,            ,            ,   19404.293,       0.655,       0.150,     77.7226,       0.150,   1759.6616,            ,            ,            ,   19655.427,       0.519,       0.150,      0.0864,       0.150,     39.0133,            ,            ,            ,   19704.395,       0.689,       0.150,   5957.7702,       0.150,  12697.0413,            ,            ,            ,
                              ,   19000.078,       1.150,       0.153,   5513.3716,       0.153,   2398.2178,            ,            ,            ,   19302.602,       1.010,       0.153,  24098.2618,       0.153,  24225.5637,            ,            ,            ,   19361.809,       1.102,       0.153,   1675.2469,       0.153,   2869.4393,            ,            ,            ,   19404.935,       0.642,       0.153,     77.5354,       0.153,   1647.0185,            ,            ,            ,   19655.949,       0.522,       0.153,      0.8020,       0.153,     37.6367,            ,            ,            ,   19705.080,       0.685,       0.153,   9296.4734,       0.153,  11944.2602,            ,            ,            ,
                              ,   19001.185,       1.107,       0.157,   8353.5739,       0.157,   2251.1024,            ,            ,            ,   19303.645,       1.043,       0.157,  31460.9387,       0.157,  37650.5887,            ,            ,            ,   19362.844,       1.035,       0.157,   1790.6922,       0.157,   3086.9813,            ,            ,            ,   19405.566,       0.631,       0.157,     62.2195,       0.157,   1548.1327,            ,            ,            ,   19656.464,       0.515,       0.157,      2.0546,       0.157,     36.3730,            ,            ,            ,   19705.763,       0.683,       0.157,  11844.2954,       0.157,  11239.3543,            ,            ,            ,
                              ,   19002.267,       1.082,       0.160,   4141.9778,       0.160,   2123.7442,            ,            ,            ,   19304.721,       1.076,       0.160,  36991.4068,       0.160,  44616.9156,            ,            ,            ,   19363.865,       1.021,       0.160,   1934.5616,       0.160,   3364.1247,            ,            ,            ,   19406.193,       0.627,       0.160,     84.1304,       0.160,   1460.9027,            ,            ,            ,   19656.983,       0.519,       0.160,      3.2764,       0.160,     35.2132,            ,            ,            ,   19706.481,       0.718,       0.160,   8480.6505,       0.160,  10589.5224,            ,            ,            ,
                              ,   19003.304,       1.037,       0.163,     54.7337,       0.163,   2013.6447,            ,            ,            ,   19305.794,       1.073,       0.163,  39295.1508,       0.163,  33984.4586,            ,            ,            ,   19364.917,       1.052,       0.163,   2243.5154,       0.163,   3719.2379,            ,            ,            ,   19406.821,       0.628,       0.163,     30.5202,       0.163,   1383.5896,            ,            ,            ,   19657.505,       0.522,       0.163,      4.0761,       0.163,     34.1493,            ,            ,            ,   19707.226,       0.745,       0.163,  20188.4604,       0.163,   9997.0183,            ,            ,            ,
                              ,   19004.220,       0.916,       0.167,   1274.9641,       0.167,   1918.6885,            ,            ,            ,   19306.836,       1.042,       0.167,  37730.9471,       0.167,  20811.4476,            ,            ,            ,   19366.007,       1.090,       0.167,   2900.2652,       0.167,   4179.0235,            ,            ,            ,   19407.464,       0.643,       0.167,     14.2291,       0.167,   1314.7433,            ,            ,            ,   19658.020,       0.515,       0.167,      4.3220,       0.167,     33.1740,            ,            ,            ,   19707.977,       0.751,       0.167,  23221.9468,       0.167,   9460.8459,            ,            ,            ,
                              ,   19005.063,       0.843,       0.170,    616.4369,       0.170,   1837.0901,            ,            ,            ,   19307.865,       1.029,       0.170,  32671.6293,       0.170,  12722.5541,            ,            ,            ,   19367.078,       1.071,       0.170,   4159.4278,       0.170,   4783.2966,            ,            ,            ,   19408.147,       0.683,       0.170,     85.9302,       0.170,   1253.1459,            ,            ,            ,   19658.538,       0.518,       0.170,      4.1143,       0.170,     32.2810,            ,            ,            ,   19708.710,       0.733,       0.170,  29424.3047,       0.170,   8978.0207,            ,            ,            ,
                              ,   19005.977,       0.914,       0.173,    617.7665,       0.173,   1767.3464,            ,            ,            ,   19308.891,       1.026,       0.173,  25375.1752,       0.173,   8248.2134,            ,            ,            ,   19368.099,       1.021,       0.173,   6371.5157,       0.173,   5593.2033,            ,            ,            ,   19409.084,       0.937,       0.173,    585.4812,       0.173,   1197.7666,            ,            ,            ,   19659.063,       0.525,       0.173,      3.6800,       0.173,     31.4643,            ,            ,            ,   19709.421,       0.711,       0.173,  33772.6902,       0.173,   8544.4523,            ,            ,            ,
                              ,   19007.135,       1.158,       0.177,    994.3203,       0.177,   1708.1937,            ,            ,            ,   19309.959,       1.068,       0.177,  17518.3151,       0.177,   5682.6859,            ,            ,            ,   19369.132,       1.033,       0.177,   9949.5183,       0.177,   6705.8614,            ,            ,            ,   19409.974,       0.890,       0.177,   1443.5855,       0.177,   1147.7273,            ,            ,            ,   19659.581,       0.518,       0.177,      3.2493,       0.177,     30.7187,            ,            ,            ,   19710.121,       0.700,       0.177,  24473.8673,       0.177,   8155.5294,            ,            ,            ,
                              ,   19008.168,       1.033,       0.180,   1211.0497,       0.180,   1658.5707,            ,            ,            ,   19311.048,       1.089,       0.180,  10610.3079,       0.180,   4121.0321,            ,            ,            ,   19370.236,       1.104,       0.180,  15234.6604,       0.180,   8281.3511,            ,            ,            ,   19410.848,       0.874,       0.180,   1048.0578,       0.180,   1102.2748,            ,            ,            ,   19660.100,       0.519,       0.180,      2.9678,       0.180,     30.0395,            ,            ,            ,   19710.818,       0.697,       0.180,  33994.4781,       0.180,   7806.4913,            ,            ,            ,
                              ,   19009.206,       1.038,       0.183,   1117.7898,       0.183,   1617.5862,            ,            ,            ,            ,            ,       0.183,   5550.4460,       0.183,   3115.3832,            ,            ,            ,   19371.355,       1.119,       0.183,  22273.7987,       0.183,  10593.7812,            ,            ,            ,   19411.811,       0.963,       0.183,    788.3578,       0.183,   1060.7591,            ,            ,            ,   19660.627,       0.527,       0.183,      2.8746,       0.183,     29.4223,            ,            ,            ,   19711.525,       0.707,       0.183,  26126.3321,       0.183,   7492.6484,            ,            ,            ,
                              ,   19010.266,       1.060,       0.187,    443.0011,       0.187,   1584.4906,            ,            ,            ,            ,            ,       0.187,   2497.1459,       0.187,   2436.0305,            ,            ,            ,            ,            ,       0.187,  30595.5886,       0.187,  14127.4495,            ,            ,            ,   19412.771,       0.960,       0.187,    248.3249,       0.187,   1022.6164,            ,            ,            ,   19661.148,       0.521,       0.187,      2.9423,       0.187,     28.8635,            ,            ,            ,   19712.257,       0.732,       0.187,  28119.8881,       0.187,   7209.5070,            ,            ,            ,
                              ,   19011.321,       1.055,       0.190,    716.7786,       0.190,   1558.6504,            ,            ,            ,            ,            ,       0.190,   1044.0800,       0.190,   1958.5013,            ,            ,            ,            ,            ,       0.190,  39118.8944,       0.190,  19737.6254,            ,            ,            ,   19413.724,       0.953,       0.190,    147.2418,       0.190,    987.3554,            ,            ,            ,   19661.668,       0.520,       0.190,      3.1478,       0.190,     28.3594,            ,            ,            ,   19712.994,       0.737,       0.190,  20217.7153,       0.190,   6952.8301,            ,            ,            ,
                              ,   19012.391,       1.070,       0.193,    127.3544,       0.193,   1539.5260,            ,            ,            ,            ,            ,       0.193,    554.9927,       0.193,   1611.5977,            ,            ,            ,            ,            ,       0.193,  46302.7619,       0.193,  28754.6146,            ,            ,            ,   19414.646,       0.922,       0.193,    377.6717,       0.193,    954.5470,            ,            ,            ,   19662.192,       0.524,       0.193,      3.5303,       0.193,     27.9070,            ,            ,            ,   19713.727,       0.733,       0.193,  10305.2498,       0.193,   6718.6637,            ,            ,            ,
                              ,   19013.463,       1.072,       0.197,    768.7979,       0.197,   1526.6486,            ,            ,            ,            ,            ,       0.197,    468.9843,       0.197,   1352.5729,            ,            ,            ,            ,            ,       0.197,  50546.5955,       0.197,  41934.7553,            ,            ,            ,   19415.517,       0.871,       0.197,    288.8678,       0.197,    923.8159,            ,            ,            ,   19662.716,       0.524,       0.197,      4.2082,       0.197,     27.5035,            ,            ,            ,   19714.440,       0.713,       0.197,  11740.5042,       0.197,   6503.3425,            ,            ,            ,
                              ,   19014.524,       1.061,       0.200,    789.8520,       0.200,   1519.5993,            ,            ,            ,            ,            ,       0.200,    454.2473,       0.200,   1154.6552,            ,            ,            ,            ,            ,       0.200,  50715.5231,       0.200,  53848.3497,            ,            ,            ,   19416.360,       0.843,       0.200,     14.9015,       0.200,    894.8341,            ,            ,            ,   19663.240,       0.524,       0.200,      5.3440,       0.200,     27.1462,            ,            ,            ,   19715.140,       0.700,       0.200,   1368.8075,       0.200,   6303.4888,            ,            ,            ,
                              ,   19015.596,       1.072,       0.203,   2397.7412,       0.203,   1517.9859,            ,            ,            ,            ,            ,       0.203,    399.7686,       0.203,   1000.4545,            ,            ,            ,            ,            ,       0.203,  46574.1536,       0.203,  51004.6984,            ,            ,            ,   19417.175,       0.815,       0.203,    187.0228,       0.203,    867.3164,            ,            ,            ,   19663.769,       0.529,       0.203,      7.0793,       0.203,     26.8330,            ,            ,            ,   19715.828,       0.688,       0.203,     91.9792,       0.203,   6116.0098,            ,            ,            ,
                              ,   19016.668,       1.072,       0.207,   3080.7457,       0.207,   1521.4181,            ,            ,            ,            ,            ,       0.207,    317.5381,       0.207,    878.3112,            ,            ,            ,            ,            ,       0.207,  38924.3217,       0.207,  36290.0235,            ,            ,            ,   19417.992,       0.817,       0.207,   1049.5420,       0.207,    841.0160,            ,            ,            ,   19664.295,       0.526,       0.207,      9.4718,       0.207,     26.5617,            ,            ,            ,   19716.516,       0.688,       0.207,   4650.3096,       0.207,   5938.0985,            ,            ,            ,
                              ,   19017.760,       1.092,       0.210,   1497.5604,       0.210,   1529.4795,            ,            ,            ,            ,            ,       0.210,    244.0918,       0.210,    780.1903,            ,            ,            ,            ,            ,       0.210,  29365.8657,       0.210,  23279.2739,            ,            ,            ,   19418.794,       0.802,       0.210,    493.7695,       0.210,    815.7221,            ,            ,            ,   19664.820,       0.525,       0.210,     12.4648,       0.210,     26.3304,            ,            ,            ,   19717.224,       0.708,       0.210,   9376.3594,       0.210,   5767.2399,            ,            ,            ,
                              ,   19018.829,       1.069,       0.213,    370.2424,       0.213,   1541.6961,            ,            ,            ,            ,            ,       0.213,    192.1346,       0.213,    700.4195,            ,            ,            ,            ,            ,       0.213,  19773.9527,       0.213,  15090.5501,            ,            ,            ,   19419.596,       0.802,       0.213,    409.0828,       0.213,    791.2574,            ,            ,            ,   19665.353,       0.533,       0.213,     15.8997,       0.213,     26.1375,            ,            ,            ,   19717.972,       0.748,       0.213,   2642.9914,       0.213,   5601.2216,            ,            ,            ,
                              ,   19019.909,       1.080,       0.217,    280.7517,       0.217,   1557.4997,            ,            ,            ,            ,            ,       0.217,    151.7610,       0.217,    634.9094,            ,            ,            ,            ,            ,       0.217,  11717.1843,       0.217,  10219.4183,            ,            ,            ,   19420.403,       0.807,       0.217,     54.1971,       0.217,    767.4759,            ,            ,            ,   19665.879,       0.526,       0.217,     19.5592,       0.217,     25.9814,            ,            ,            ,   19718.720,       0.748,       0.217,     88.8164,       0.217,   5438.1486,            ,            ,            ,
                              ,   19020.991,       1.082,       0.220,   1251.1321,       0.220,   1576.1880,            ,            ,            ,            ,            ,       0.220,    111.7865,       0.220,    580.6562,            ,            ,            ,            ,            ,       0.220,   6055.7571,       0.220,   7247.3792,            ,            ,            ,   19421.213,       0.810,       0.220,    110.5092,       0.220,    744.2611,            ,            ,            ,   19666.404,       0.525,       0.220,     23.2114,       0.220,     25.8607,            ,            ,            ,   19719.455,       0.735,       0.220,    147.7997,       0.220,   5276.4578,            ,            ,            ,
                              ,   19022.057,       1.066,       0.223,   2602.0946,       0.223,   1596.8825,            ,            ,            ,            ,            ,       0.223,     73.6965,       0.223,    535.4177,            ,            ,            ,            ,            ,       0.223,   2854.3923,       0.223,   5353.2058,            ,            ,            ,   19422.052,       0.839,       0.223,     72.3845,       0.223,    721.5241,            ,            ,            ,   19666.933,       0.529,       0.223,     26.6305,       0.223,     25.7741,            ,            ,            ,   19720.168,       0.713,       0.223,   6156.7189,       0.223,   5114.9311,            ,            ,            ,
                              ,   19023.132,       1.075,       0.227,   1384.0541,       0.227,   1618.4878,            ,            ,            ,            ,            ,       0.227,     49.4514,       0.227,    497.4953,            ,            ,            ,            ,            ,       0.227,   1585.7692,       0.227,   4092.4160,            ,            ,            ,   19422.927,       0.875,       0.227,      7.3422,       0.227,    699.2015,            ,            ,            ,   19667.455,       0.522,       0.227,     29.5861,       0.227,     25.7204,            ,            ,            ,   19720.865,       0.697,       0.227,   6997.5208,       0.227,   4952.7005,            ,            ,            ,
                              ,   19024.211,       1.079,       0.230,    431.6555,       0.230,   1639.6593,            ,            ,            ,            ,            ,       0.230,     50.4247,       0.230,    465.5862,            ,            ,            ,            ,            ,       0.230,   1477.5428,       0.230,   3220.2362,            ,            ,            ,   19423.902,       0.975,       0.230,     58.6273,       0.230,    677.2531,            ,            ,            ,   19667.977,       0.522,       0.230,     31.8163,       0.230,     25.6984,            ,            ,            ,   19721.560,       0.695,       0.230,   3221.0377,       0.230,   4789.2452,            ,            ,            ,
                              ,   19025.293,       1.082,       0.233,    286.3448,       0.233,   1658.7901,            ,            ,            ,            ,            ,       0.233,     78.5215,       0.233,    438.6800,            ,            ,            ,            ,            ,       0.233,   1828.5121,       0.233,   2596.6014,            ,            ,            ,   19424.845,       0.943,       0.233,     52.4474,       0.233,    655.6596,            ,            ,            ,   19668.501,       0.524,       0.233,     33.0199,       0.233,     25.7072,            ,            ,            ,   19722.269,       0.709,       0.233,   3843.7849,       0.233,   4624.3753,            ,            ,            ,
                              ,   19026.396,       1.103,       0.237,   1163.7408,       0.237,   1674.0294,            ,            ,            ,            ,            ,       0.237,    124.8554,       0.237,    415.9858,            ,            ,            ,            ,            ,       0.237,   2182.4023,       0.237,   2137.9716,            ,            ,            ,   19425.715,       0.870,       0.237,    263.3370,       0.237,    634.4192,            ,            ,            ,   19669.022,       0.521,       0.237,     32.8935,       0.237,     25.7457,            ,            ,            ,   19723.029,       0.760,       0.237,   1891.6931,       0.237,   4458.2033,            ,            ,            ,
                              ,   19027.471,       1.075,       0.240,    170.8106,       0.240,   1683.3464,            ,            ,            ,            ,            ,       0.240,    174.3976,       0.240,    396.8793,            ,            ,            ,            ,            ,       0.240,   2346.0168,       0.240,   1792.5344,            ,            ,            ,   19426.547,       0.832,       0.240,    337.3519,       0.240,    613.5452,            ,            ,            ,   19669.541,       0.519,       0.240,     31.2201,       0.240,     25.8128,            ,            ,            ,   19723.802,       0.773,       0.240,    582.5311,       0.240,   4291.1028,            ,            ,            ,
                              ,   19028.523,       1.052,       0.243,   1647.6131,       0.243,   1684.6527,            ,            ,            ,            ,            ,       0.243,    212.1287,       0.243,    380.8651,            ,            ,            ,            ,            ,       0.243,   2310.3562,       0.243,   1527.0034,            ,            ,            ,   19427.366,       0.819,       0.243,    325.0428,       0.243,    593.0626,            ,            ,            ,   19670.065,       0.524,       0.243,     27.9821,       0.243,     25.9078,            ,            ,            ,   19724.569,       0.767,       0.243,   3521.1174,       0.243,   4123.6574,            ,            ,            ,
                              ,   19029.554,       1.031,       0.247,    271.0831,       0.247,   1675.9827,            ,            ,            ,            ,            ,       0.247,    227.4833,       0.247,    367.5478,            ,            ,            ,            ,            ,       0.247,   2149.5307,       0.247,   1319.3157,            ,            ,            ,   19428.181,       0.815,       0.247,    334.7936,       0.247,    573.0051,            ,            ,            ,   19670.589,       0.524,       0.247,     23.4485,       0.247,     26.0294,            ,            ,            ,   19725.312,       0.743,       0.247,   3900.0325,       0.247,   3956.6026,            ,            ,            ,
                              ,   19030.601,       1.047,       0.250,    873.0353,       0.250,   1655.7190,            ,            ,            ,            ,            ,       0.250,    216.3715,       0.250,    356.6113,            ,            ,            ,            ,            ,       0.250,   1945.5753,       0.250,   1154.4394,            ,            ,            ,   19429.013,       0.832,       0.250,     56.8930,       0.250,    553.4121,            ,            ,            ,   19671.116,       0.527,       0.250,     18.1880,       0.250,     26.1767,            ,            ,            ,   19726.037,       0.725,       0.250,    686.5234,       0.250,   3790.7656,            ,            ,            ,
                              ,   19031.656,       1.055,       0.253,    422.8194,       0.253,   1622.8280,            ,            ,            ,            ,            ,       0.253,    181.4464,       0.253,    347.8027,            ,            ,            ,            ,            ,       0.253,   1750.9811,       0.253,   1021.8813,            ,            ,            ,   19429.825,       0.812,       0.253,     31.8311,       0.253,    534.3256,            ,            ,            ,   19671.655,       0.539,       0.253,     12.9807,       0.253,     26.3486,            ,            ,            ,   19726.748,       0.711,       0.253,   1175.1673,       0.253,   3627.0070,            ,            ,            ,
                              ,   19032.741,       1.085,       0.257,    232.0694,       0.257,   1577.0543,            ,            ,            ,            ,            ,       0.257,    131.2233,       0.257,    340.9196,            ,            ,            ,            ,            ,       0.257,   1579.9612,       0.257,    914.1587,            ,            ,            ,   19430.614,       0.789,       0.257,    108.3496,       0.257,    515.7885,            ,            ,            ,   19672.196,       0.541,       0.257,      8.6464,       0.257,     26.5439,            ,            ,            ,   19727.452,       0.704,       0.257,    145.4554,       0.257,   3466.1684,            ,            ,            ,
                              ,   19033.807,       1.066,       0.260,    675.7709,       0.260,   1519.0208,            ,            ,            ,            ,            ,       0.260,     78.1144,       0.260,    335.8011,            ,            ,            ,            ,            ,       0.260,   1417.0958,       0.260,    825.8340,            ,            ,            ,   19431.383,       0.769,       0.260,    147.4186,       0.260,    497.8417,            ,            ,            ,   19672.738,       0.542,       0.260,      5.8420,       0.260,     26.7612,            ,            ,            ,   19728.170,       0.718,       0.260,     94.3702,       0.260,   3309.0285,            ,            ,            ,
                              ,   19034.867,       1.060,       0.263,    340.3821,       0.263,   1450.1994,            ,            ,            ,            ,            ,       0.263,     35.3331,       0.263,    332.3196,            ,            ,            ,            ,            ,       0.263,   1236.2112,       0.263,    752.8899,            ,            ,            ,   19432.131,       0.748,       0.263,    168.0080,       0.263,    480.5229,            ,            ,            ,   19673.283,       0.545,       0.263,      4.8981,       0.263,     26.9992,            ,            ,            ,   19728.930,       0.760,       0.263,    277.3342,       0.263,   3156.2700,            ,            ,            ,
                              ,   19035.897,       1.030,       0.267,    192.3517,       0.267,   1372.7471,            ,            ,            ,            ,            ,       0.267,     13.1550,       0.267,    330.3746,            ,            ,            ,            ,            ,       0.267,   1022.8240,       0.267,    692.3152,            ,            ,            ,   19432.866,       0.735,       0.267,     59.0837,       0.267,    463.8648,            ,            ,            ,   19673.822,       0.539,       0.267,      5.7507,       0.267,     27.2561,            ,            ,            ,   19729.711,       0.781,       0.267,   5406.9176,       0.267,   3008.4565,            ,            ,            ,
                              ,   19036.913,       1.016,       0.270,    128.7916,       0.270,   1289.2465,            ,            ,            ,            ,            ,       0.270,     15.7362,       0.270,    329.8875,            ,            ,            ,            ,            ,       0.270,    790.4535,       0.270,    641.8251,            ,            ,            ,   19433.590,       0.724,       0.270,      5.6408,       0.270,    447.8951,            ,            ,            ,            ,            ,       0.270,      7.9882,       0.270,     27.5303,            ,            ,            ,   19730.478,       0.767,       0.270,  15224.3705,       0.270,   2866.0209,            ,            ,            ,
                              ,   19037.939,       1.026,       0.273,   1072.7445,       0.273,   1202.4068,            ,            ,            ,            ,            ,       0.273,     39.9207,       0.273,    330.7962,            ,            ,            ,            ,            ,       0.273,    581.4317,       0.273,    599.6672,            ,            ,            ,   19434.306,       0.716,       0.273,    254.9522,       0.273,    432.6350,            ,            ,            ,            ,            ,       0.273,     10.9891,       0.273,     27.8197,            ,            ,            ,   19731.217,       0.739,       0.273,  12940.5136,       0.273,   2729.2618,            ,            ,            ,
                              ,   19038.976,       1.037,       0.277,    666.8330,       0.277,   1114.7922,            ,            ,            ,            ,            ,       0.277,     76.8214,       0.277,    333.0508,            ,            ,            ,            ,            ,       0.277,    450.2671,       0.277,    564.4869,            ,            ,            ,   19435.013,       0.707,       0.277,    164.5752,       0.277,    418.0999,            ,            ,            ,            ,            ,       0.277,     14.0950,       0.277,     28.1220,            ,            ,            ,   19731.942,       0.725,       0.277,   6301.9843,       0.277,   2598.3475,            ,            ,            ,
                              ,   19040.048,       1.072,       0.280,    163.5385,       0.280,   1028.6196,            ,            ,            ,            ,            ,       0.280,    115.6384,       0.280,    336.6076,            ,            ,            ,            ,            ,       0.280,    438.0947,       0.280,    535.2307,            ,            ,            ,   19435.711,       0.698,       0.280,    172.2248,       0.280,    404.2989,            ,            ,            ,            ,            ,       0.280,     16.7582,       0.280,     28.4348,            ,            ,            ,   19732.656,       0.714,       0.280,   2389.0518,       0.280,   2473.3254,            ,            ,            ,
                              ,   19041.111,       1.063,       0.283,      4.2310,       0.283,    945.6462,            ,            ,            ,            ,            ,       0.283,    147.9677,       0.283,    341.4240,            ,            ,            ,            ,            ,       0.283,    552.3617,       0.283,    511.0773,            ,            ,            ,   19436.407,       0.696,       0.283,     35.3956,       0.283,    391.2351,            ,            ,            ,            ,            ,       0.283,     18.6220,       0.283,     28.7551,            ,            ,            ,   19733.385,       0.729,       0.283,   4344.1073,       0.283,   2354.1354,            ,            ,            ,
                              ,   19042.159,       1.048,       0.287,    416.7840,       0.287,    867.1395,            ,            ,            ,            ,            ,       0.287,    170.6210,       0.287,    347.4512,            ,            ,            ,            ,            ,       0.287,    762.4160,       0.287,    491.3868,            ,            ,            ,   19437.097,       0.690,       0.287,     50.9572,       0.287,    378.9065,            ,            ,            ,            ,            ,       0.287,     19.5260,       0.287,     29.0801,            ,            ,            ,   19734.160,       0.775,       0.287,   5940.6955,       0.287,   2240.6248,            ,            ,            ,
                              ,   19043.188,       1.029,       0.290,     88.0838,       0.290,    793.9098,            ,            ,            ,            ,            ,       0.290,    185.9771,       0.290,    354.6256,            ,            ,            ,            ,            ,       0.290,   1011.9541,       0.290,    475.6637,            ,            ,            ,   19437.786,       0.689,       0.290,     15.7958,       0.290,    367.3061,            ,            ,            ,            ,            ,       0.290,     19.4594,       0.290,     29.4061,            ,            ,            ,   19734.954,       0.794,       0.290,   9616.7773,       0.290,   2132.5647,            ,            ,            ,
                              ,   19044.230,       1.042,       0.293,    216.5876,       0.293,    726.3783,            ,            ,            ,            ,            ,       0.293,    200.4326,       0.293,    362.8587,            ,            ,            ,            ,            ,       0.293,   1240.3353,       0.293,    463.5298,            ,            ,            ,   19438.474,       0.688,       0.293,     98.6892,       0.293,    356.4227,            ,            ,            ,            ,            ,       0.293,     18.5011,       0.293,     29.7296,            ,            ,            ,   19735.737,       0.783,       0.293,  14507.5660,       0.293,   2029.6660,            ,            ,            ,
                              ,   19045.274,       1.044,       0.297,    144.4067,       0.297,    664.6607,            ,            ,            ,            ,            ,       0.297,    222.4474,       0.297,    372.0244,            ,            ,            ,            ,            ,       0.297,   1401.8277,       0.297,    454.7038,            ,            ,            ,   19439.162,       0.688,       0.297,     19.9534,       0.297,    346.2411,            ,            ,            ,            ,            ,       0.297,     16.7767,       0.297,     30.0465,            ,            ,            ,   19736.497,       0.760,       0.297,  15674.8871,       0.297,   1931.5953,            ,            ,            ,
                              ,   19046.348,       1.074,       0.300,    229.7521,       0.300,    608.6492,            ,            ,            ,            ,            ,       0.300,    261.2976,       0.300,    381.9446,            ,            ,            ,            ,            ,       0.300,   1475.2276,       0.300,    448.9858,            ,            ,            ,   19439.850,       0.688,       0.300,     13.9784,       0.300,    336.7432,            ,            ,            ,            ,            ,       0.300,     14.4458,       0.300,     30.3527,            ,            ,            ,   19737.230,       0.733,       0.300,  11543.7894,       0.300,   1837.9898,            ,            ,            ,
                              ,   19047.420,       1.072,       0.303,    150.0470,       0.303,    558.0849,            ,            ,            ,            ,            ,       0.303,    326.3118,       0.303,    392.3729,            ,            ,            ,            ,            ,       0.303,   1462.4823,       0.303,    446.2457,            ,            ,            ,   19440.537,       0.687,       0.303,      0.3176,       0.303,    327.9081,            ,            ,            ,            ,            ,       0.303,     11.7095,       0.303,     30.6436,            ,            ,            ,   19737.959,       0.729,       0.303,   3625.5466,       0.303,   1748.4713,            ,            ,            ,
                              ,   19048.460,       1.040,       0.307,     45.8500,       0.307,    512.6161,            ,            ,            ,            ,            ,       0.307,    425.2895,       0.307,    402.9788,            ,            ,            ,            ,            ,       0.307,   1380.0375,       0.307,    446.4136,            ,            ,            ,   19441.222,       0.685,       0.307,     36.0909,       0.307,    319.7129,            ,            ,            ,            ,            ,       0.307,      8.8161,       0.307,     30.9145,            ,            ,            ,   19738.708,       0.749,       0.307,   2237.1566,       0.307,   1662.6591,            ,            ,            ,
                              ,   19049.469,       1.009,       0.310,    123.1038,       0.310,    471.8426,            ,            ,            ,            ,            ,       0.310,    561.0531,       0.310,    413.3346,            ,            ,            ,            ,            ,       0.310,   1248.6463,       0.310,    449.4716,            ,            ,            ,   19441.908,       0.686,       0.310,     84.7631,       0.310,    312.1324,            ,            ,            ,            ,            ,       0.310,      6.0460,       0.310,     31.1608,            ,            ,            ,   19739.534,       0.826,       0.310,   4937.4419,       0.310,   1580.1820,            ,            ,            ,
                              ,   19050.495,       1.026,       0.313,     57.7002,       0.313,    435.3477,            ,            ,            ,            ,            ,       0.313,    726.7164,       0.313,    422.9097,            ,            ,            ,            ,            ,       0.313,   1086.3947,       0.313,    455.4443,            ,            ,            ,   19442.593,       0.685,       0.313,     57.7089,       0.313,    305.1402,            ,            ,            ,            ,            ,       0.313,      3.6730,       0.313,     31.3777,            ,            ,            ,   19740.369,       0.835,       0.313,   5090.2533,       0.313,   1500.6897,            ,            ,            ,
                              ,   19051.538,       1.043,       0.317,    147.5970,       0.317,    402.7199,            ,            ,            ,            ,            ,       0.317,    902.1854,       0.317,    431.0783,            ,            ,            ,            ,            ,       0.317,    906.9201,       0.317,    464.3872,            ,            ,            ,   19443.282,       0.689,       0.317,      1.6858,       0.317,    298.7082,            ,            ,            ,            ,            ,       0.317,      1.9120,       0.317,     31.5604,            ,            ,            ,   19741.174,       0.805,       0.317,   5455.9255,       0.317,   1423.8626,            ,            ,            ,
                              ,   19052.593,       1.055,       0.320,    192.8984,       0.320,    373.5662,            ,            ,            ,            ,            ,       0.320,   1055.1070,       0.320,    437.1458,            ,            ,            ,            ,            ,       0.320,    721.7050,       0.320,    476.3697,            ,            ,            ,   19443.988,       0.706,       0.320,      3.2741,       0.320,    292.8073,            ,            ,            ,            ,            ,       0.320,      0.8763,       0.320,     31.7045,            ,            ,            ,   19741.951,       0.777,       0.320,   3369.1428,       0.320,   1349.4210,            ,            ,            ,
                              ,   19053.628,       1.035,       0.323,    103.9425,       0.323,    347.5206,            ,            ,            ,            ,            ,       0.323,   1148.0514,       0.323,    440.4000,            ,            ,            ,            ,            ,       0.323,    543.3519,       0.323,    491.4479,            ,            ,            ,   19444.720,       0.732,       0.323,     53.9870,       0.323,    287.4069,            ,            ,            ,            ,            ,       0.323,      0.5636,       0.323,     31.8058,            ,            ,            ,   19742.690,       0.739,       0.323,    683.9373,       0.323,   1277.1322,            ,            ,            ,
                              ,   19054.645,       1.017,       0.327,    125.7743,       0.327,    324.2472,            ,            ,            ,            ,            ,       0.327,   1150.5768,       0.327,    440.1850,            ,            ,            ,            ,            ,       0.327,    386.7779,       0.327,    509.6225,            ,            ,            ,   19445.469,       0.749,       0.327,    102.7864,       0.327,    282.4750,            ,            ,            ,            ,            ,       0.327,      0.8777,       0.327,     31.8605,            ,            ,            ,   19743.421,       0.731,       0.327,    101.0704,       0.327,   1206.8164,            ,            ,            ,
                              ,   19055.676,       1.031,       0.330,    377.2684,       0.330,    303.4423,            ,            ,            ,            ,            ,       0.330,   1051.6032,       0.330,    435.9912,            ,            ,            ,            ,            ,       0.330,    267.1320,       0.330,    530.7729,            ,            ,            ,   19446.222,       0.753,       0.330,     66.7654,       0.330,    277.9784,            ,            ,            ,            ,            ,       0.330,      1.6790,       0.330,     31.8653,            ,            ,            ,   19744.171,       0.750,       0.330,     37.7092,       0.330,   1138.3502,            ,            ,            ,
                              ,   19056.734,       1.058,       0.333,    479.2008,       0.333,    284.8329,            ,            ,            ,            ,            ,       0.333,    866.2158,       0.333,    427.5419,            ,            ,            ,            ,            ,       0.333,    195.5981,       0.333,    554.5596,            ,            ,            ,   19446.969,       0.747,       0.333,    117.4519,       0.333,    273.8820,            ,            ,            ,            ,            ,       0.333,      2.8419,       0.333,     31.8176,            ,            ,            ,   19745.006,       0.835,       0.333,      7.5117,       0.333,   1071.6671,            ,            ,            ,
                              ,   19057.811,       1.077,       0.337,     50.8445,       0.337,    268.1754,            ,            ,            ,            ,            ,       0.337,    632.7946,       0.337,    414.8560,            ,            ,            ,            ,            ,       0.337,    175.5247,       0.337,    580.2881,            ,            ,            ,   19447.708,       0.739,       0.337,    111.1381,       0.337,    270.1490,            ,            ,            ,            ,            ,       0.337,      4.3010,       0.337,     31.7157,            ,            ,            ,   19745.828,       0.822,       0.337,    129.9964,       0.337,   1006.7560,            ,            ,            ,
                              ,   19058.877,       1.066,       0.340,     52.9874,       0.340,    253.2534,            ,            ,            ,            ,            ,       0.340,    400.6775,       0.340,    398.2659,            ,            ,            ,            ,            ,       0.340,    200.8515,       0.340,    606.7385,            ,            ,            ,   19448.432,       0.724,       0.340,      4.9394,       0.340,    266.7402,            ,            ,            ,            ,            ,       0.340,      6.0696,       0.340,     31.5584,            ,            ,            ,   19746.645,       0.817,       0.340,    225.8123,       0.340,    943.6560,            ,            ,            ,
                              ,   19059.965,       1.088,       0.343,     14.2834,       0.343,    239.8748,            ,            ,            ,            ,            ,       0.343,    213.2857,       0.343,    378.3809,            ,            ,            ,            ,            ,       0.343,    257.3168,       0.343,    631.9908,            ,            ,            ,   19449.141,       0.709,       0.343,     12.2957,       0.343,    263.6139,            ,            ,            ,            ,            ,       0.343,      8.2295,       0.343,     31.3455,            ,            ,            ,   19747.432,       0.787,       0.343,     48.2903,       0.343,    882.4487,            ,            ,            ,
                              ,   19061.063,       1.098,       0.347,    248.7191,       0.347,    227.8694,            ,            ,            ,            ,            ,       0.347,     94.1052,       0.347,    356.0051,            ,            ,            ,            ,            ,       0.347,    325.7316,       0.347,    653.3220,            ,            ,            ,   19449.835,       0.694,       0.347,    170.9943,       0.347,    260.7260,            ,            ,            ,            ,            ,       0.347,     10.8985,       0.347,     31.0778,            ,            ,            ,   19748.181,       0.749,       0.347,     62.2508,       0.347,    823.2481,            ,            ,            ,
                              ,   19062.125,       1.062,       0.350,    188.5901,       0.350,    217.0864,            ,            ,            ,            ,            ,       0.350,     41.6089,       0.350,    332.0308,            ,            ,            ,            ,            ,       0.350,    386.3424,       0.350,    667.3095,            ,            ,            ,   19450.515,       0.680,       0.350,    113.8001,       0.350,    258.0288,            ,            ,            ,            ,            ,       0.350,     14.1907,       0.350,     30.7568,            ,            ,            ,   19748.918,       0.737,       0.350,   1113.8718,       0.350,    766.1892,            ,            ,            ,
                              ,   19063.186,       1.061,       0.353,     49.8334,       0.353,    207.3919,            ,            ,            ,            ,            ,       0.353,     34.7202,       0.353,    307.3330,            ,            ,            ,            ,            ,       0.353,    423.5567,       0.353,    670.2924,            ,            ,            ,   19451.184,       0.669,       0.353,     12.9517,       0.353,    255.4720,            ,            ,            ,            ,            ,       0.353,     18.1796,       0.353,     30.3847,            ,            ,            ,   19749.668,       0.750,       0.353,   2970.8276,       0.353,    711.4154,            ,            ,            ,
                              ,   19064.266,       1.080,       0.357,    156.4809,       0.357,    198.6664,            ,            ,            ,            ,            ,       0.357,     45.2647,       0.357,    282.6877,            ,            ,            ,            ,            ,       0.357,    430.2160,       0.357,    659.2408,            ,            ,            ,   19451.847,       0.663,       0.357,      9.9738,       0.357,    253.0017,            ,            ,            ,            ,            ,       0.357,     22.8719,       0.357,     29.9648,            ,            ,            ,   19750.460,       0.792,       0.357,   3133.5331,       0.357,    659.0667,            ,            ,            ,
                              ,   19065.361,       1.095,       0.360,    226.4413,       0.360,    190.8035,            ,            ,            ,            ,            ,       0.360,     50.8833,       0.360,    258.7217,            ,            ,            ,            ,            ,       0.360,    410.0481,       0.360,    632.8110,            ,            ,            ,   19452.507,       0.660,       0.360,     13.0044,       0.360,    250.5610,            ,            ,            ,            ,            ,       0.360,     28.1940,       0.360,     29.5007,            ,            ,            ,   19751.302,       0.842,       0.360,   2373.0754,       0.360,    609.2686,            ,            ,            ,
                              ,   19066.421,       1.060,       0.363,    135.4486,       0.363,    183.7070,            ,            ,            ,            ,            ,       0.363,     42.5402,       0.363,    235.8962,            ,            ,            ,            ,            ,       0.363,    376.6791,       0.363,    592.0723,            ,            ,            ,   19453.166,       0.659,       0.363,     13.1785,       0.363,    248.0907,            ,            ,            ,            ,            ,       0.363,     33.9898,       0.363,     28.9966,            ,            ,            ,   19752.114,       0.812,       0.363,   1749.5159,       0.363,    562.1234,            ,            ,            ,
                              ,   19067.448,       1.027,       0.367,    255.3470,       0.367,    177.2900,            ,            ,            ,            ,            ,       0.367,     24.2957,       0.367,    214.5146,            ,            ,            ,            ,            ,       0.367,    348.5558,       0.367,    540.4068,            ,            ,            ,   19453.825,       0.659,       0.367,     69.3614,       0.367,    245.5293,            ,            ,            ,            ,            ,       0.367,     40.0280,       0.367,     28.4572,            ,            ,            ,   19752.896,       0.782,       0.367,   1347.0969,       0.367,    517.7036,            ,            ,            ,
                              ,   19068.495,       1.047,       0.370,    266.1382,       0.370,    171.4730,            ,            ,            ,            ,            ,       0.370,      7.1479,       0.370,    194.7448,            ,            ,            ,            ,            ,       0.370,    341.2019,       0.370,    482.5488,            ,            ,            ,   19454.493,       0.668,       0.370,     23.6320,       0.370,    242.8147,            ,            ,            ,            ,            ,       0.370,     46.0192,       0.370,     27.8874,            ,            ,            ,   19753.654,       0.758,       0.370,    629.2769,       0.370,    476.0484,            ,            ,            ,
                              ,   19069.574,       1.079,       0.373,     96.6371,       0.373,    166.1827,            ,            ,            ,            ,            ,       0.373,      1.1831,       0.373,    176.6483,            ,            ,            ,            ,            ,       0.373,    360.1409,       0.373,    423.2821,            ,            ,            ,   19455.173,       0.680,       0.373,      1.6549,       0.373,    239.8851,            ,            ,            ,            ,            ,       0.373,     51.6420,       0.373,     27.2923,            ,            ,            ,   19754.411,       0.757,       0.373,    359.2593,       0.373,    437.1621,            ,            ,            ,
                              ,   19070.659,       1.085,       0.377,    329.4842,       0.377,    161.3506,            ,            ,            ,            ,            ,       0.377,     10.1083,       0.377,    160.2092,            ,            ,            ,            ,            ,       0.377,    398.0370,       0.377,    366.4313,            ,            ,            ,   19455.877,       0.704,       0.377,      1.5821,       0.377,    236.6814,            ,            ,            ,            ,            ,       0.377,     56.5775,       0.377,     26.6770,            ,            ,            ,   19755.198,       0.787,       0.377,    671.6404,       0.377,    401.0156,            ,            ,            ,
                              ,   19071.699,       1.040,       0.380,     27.5317,       0.380,    156.9121,            ,            ,            ,            ,            ,       0.380,     30.1372,       0.380,    145.3592,            ,            ,            ,            ,            ,       0.380,    437.6696,       0.380,    314.4508,            ,            ,            ,   19456.619,       0.742,       0.380,     47.1571,       0.380,    233.1489,            ,            ,            ,            ,            ,       0.380,     60.5458,       0.380,     26.0463,            ,            ,            ,   19756.037,       0.839,       0.380,    539.0314,       0.380,    367.5490,            ,            ,            ,
                              ,   19072.732,       1.033,       0.383,    156.6487,       0.383,    152.8057,            ,            ,            ,            ,            ,       0.383,     52.6990,       0.383,    131.9976,            ,            ,            ,            ,            ,       0.383,    459.3364,       0.383,    268.5180,            ,            ,            ,   19457.400,       0.781,       0.383,     68.8287,       0.383,    229.2397,            ,            ,            ,            ,            ,       0.383,     63.3413,       0.383,     25.4052,            ,            ,            ,   19756.872,       0.835,       0.383,    250.6523,       0.383,    336.6759,            ,            ,            ,
                              ,   19073.778,       1.046,       0.387,     50.7556,       0.387,    148.9717,            ,            ,            ,            ,            ,       0.387,     68.8534,       0.387,    120.0073,            ,            ,            ,            ,            ,       0.387,    449.0321,       0.387,    228.8688,            ,            ,            ,   19458.184,       0.784,       0.387,     22.9168,       0.387,    224.9152,            ,            ,            ,            ,            ,       0.387,     64.8560,       0.387,     24.7581,            ,            ,            ,   19757.664,       0.792,       0.387,      0.7666,       0.387,    308.2880,            ,            ,            ,
                              ,   19074.861,       1.083,       0.390,    186.3826,       0.390,    145.3525,            ,            ,            ,            ,            ,       0.390,     73.0827,       0.390,    109.2645,            ,            ,            ,            ,            ,       0.390,    403.6011,       0.390,    195.1640,            ,            ,            ,   19458.955,       0.771,       0.390,     15.1675,       0.390,    220.1485,            ,            ,            ,            ,            ,       0.390,     65.0895,       0.390,     24.1092,            ,            ,            ,   19758.438,       0.774,       0.390,    151.2053,       0.390,    282.2606,            ,            ,            ,
                              ,   19075.950,       1.089,       0.393,    142.3178,       0.393,    141.8916,            ,            ,            ,            ,            ,       0.393,     64.9751,       0.393,     99.6470,            ,            ,            ,            ,            ,       0.393,    330.9277,       0.393,    166.7779,            ,            ,            ,   19459.700,       0.745,       0.393,     39.3100,       0.393,    214.9264,            ,            ,            ,            ,            ,       0.393,     64.1414,       0.393,     23.4625,            ,            ,            ,   19759.214,       0.776,       0.393,    193.9604,       0.393,    258.4573,            ,            ,            ,
                              ,   19077.013,       1.063,       0.397,      6.3765,       0.397,    138.5342,            ,            ,            ,            ,            ,       0.397,     48.5361,       0.397,     91.0377,            ,            ,            ,            ,            ,       0.397,    245.8346,       0.397,    142.9890,            ,            ,            ,   19460.421,       0.721,       0.397,     78.5273,       0.397,    209.2505,            ,            ,            ,            ,            ,       0.397,     62.1916,       0.397,     22.8213,            ,            ,            ,   19760.046,       0.832,       0.397,    378.2247,       0.397,    236.7348,            ,            ,            ,
                              ,   19078.087,       1.074,       0.400,     68.3734,       0.400,    135.2270,            ,            ,            ,            ,            ,       0.400,     29.8845,       0.400,     83.3280,            ,            ,            ,            ,            ,       0.400,    164.1716,       0.400,    123.0894,            ,            ,            ,   19461.126,       0.705,       0.400,    160.5315,       0.400,    203.1382,            ,            ,            ,            ,            ,       0.400,     59.4728,       0.400,     22.1888,            ,            ,            ,   19760.914,       0.868,       0.400,    231.0720,       0.400,    216.9467,            ,            ,            ,
                              ,   19079.190,       1.103,       0.403,     66.8631,       0.403,    131.9190,            ,            ,            ,            ,            ,       0.403,     14.5790,       0.403,     76.4186,            ,            ,            ,            ,            ,       0.403,     97.8209,       0.403,    106.4371,            ,            ,            ,   19461.814,       0.688,       0.403,     67.0830,       0.403,    196.6220,            ,            ,            ,            ,            ,       0.403,     56.2416,       0.403,     21.5676,            ,            ,            ,   19761.770,       0.856,       0.403,     22.0628,       0.403,    198.9472,            ,            ,            ,
                              ,   19080.261,       1.071,       0.407,    123.6092,       0.407,    128.5628,            ,            ,            ,            ,            ,       0.407,      5.7278,       0.407,     70.2197,            ,            ,            ,            ,            ,       0.407,     52.2646,       0.407,     92.4764,            ,            ,            ,   19462.491,       0.677,       0.407,      0.1688,       0.407,    189.7484,            ,            ,            ,            ,            ,       0.407,     52.7534,       0.407,     20.9601,            ,            ,            ,   19762.564,       0.794,       0.407,     36.1549,       0.407,    182.5935,            ,            ,            ,
                              ,   19081.309,       1.048,       0.410,     79.5386,       0.410,    125.1154,            ,            ,            ,            ,            ,       0.410,      3.4870,       0.410,     64.6513,            ,            ,            ,            ,            ,       0.410,     26.8506,       0.410,     80.7385,            ,            ,            ,   19463.163,       0.672,       0.410,     19.6484,       0.410,    182.5760,            ,            ,            ,            ,            ,       0.410,     49.2436,       0.410,     20.3680,            ,            ,            ,   19763.339,       0.775,       0.410,     51.8303,       0.410,    167.7481,            ,            ,            ,
                              ,   19082.370,       1.061,       0.413,    184.1244,       0.413,    121.5398,            ,            ,            ,            ,            ,       0.413,      5.8496,       0.413,     59.6421,            ,            ,            ,            ,            ,       0.413,     16.8145,       0.413,     70.8347,            ,            ,            ,   19463.842,       0.679,       0.413,     41.2344,       0.413,    175.1720,            ,            ,            ,            ,            ,       0.413,     45.9175,       0.413,     19.7931,            ,            ,            ,   19764.116,       0.777,       0.413,    111.6490,       0.413,    154.2800,            ,            ,            ,
                              ,   19083.435,       1.065,       0.417,     82.7183,       0.417,    117.8069,            ,            ,            ,            ,            ,       0.417,     10.0821,       0.417,     55.1291,            ,            ,            ,            ,            ,       0.417,     15.8102,       0.417,     62.4453,            ,            ,            ,   19464.527,       0.685,       0.417,     76.6505,       0.417,    167.6096,            ,            ,            ,            ,            ,       0.417,     42.9485,       0.417,     19.2366,            ,            ,            ,   19764.918,       0.802,       0.417,    285.5149,       0.417,    142.0662,            ,            ,            ,
                              ,   19084.487,       1.052,       0.420,     95.0042,       0.420,    113.8969,            ,            ,            ,            ,            ,       0.420,     14.0148,       0.420,     51.0568,            ,            ,            ,            ,            ,       0.420,     18.0164,       0.420,     55.3093,            ,            ,            ,   19465.230,       0.703,       0.420,     23.6721,       0.420,    159.9641,            ,            ,            ,            ,            ,       0.420,     40.4824,       0.420,     18.6994,            ,            ,            ,   19765.746,       0.828,       0.420,    821.2151,       0.420,    130.9916,            ,            ,            ,
                              ,   19085.527,       1.040,       0.423,    228.8842,       0.423,    109.8006,            ,            ,            ,            ,            ,       0.423,     16.6496,       0.423,     47.3765,            ,            ,            ,            ,            ,       0.423,     19.3973,       0.423,     49.2134,            ,            ,            ,   19465.971,       0.741,       0.423,      2.0934,       0.423,    152.3095,            ,            ,            ,            ,            ,       0.423,     38.6450,       0.423,     18.1823,            ,            ,            ,   19766.559,       0.813,       0.423,    854.2938,       0.423,    120.9497,            ,            ,            ,
                              ,   19086.549,       1.022,       0.427,     90.8761,       0.427,    105.5201,            ,            ,            ,            ,            ,       0.427,     18.0200,       0.427,     44.0451,            ,            ,            ,            ,            ,       0.427,     18.1061,       0.427,     43.9836,            ,            ,            ,   19466.760,       0.789,       0.427,      3.2226,       0.427,    144.7160,            ,            ,            ,            ,            ,       0.427,     37.5473,       0.427,     17.6859,            ,            ,            ,   19767.345,       0.786,       0.427,    336.5318,       0.427,    111.8428,            ,            ,            ,
                              ,   19087.579,       1.030,       0.430,     38.6407,       0.430,    101.0689,            ,            ,            ,            ,            ,       0.430,     18.6350,       0.430,     41.0249,            ,            ,            ,            ,            ,       0.430,     14.2206,       0.430,     39.4780,            ,            ,            ,   19467.556,       0.796,       0.430,      8.2018,       0.430,    137.2475,            ,            ,            ,            ,            ,       0.430,     37.2814,       0.430,     17.2104,            ,            ,            ,   19768.112,       0.767,       0.430,    233.9391,       0.430,    103.5809,            ,            ,            ,
                              ,   19088.613,       1.034,       0.433,    124.4326,       0.433,     96.4717,            ,            ,            ,            ,            ,       0.433,     18.9681,       0.433,     38.2828,            ,            ,            ,            ,            ,       0.433,      9.0674,       0.433,     35.5800,            ,            ,            ,   19468.343,       0.787,       0.433,      2.2704,       0.433,    129.9597,            ,            ,            ,            ,            ,       0.433,     37.9033,       0.433,     16.7560,            ,            ,            ,   19768.897,       0.785,       0.433,    439.2271,       0.433,     96.0823,            ,            ,            ,
                              ,   19089.672,       1.059,       0.437,     34.6999,       0.437,     91.7622,            ,            ,            ,            ,            ,       0.437,     19.2968,       0.437,     35.7895,            ,            ,            ,            ,            ,       0.437,      4.4004,       0.437,     32.1942,            ,            ,            ,   19469.125,       0.782,       0.437,     25.2105,       0.437,    122.8994,            ,            ,            ,            ,            ,       0.437,     39.4042,       0.437,     16.3227,            ,            ,            ,   19769.725,       0.828,       0.437,    298.2831,       0.437,     89.2728,            ,            ,            ,
                              ,   19090.744,       1.072,       0.440,      3.4699,       0.440,     86.9816,            ,            ,            ,            ,            ,       0.440,     19.8937,       0.440,     33.5196,            ,            ,            ,            ,            ,       0.440,      1.6900,       0.440,     29.2417,            ,            ,            ,   19469.897,       0.772,       0.440,     10.5620,       0.440,    116.1040,            ,            ,            ,            ,            ,       0.440,     41.6758,       0.440,     15.9104,            ,            ,            ,   19770.732,       1.007,       0.440,    107.0450,       0.440,     83.0851,            ,            ,            ,
                              ,   19091.785,       1.041,       0.443,     16.3239,       0.443,     82.1755,            ,            ,            ,            ,            ,       0.443,     21.3226,       0.443,     31.4502,            ,            ,            ,            ,            ,       0.443,      1.7049,       0.443,     26.6573,            ,            ,            ,   19470.648,       0.751,       0.443,      4.3481,       0.443,    109.6018,            ,            ,            ,            ,            ,       0.443,     44.4846,       0.443,     15.5190,            ,            ,            ,   19771.750,       1.018,       0.443,     54.5098,       0.443,     77.4583,            ,            ,            ,
                              ,   19092.796,       1.011,       0.447,     13.5432,       0.447,     77.3912,            ,            ,            ,            ,            ,       0.447,     24.5313,       0.447,     29.5615,            ,            ,            ,            ,            ,       0.447,      4.4413,       0.447,     24.3871,            ,            ,            ,   19471.389,       0.741,       0.447,     20.2081,       0.447,    103.4125,            ,            ,            ,            ,            ,       0.447,     47.4676,       0.447,     15.1482,            ,            ,            ,   19772.600,       0.850,       0.447,    162.2419,       0.447,     72.3376,            ,            ,            ,
                              ,   19093.816,       1.020,       0.450,      7.5242,       0.450,     72.6754,            ,            ,            ,            ,            ,       0.450,     30.5760,       0.450,     27.8358,            ,            ,            ,            ,            ,       0.450,      9.3116,       0.450,     22.3859,            ,            ,            ,   19472.133,       0.744,       0.450,      6.9489,       0.450,     97.5480,            ,            ,            ,            ,            ,       0.450,     50.1617,       0.450,     14.7977,            ,            ,            ,   19773.375,       0.775,       0.450,    238.5358,       0.450,     67.6737,            ,            ,            ,
                              ,   19094.846,       1.030,       0.453,    144.8582,       0.453,     68.0709,            ,            ,            ,            ,            ,       0.453,     40.0666,       0.453,     26.2575,            ,            ,            ,            ,            ,       0.453,     15.4229,       0.453,     20.6159,            ,            ,            ,   19472.880,       0.747,       0.453,      9.6894,       0.453,     92.0134,            ,            ,            ,            ,            ,       0.453,     52.0654,       0.453,     14.4671,            ,            ,            ,   19774.136,       0.761,       0.453,    172.3166,       0.453,     63.4221,            ,            ,            ,
                              ,   19095.890,       1.044,       0.457,    102.3214,       0.457,     63.6156,            ,            ,            ,            ,            ,       0.457,     52.6267,       0.457,     24.8126,            ,            ,            ,            ,            ,       0.457,     21.8029,       0.457,     19.0455,            ,            ,            ,   19473.651,       0.771,       0.457,     13.2280,       0.457,     86.8082,            ,            ,            ,            ,            ,       0.457,     52.7242,       0.457,     14.1561,            ,            ,            ,   19774.924,       0.788,       0.457,     61.7590,       0.457,     59.5430,            ,            ,            ,
                              ,   19096.967,       1.077,       0.460,     27.7824,       0.460,     59.3408,            ,            ,            ,            ,            ,       0.460,     66.7001,       0.460,     23.4889,            ,            ,            ,            ,            ,       0.460,     27.5254,       0.460,     17.6479,            ,            ,            ,   19474.445,       0.794,       0.460,     17.6730,       0.460,     81.9273,            ,            ,            ,            ,            ,       0.460,     51.8187,       0.460,     13.8643,            ,            ,            ,   19775.761,       0.837,       0.460,      8.2224,       0.460,     56.0006,            ,            ,            ,
                              ,   19098.039,       1.072,       0.463,     21.5829,       0.463,     55.2708,            ,            ,            ,            ,            ,       0.463,     79.8715,       0.463,     22.2752,            ,            ,            ,            ,            ,       0.463,     31.7794,       0.463,     16.4005,            ,            ,            ,   19475.237,       0.792,       0.463,     28.5293,       0.463,     77.3619,            ,            ,            ,            ,            ,       0.463,     49.2324,       0.463,     13.5913,            ,            ,            ,   19776.606,       0.845,       0.463,     35.0476,       0.463,     52.7626,            ,            ,            ,
                              ,   19099.110,       1.071,       0.467,     17.2437,       0.467,     51.4228,            ,            ,            ,            ,            ,       0.467,     89.6049,       0.467,     21.1619,            ,            ,            ,            ,            ,       0.467,     33.9492,       0.467,     15.2841,            ,            ,            ,   19476.022,       0.785,       0.467,      4.2122,       0.467,     73.1005,            ,            ,            ,            ,            ,       0.467,     45.0809,       0.467,     13.3367,            ,            ,            ,   19777.407,       0.801,       0.467,     70.0990,       0.467,     49.8002,            ,            ,            ,
                              ,   19100.154,       1.044,       0.470,      2.4554,       0.470,     47.8072,            ,            ,            ,            ,            ,       0.470,     94.0788,       0.470,     20.1400,            ,            ,            ,            ,            ,       0.470,     33.7249,       0.470,     14.2823,            ,            ,            ,   19476.793,       0.771,       0.470,      8.0535,       0.470,     69.1297,            ,            ,            ,            ,            ,       0.470,     39.6941,       0.470,     13.1002,            ,            ,            ,   19778.209,       0.802,       0.470,    205.8449,       0.470,     47.0874,            ,            ,            ,
                              ,   19101.200,       1.046,       0.473,     42.6872,       0.473,     44.4285,            ,            ,            ,            ,            ,       0.473,     92.7527,       0.473,     19.2015,            ,            ,            ,            ,            ,       0.473,     31.1981,       0.473,     13.3811,            ,            ,            ,   19477.559,       0.766,       0.473,     17.5293,       0.473,     65.4347,            ,            ,            ,            ,            ,       0.473,     33.5560,       0.473,     12.8813,            ,            ,            ,   19779.046,       0.837,       0.473,    209.4767,       0.473,     44.6010,            ,            ,            ,
                              ,   19102.246,       1.046,       0.477,     15.1203,       0.477,     41.2862,            ,            ,            ,            ,            ,       0.477,     86.4348,       0.477,     18.3394,            ,            ,            ,            ,            ,       0.477,     26.8690,       0.477,     12.5684,            ,            ,            ,   19478.312,       0.753,       0.477,     13.1384,       0.477,     62.0002,            ,            ,            ,            ,            ,       0.477,     27.2173,       0.477,     12.6798,            ,            ,            ,   19779.914,       0.868,       0.477,     94.9853,       0.477,     42.3200,            ,            ,            ,
                              ,   19103.309,       1.063,       0.480,     18.4081,       0.480,     38.3754,            ,            ,            ,            ,            ,       0.480,     76.8642,       0.480,     17.5472,            ,            ,            ,            ,            ,       0.480,     21.5307,       0.480,     11.8338,            ,            ,            ,   19479.058,       0.746,       0.480,      6.5644,       0.480,     58.8103,            ,            ,            ,            ,            ,       0.480,     21.2029,       0.480,     12.4953,            ,            ,            ,   19781.137,       0.952,       0.480,     52.6328,       0.480,     40.2256,            ,            ,            ,
                              ,   19104.384,       1.075,       0.483,     45.2970,       0.483,     35.6883,            ,            ,            ,            ,            ,       0.483,     66.0297,       0.483,     16.8188,            ,            ,            ,            ,            ,       0.483,     16.0627,       0.483,     11.1685,            ,            ,            ,   19479.805,       0.747,       0.483,     34.4813,       0.483,     55.8494,            ,            ,            ,            ,            ,       0.483,     15.9331,       0.483,     12.3276,            ,            ,            ,   19782.252,       1.031,       0.483,     80.1163,       0.483,     38.3009,            ,            ,            ,
                              ,   19105.452,       1.068,       0.487,      2.0693,       0.487,     33.2147,            ,            ,            ,            ,            ,       0.487,     55.5298,       0.487,     16.1489,            ,            ,            ,            ,            ,       0.487,     11.2166,       0.487,     10.5646,            ,            ,            ,   19480.550,       0.745,       0.487,     27.0938,       0.487,     53.1019,            ,            ,            ,            ,            ,       0.487,     11.6735,       0.487,     12.1765,            ,            ,            ,   19783.260,       1.008,       0.487,    115.9522,       0.487,     36.5306,            ,            ,            ,
                              ,   19106.523,       1.071,       0.490,     32.1952,       0.490,     30.9426,            ,            ,            ,            ,            ,       0.490,     46.2150,       0.490,     15.5325,            ,            ,            ,            ,            ,       0.490,      7.4787,       0.490,     10.0154,            ,            ,            ,   19481.312,       0.762,       0.490,      0.0510,       0.490,     50.5529,            ,            ,            ,            ,            ,       0.490,      8.5190,       0.490,     12.0417,            ,            ,            ,   19784.120,       0.860,       0.490,     68.5668,       0.490,     34.9010,            ,            ,            ,
                              ,   19107.596,       1.073,       0.493,     48.1834,       0.493,     28.8592,            ,            ,            ,            ,            ,       0.493,     38.2039,       0.493,     14.9648,            ,            ,            ,            ,            ,       0.493,      5.0464,       0.493,      9.5149,            ,            ,            ,   19482.079,       0.767,       0.493,      1.3955,       0.493,     48.1881,            ,            ,            ,            ,            ,       0.493,      6.4081,       0.493,     11.9231,            ,            ,            ,   19784.907,       0.787,       0.493,     35.1044,       0.493,     33.3997,            ,            ,            ,
                              ,   19108.695,       1.099,       0.497,     34.6005,       0.497,     26.9514,            ,            ,            ,            ,            ,       0.497,     31.1882,       0.497,     14.4416,            ,            ,            ,            ,            ,       0.497,      3.8954,       0.497,      9.0582,            ,            ,            ,   19482.836,       0.757,       0.497,     25.2942,       0.497,     45.9938,            ,            ,            ,            ,            ,       0.497,      5.1598,       0.497,     11.8207,            ,            ,            ,   19785.732,       0.825,       0.497,     32.0609,       0.497,     32.0155,            ,            ,            ,
                              ,   19109.805,       1.110,       0.500,     23.0838,       0.500,     25.2057,            ,            ,            ,            ,            ,       0.500,     24.8323,       0.500,     13.9586,            ,            ,            ,            ,            ,       0.500,      3.8769,       0.500,      8.6405,            ,            ,            ,   19483.592,       0.756,       0.500,     26.7985,       0.500,     43.9571,            ,            ,            ,            ,            ,       0.500,      4.5234,       0.500,     11.7343,            ,            ,            ,   19786.926,       0.977,       0.500,     78.3581,       0.500,     30.7382,            ,            ,            ,
                              ,   19110.906,       1.101,            ,            ,            ,            ,            ,            ,            ,            ,            ,            ,            ,            ,            ,            ,            ,            ,            ,            ,            ,            ,            ,            ,            ,            ,            ,   19484.346,       0.754,            ,            ,            ,            ,            ,            ,            ,            ,            ,            ,            ,            ,            ,            ,            ,            ,   19788.006,       1.080,            ,            ,            ,            ,            ,            ,            ,
                              ,   19111.955,       1.049,            ,            ,            ,            ,            ,            ,            ,            ,            ,            ,            ,            ,            ,            ,            ,            ,            ,            ,            ,            ,            ,            ,            ,            ,            ,   19485.106,       0.760,            ,            ,            ,            ,            ,            ,            ,            ,            ,            ,            ,            ,            ,            ,            ,            ,   19789.010,       1.004,            ,            ,            ,            ,            ,            ,            ,
                              ,   19112.975,       1.020,            ,            ,            ,            ,            ,            ,            ,            ,            ,            ,            ,            ,            ,            ,            ,            ,            ,            ,            ,            ,            ,            ,            ,            ,            ,   19485.871,       0.765,            ,            ,            ,            ,            ,            ,            ,            ,            ,            ,            ,            ,            ,            ,            ,            ,   19789.912,       0.902,            ,            ,            ,            ,            ,            ,            ,
                              ,   19113.963,       0.988,            ,            ,            ,            ,            ,            ,            ,            ,            ,            ,            ,            ,            ,            ,            ,            ,            ,            ,            ,            ,            ,            ,            ,            ,            ,   19486.630,       0.759,            ,            ,            ,            ,            ,            ,            ,            ,            ,            ,            ,            ,            ,            ,            ,            ,   19790.742,       0.830,            ,            ,            ,            ,            ,            ,            ,
                              ,   19114.956,       0.993,            ,            ,            ,            ,            ,            ,            ,            ,            ,            ,            ,            ,            ,            ,            ,            ,            ,            ,            ,            ,            ,            ,            ,            ,            ,   19487.378,       0.748,            ,            ,            ,            ,            ,            ,            ,            ,            ,            ,            ,            ,            ,            ,            ,            ,   19791.586,       0.844,            ,            ,            ,            ,            ,            ,            ,
                              ,   19115.951,       0.995,            ,            ,            ,            ,            ,            ,            ,            ,            ,            ,            ,            ,            ,            ,            ,            ,            ,            ,            ,            ,            ,            ,            ,            ,            ,   19488.114,       0.736,            ,            ,            ,            ,            ,            ,            ,            ,            ,            ,            ,            ,            ,            ,            ,            ,   19792.755,       0.980,            ,            ,            ,            ,            ,            ,            ,
                              ,   19116.954,       1.003,            ,            ,            ,            ,            ,            ,            ,            ,            ,            ,            ,            ,            ,            ,            ,            ,            ,            ,            ,            ,            ,            ,            ,            ,            ,   19488.846,       0.732,            ,            ,            ,            ,            ,            ,            ,            ,            ,            ,            ,            ,            ,            ,            ,            ,   19793.817,       1.062,            ,            ,            ,            ,            ,            ,            ,
                              ,   19117.995,       1.041,            ,            ,            ,            ,            ,            ,            ,            ,            ,            ,            ,            ,            ,            ,            ,            ,            ,            ,            ,            ,            ,            ,            ,            ,            ,   19489.594,       0.748,            ,            ,            ,            ,            ,            ,            ,            ,            ,            ,            ,            ,            ,            ,            ,            ,   19794.771,       0.954,            ,            ,            ,            ,            ,            ,            ,
                              ,   19119.035,       1.040,            ,            ,            ,            ,            ,            ,            ,            ,            ,            ,            ,            ,            ,            ,            ,            ,            ,            ,            ,            ,            ,            ,            ,            ,            ,   19490.344,       0.750,            ,            ,            ,            ,            ,            ,            ,            ,            ,            ,            ,            ,            ,            ,            ,            ,   19795.641,       0.870,            ,            ,            ,            ,            ,            ,            ,
                              ,   19120.046,       1.011,            ,            ,            ,            ,            ,            ,            ,            ,            ,            ,            ,            ,            ,            ,            ,            ,            ,            ,            ,            ,            ,            ,            ,            ,            ,   19491.110,       0.766,            ,            ,            ,            ,            ,            ,            ,            ,            ,            ,            ,            ,            ,            ,            ,            ,   19796.538,       0.897,            ,            ,            ,            ,            ,            ,            ,
                              ,   19121.047,       1.001,            ,            ,            ,            ,            ,            ,            ,            ,            ,            ,            ,            ,            ,            ,            ,            ,            ,            ,            ,            ,            ,            ,            ,            ,            ,   19491.882,       0.772,            ,            ,            ,            ,            ,            ,            ,            ,            ,            ,            ,            ,            ,            ,            ,            ,   19797.443,       0.905,            ,            ,            ,            ,            ,            ,            ,
                              ,   19122.055,       1.008,            ,            ,            ,            ,            ,            ,            ,            ,            ,            ,            ,            ,            ,            ,            ,            ,            ,            ,            ,            ,            ,            ,            ,            ,            ,   19492.653,       0.771,            ,            ,            ,            ,            ,            ,            ,            ,            ,            ,            ,            ,            ,            ,            ,            ,   19798.294,       0.851,            ,            ,            ,            ,            ,            ,            ,
                              ,   19123.089,       1.034,            ,            ,            ,            ,            ,            ,            ,            ,            ,            ,            ,            ,            ,            ,            ,            ,            ,            ,            ,            ,            ,            ,            ,            ,            ,   19493.422,       0.769,            ,            ,            ,            ,            ,            ,            ,            ,            ,            ,            ,            ,            ,            ,            ,            ,   19799.191,       0.897,            ,            ,            ,            ,            ,            ,            ,
                              ,   19124.143,       1.054,            ,            ,            ,            ,            ,            ,            ,            ,            ,            ,            ,            ,            ,            ,            ,            ,            ,            ,            ,            ,            ,            ,            ,            ,            ,   19494.198,       0.776,            ,            ,            ,            ,            ,            ,            ,            ,            ,            ,            ,            ,            ,            ,            ,            ,   19800.179,       0.988,            ,            ,            ,            ,            ,            ,            ,
                              ,   19125.225,       1.082,            ,            ,            ,            ,            ,            ,            ,            ,            ,            ,            ,            ,            ,            ,            ,            ,            ,            ,            ,            ,            ,            ,            ,            ,            ,   19494.977,       0.779,            ,            ,            ,            ,            ,            ,            ,            ,            ,            ,            ,            ,            ,            ,            ,            ,   19801.106,       0.927,            ,            ,            ,            ,            ,            ,            ,
                              ,   19126.327,       1.102,            ,            ,            ,            ,            ,            ,            ,            ,            ,            ,            ,            ,            ,            ,            ,            ,            ,            ,            ,            ,            ,            ,            ,            ,            ,   19495.772,       0.795,            ,            ,            ,            ,            ,            ,            ,            ,            ,            ,            ,            ,            ,            ,            ,            ,   19801.958,       0.852,            ,            ,            ,            ,            ,            ,            ,
                              ,   19127.462,       1.135,            ,            ,            ,            ,            ,            ,            ,            ,            ,            ,            ,            ,            ,            ,            ,            ,            ,            ,            ,            ,            ,            ,            ,            ,            ,   19496.547,       0.775,            ,            ,            ,            ,            ,            ,            ,            ,            ,            ,            ,            ,            ,            ,            ,            ,   19802.794,       0.836,            ,            ,            ,            ,            ,            ,            ,
                              ,   19128.557,       1.095,            ,            ,            ,            ,            ,            ,            ,            ,            ,            ,            ,            ,            ,            ,            ,            ,            ,            ,            ,            ,            ,            ,            ,            ,            ,   19497.306,       0.759,            ,            ,            ,            ,            ,            ,            ,            ,            ,            ,            ,            ,            ,            ,            ,            ,   19803.723,       0.929,            ,            ,            ,            ,            ,            ,            ,
                              ,   19129.657,       1.100,            ,            ,            ,            ,            ,            ,            ,            ,            ,            ,            ,            ,            ,            ,            ,            ,            ,            ,            ,            ,            ,            ,            ,            ,            ,   19498.043,       0.737,            ,            ,            ,            ,            ,            ,            ,            ,            ,            ,            ,            ,            ,            ,            ,            ,   19804.747,       1.024,            ,            ,            ,            ,            ,            ,            ,
                              ,   19130.704,       1.047,            ,            ,            ,            ,            ,            ,            ,            ,            ,            ,            ,            ,            ,            ,            ,            ,            ,            ,            ,            ,            ,            ,            ,            ,            ,   19498.765,       0.722,            ,            ,            ,            ,            ,            ,            ,            ,            ,            ,            ,            ,            ,            ,            ,            ,   19805.622,       0.875,            ,            ,            ,            ,            ,            ,            ,
                              ,   19132.839,       1.048,            ,            ,            ,            ,            ,            ,            ,            ,            ,            ,            ,            ,            ,            ,            ,            ,            ,            ,            ,            ,            ,            ,            ,            ,            ,   19499.471,       0.706,            ,            ,            ,            ,            ,            ,            ,            ,            ,            ,            ,            ,            ,            ,            ,            ,   19806.471,       0.849,            ,            ,            ,            ,            ,            ,            ,
                              ,   19133.928,       1.089,            ,            ,            ,            ,            ,            ,            ,            ,            ,            ,            ,            ,            ,            ,            ,            ,            ,            ,            ,            ,            ,            ,            ,            ,            ,   19500.166,       0.695,            ,            ,            ,            ,            ,            ,            ,            ,            ,            ,            ,            ,            ,            ,            ,            ,   19807.376,       0.905,            ,            ,            ,            ,            ,            ,            ,
                              ,   19135.032,       1.104,            ,            ,            ,            ,            ,            ,            ,            ,            ,            ,            ,            ,            ,            ,            ,            ,            ,            ,            ,            ,            ,            ,            ,            ,            ,   19500.855,       0.689,            ,            ,            ,            ,            ,            ,            ,            ,            ,            ,            ,            ,            ,            ,            ,            ,   19808.285,       0.909,            ,            ,            ,            ,            ,            ,            ,
                              ,   19136.095,       1.063,            ,            ,            ,            ,            ,            ,            ,            ,            ,            ,            ,            ,            ,            ,            ,            ,            ,            ,            ,            ,            ,            ,            ,            ,            ,   19501.545,       0.690,            ,            ,            ,            ,            ,            ,            ,            ,            ,            ,            ,            ,            ,            ,            ,            ,   19809.147,       0.862,            ,            ,            ,            ,            ,            ,            ,
                              ,   19137.136,       1.041,            ,            ,            ,            ,            ,            ,            ,            ,            ,            ,            ,            ,            ,            ,            ,            ,            ,            ,            ,            ,            ,            ,            ,            ,            ,   19502.237,       0.692,            ,            ,            ,            ,            ,            ,            ,            ,            ,            ,            ,            ,            ,            ,            ,            ,   19810.049,       0.902,            ,            ,            ,            ,            ,            ,            ,
                              ,   19138.148,       1.012,            ,            ,            ,            ,            ,            ,            ,            ,            ,            ,            ,            ,            ,            ,            ,            ,            ,            ,            ,            ,            ,            ,            ,            ,            ,   19502.938,       0.701,            ,            ,            ,            ,            ,            ,            ,            ,            ,            ,            ,            ,            ,            ,            ,            ,   19811.082,       1.033,            ,            ,            ,            ,            ,            ,            ,
                              ,   19139.173,       1.025,            ,            ,            ,            ,            ,            ,            ,            ,            ,            ,            ,            ,            ,            ,            ,            ,            ,            ,            ,            ,            ,            ,            ,            ,            ,   19503.649,       0.711,            ,            ,            ,            ,            ,            ,            ,            ,            ,            ,            ,            ,            ,            ,            ,            ,   19812.012,       0.930,            ,            ,            ,            ,            ,            ,            ,
                              ,   19140.218,       1.045,            ,            ,            ,            ,            ,            ,            ,            ,            ,            ,            ,            ,            ,            ,            ,            ,            ,            ,            ,            ,            ,            ,            ,            ,            ,   19504.369,       0.720,            ,            ,            ,            ,            ,            ,            ,            ,            ,            ,            ,            ,            ,            ,            ,            ,   19812.898,       0.886,            ,            ,            ,            ,            ,            ,            ,
                              ,   19141.278,       1.060,            ,            ,            ,            ,            ,            ,            ,            ,            ,            ,            ,            ,            ,            ,            ,            ,            ,            ,            ,            ,            ,            ,            ,            ,            ,   19505.104,       0.735,            ,            ,            ,            ,            ,            ,            ,            ,            ,            ,            ,            ,            ,            ,            ,            ,   19813.809,       0.911,            ,            ,            ,            ,            ,            ,            ,
                              ,   19142.382,       1.104,            ,            ,            ,            ,            ,            ,            ,            ,            ,            ,            ,            ,            ,            ,            ,            ,            ,            ,            ,            ,            ,            ,            ,            ,            ,   19505.837,       0.733,            ,            ,            ,            ,            ,            ,            ,            ,            ,            ,            ,            ,            ,            ,            ,            ,   19814.670,       0.861,            ,            ,            ,            ,            ,            ,            ,
                              ,   19143.459,       1.077,            ,            ,            ,            ,            ,            ,            ,            ,            ,            ,            ,            ,            ,            ,            ,            ,            ,            ,            ,            ,            ,            ,            ,            ,            ,   19506.584,       0.747,            ,            ,            ,            ,            ,            ,            ,            ,            ,            ,            ,            ,            ,            ,            ,            ,   19815.494,       0.824,            ,            ,            ,            ,            ,            ,            ,
                              ,   19144.507,       1.048,            ,            ,            ,            ,            ,            ,            ,            ,            ,            ,            ,            ,            ,            ,            ,            ,            ,            ,            ,            ,            ,            ,            ,            ,            ,   19507.328,       0.744,            ,            ,            ,            ,            ,            ,            ,            ,            ,            ,            ,            ,            ,            ,            ,            ,   19816.356,       0.862,            ,            ,            ,            ,            ,            ,            ,
                              ,   19145.551,       1.044,            ,            ,            ,            ,            ,            ,            ,            ,            ,            ,            ,            ,            ,            ,            ,            ,            ,            ,            ,            ,            ,            ,            ,            ,            ,   19508.072,       0.744,            ,            ,            ,            ,            ,            ,            ,            ,            ,            ,            ,            ,            ,            ,            ,            ,   19817.605,       1.020,            ,            ,            ,            ,            ,            ,            ,
                              ,   19146.563,       1.012,            ,            ,            ,            ,            ,            ,            ,            ,            ,            ,            ,            ,            ,            ,            ,            ,            ,            ,            ,            ,            ,            ,            ,            ,            ,   19508.807,       0.735,            ,            ,            ,            ,            ,            ,            ,            ,            ,            ,            ,            ,            ,            ,            ,            ,   19818.735,       1.130,            ,            ,            ,            ,            ,            ,            ,
                              ,   19147.599,       1.036,            ,            ,            ,            ,            ,            ,            ,            ,            ,            ,            ,            ,            ,            ,            ,            ,            ,            ,            ,            ,            ,            ,            ,            ,            ,   19509.535,       0.728,            ,            ,            ,            ,            ,            ,            ,            ,            ,            ,            ,            ,            ,            ,            ,            ,   19819.815,       1.080,            ,            ,            ,            ,            ,            ,            ,
                              ,   19148.650,       1.051,            ,            ,            ,            ,            ,            ,            ,            ,            ,            ,            ,            ,            ,            ,            ,            ,            ,            ,            ,            ,            ,            ,            ,            ,            ,   19510.260,       0.725,            ,            ,            ,            ,            ,            ,            ,            ,            ,            ,            ,            ,            ,            ,            ,            ,   19820.894,       1.079,            ,            ,            ,            ,            ,            ,            ,
                              ,   19149.720,       1.070,            ,            ,            ,            ,            ,            ,            ,            ,            ,            ,            ,            ,            ,            ,            ,            ,            ,            ,            ,            ,            ,            ,            ,            ,            ,   19510.976,       0.716,            ,            ,            ,            ,            ,            ,            ,            ,            ,            ,            ,            ,            ,            ,            ,            ,   19821.868,       0.974,            ,            ,            ,            ,            ,            ,            ,
                              ,   19150.792,       1.072,            ,            ,            ,            ,            ,            ,            ,            ,            ,            ,            ,            ,            ,            ,            ,            ,            ,            ,            ,            ,            ,            ,            ,            ,            ,   19511.685,       0.709,            ,            ,            ,            ,            ,            ,            ,            ,            ,            ,            ,            ,            ,            ,            ,            ,   19822.730,       0.862,            ,            ,            ,            ,            ,            ,            ,
                              ,   19151.831,       1.039,            ,            ,            ,            ,            ,            ,            ,            ,            ,            ,            ,            ,            ,            ,            ,            ,            ,            ,            ,            ,            ,            ,            ,            ,            ,   19512.389,       0.704,            ,            ,            ,            ,            ,            ,            ,            ,            ,            ,            ,            ,            ,            ,            ,            ,   19823.571,       0.841,            ,            ,            ,            ,            ,            ,            ,
                              ,   19152.841,       1.010,            ,            ,            ,            ,            ,            ,            ,            ,            ,            ,            ,            ,            ,            ,            ,            ,            ,            ,            ,            ,            ,            ,            ,            ,            ,   19513.085,       0.696,            ,            ,            ,            ,            ,            ,            ,            ,            ,            ,            ,            ,            ,            ,            ,            ,   19824.421,       0.850,            ,            ,            ,            ,            ,            ,            ,
                              ,   19153.835,       0.994,            ,            ,            ,            ,            ,            ,            ,            ,            ,            ,            ,            ,            ,            ,            ,            ,            ,            ,            ,            ,            ,            ,            ,            ,            ,   19513.779,       0.694,            ,            ,            ,            ,            ,            ,            ,            ,            ,            ,            ,            ,            ,            ,            ,            ,   19825.255,       0.834,            ,            ,            ,            ,            ,            ,            ,
                              ,   19154.817,       0.982,            ,            ,            ,            ,            ,            ,            ,            ,            ,            ,            ,            ,            ,            ,            ,            ,            ,            ,            ,            ,            ,            ,            ,            ,            ,   19514.469,       0.690,            ,            ,            ,            ,            ,            ,            ,            ,            ,            ,            ,            ,            ,            ,            ,            ,   19826.206,       0.951,            ,            ,            ,            ,            ,            ,            ,
                              ,   19155.813,       0.996,            ,            ,            ,            ,            ,            ,            ,            ,            ,            ,            ,            ,            ,            ,            ,            ,            ,            ,            ,            ,            ,            ,            ,            ,            ,   19515.158,       0.689,            ,            ,            ,            ,            ,            ,            ,            ,            ,            ,            ,            ,            ,            ,            ,            ,   19827.391,       1.185,            ,            ,            ,            ,            ,            ,            ,
                              ,   19156.826,       1.013,            ,            ,            ,            ,            ,            ,            ,            ,            ,            ,            ,            ,            ,            ,            ,            ,            ,            ,            ,            ,            ,            ,            ,            ,            ,   19515.845,       0.687,            ,            ,            ,            ,            ,            ,            ,            ,            ,            ,            ,            ,            ,            ,            ,            ,   19828.515,       1.124,            ,            ,            ,            ,            ,            ,            ,
                              ,   19157.834,       1.008,            ,            ,            ,            ,            ,            ,            ,            ,            ,            ,            ,            ,            ,            ,            ,            ,            ,            ,            ,            ,            ,            ,            ,            ,            ,   19516.533,       0.688,            ,            ,            ,            ,            ,            ,            ,            ,            ,            ,            ,            ,            ,            ,            ,            ,   19829.632,       1.117,            ,            ,            ,            ,            ,            ,            ,
                              ,   19158.872,       1.038,            ,            ,            ,            ,            ,            ,            ,            ,            ,            ,            ,            ,            ,            ,            ,            ,            ,            ,            ,            ,            ,            ,            ,            ,            ,   19517.224,       0.691,            ,            ,            ,            ,            ,            ,            ,            ,            ,            ,            ,            ,            ,            ,            ,            ,   19830.732,       1.100,            ,            ,            ,            ,            ,            ,            ,
                              ,   19159.901,       1.029,            ,            ,            ,            ,            ,            ,            ,            ,            ,            ,            ,            ,            ,            ,            ,            ,            ,            ,            ,            ,            ,            ,            ,            ,            ,   19517.921,       0.697,            ,            ,            ,            ,            ,            ,            ,            ,            ,            ,            ,            ,            ,            ,            ,            ,   19831.775,       1.043,            ,            ,            ,            ,            ,            ,            ,
                              ,   19160.902,       1.001,            ,            ,            ,            ,            ,            ,            ,            ,            ,            ,            ,            ,            ,            ,            ,            ,            ,            ,            ,            ,            ,            ,            ,            ,            ,   19518.635,       0.714,            ,            ,            ,            ,            ,            ,            ,            ,            ,            ,            ,            ,            ,            ,            ,            ,   19832.820,       1.045,            ,            ,            ,            ,            ,            ,            ,
                              ,   19161.874,       0.972,            ,            ,            ,            ,            ,            ,            ,            ,            ,            ,            ,            ,            ,            ,            ,            ,            ,            ,            ,            ,            ,            ,            ,            ,            ,   19519.352,       0.717,            ,            ,            ,            ,            ,            ,            ,            ,            ,            ,            ,            ,            ,            ,            ,            ,   19833.861,       1.041,            ,            ,            ,            ,            ,            ,            ,
                              ,   19162.836,       0.962,            ,            ,            ,            ,            ,            ,            ,            ,            ,            ,            ,            ,            ,            ,            ,            ,            ,            ,            ,            ,            ,            ,            ,            ,            ,   19520.077,       0.725,            ,            ,            ,            ,            ,            ,            ,            ,            ,            ,            ,            ,            ,            ,            ,            ,   19834.859,       0.998,            ,            ,            ,            ,            ,            ,            ,
                              ,   19163.814,       0.978,            ,            ,            ,            ,            ,            ,            ,            ,            ,            ,            ,            ,            ,            ,            ,            ,            ,            ,            ,            ,            ,            ,            ,            ,            ,   19520.807,       0.730,            ,            ,            ,            ,            ,            ,            ,            ,            ,            ,            ,            ,            ,            ,            ,            ,   19835.841,       0.982,            ,            ,            ,            ,            ,            ,            ,
                              ,   19164.808,       0.994,            ,            ,            ,            ,            ,            ,            ,            ,            ,            ,            ,            ,            ,            ,            ,            ,            ,            ,            ,            ,            ,            ,            ,            ,            ,   19521.548,       0.741,            ,            ,            ,            ,            ,            ,            ,            ,            ,            ,            ,            ,            ,            ,            ,            ,   19836.871,       1.030,            ,            ,            ,            ,            ,            ,            ,
                              ,   19165.812,       1.004,            ,            ,            ,            ,            ,            ,            ,            ,            ,            ,            ,            ,            ,            ,            ,            ,            ,            ,            ,            ,            ,            ,            ,            ,            ,   19522.283,       0.735,            ,            ,            ,            ,            ,            ,            ,            ,            ,            ,            ,            ,            ,            ,            ,            ,   19837.910,       1.039,            ,            ,            ,            ,            ,            ,            ,
                              ,   19166.855,       1.043,            ,            ,            ,            ,            ,            ,            ,            ,            ,            ,            ,            ,            ,            ,            ,            ,            ,            ,            ,            ,            ,            ,            ,            ,            ,   19523.013,       0.730,            ,            ,            ,            ,            ,            ,            ,            ,            ,            ,            ,            ,            ,            ,            ,            ,   19838.899,       0.989,            ,            ,            ,            ,            ,            ,            ,
                              ,   19167.891,       1.036,            ,            ,            ,            ,            ,            ,            ,            ,            ,            ,            ,            ,            ,            ,            ,            ,            ,            ,            ,            ,            ,            ,            ,            ,            ,   19523.744,       0.731,            ,            ,            ,            ,            ,            ,            ,            ,            ,            ,            ,            ,            ,            ,            ,            ,   19839.886,       0.987,            ,            ,            ,            ,            ,            ,            ,
                              ,   19168.920,       1.029,            ,            ,            ,            ,            ,            ,            ,            ,            ,            ,            ,            ,            ,            ,            ,            ,            ,            ,            ,            ,            ,            ,            ,            ,            ,   19524.466,       0.722,            ,            ,            ,            ,            ,            ,            ,            ,            ,            ,            ,            ,            ,            ,            ,            ,   19840.932,       1.046,            ,            ,            ,            ,            ,            ,            ,
                              ,   19169.948,       1.028,            ,            ,            ,            ,            ,            ,            ,            ,            ,            ,            ,            ,            ,            ,            ,            ,            ,            ,            ,            ,            ,            ,            ,            ,            ,   19525.188,       0.722,            ,            ,            ,            ,            ,            ,            ,            ,            ,            ,            ,            ,            ,            ,            ,            ,   19841.983,       1.051,            ,            ,            ,            ,            ,            ,            ,
                              ,   19170.967,       1.019,            ,            ,            ,            ,            ,            ,            ,            ,            ,            ,            ,            ,            ,            ,            ,            ,            ,            ,            ,            ,            ,            ,            ,            ,            ,   19525.908,       0.720,            ,            ,            ,            ,            ,            ,            ,            ,            ,            ,            ,            ,            ,            ,            ,            ,   19842.993,       1.010,            ,            ,            ,            ,            ,            ,            ,
                              ,   19172.009,       1.042,            ,            ,            ,            ,            ,            ,            ,            ,            ,            ,            ,            ,            ,            ,            ,            ,            ,            ,            ,            ,            ,            ,            ,            ,            ,   19526.623,       0.715,            ,            ,            ,            ,            ,            ,            ,            ,            ,            ,            ,            ,            ,            ,            ,            ,   19844.007,       1.014,            ,            ,            ,            ,            ,            ,            ,
                              ,   19173.030,       1.021,            ,            ,            ,            ,            ,            ,            ,            ,            ,            ,            ,            ,            ,            ,            ,            ,            ,            ,            ,            ,            ,            ,            ,            ,            ,   19527.339,       0.716,            ,            ,            ,            ,            ,            ,            ,            ,            ,            ,            ,            ,            ,            ,            ,            ,   19845.052,       1.045,            ,            ,            ,            ,            ,            ,            ,
                              ,   19174.071,       1.041,            ,            ,            ,            ,            ,            ,            ,            ,            ,            ,            ,            ,            ,            ,            ,            ,            ,            ,            ,            ,            ,            ,            ,            ,            ,   19528.051,       0.712,            ,            ,            ,            ,            ,            ,            ,            ,            ,            ,            ,            ,            ,            ,            ,            ,   19846.058,       1.006,            ,            ,            ,            ,            ,            ,            ,
                              ,   19175.132,       1.061,            ,            ,            ,            ,            ,            ,            ,            ,            ,            ,            ,            ,            ,            ,            ,            ,            ,            ,            ,            ,            ,            ,            ,            ,            ,   19528.765,       0.714,            ,            ,            ,            ,            ,            ,            ,            ,            ,            ,            ,            ,            ,            ,            ,            ,   19847.051,       0.993,            ,            ,            ,            ,            ,            ,            ,
                              ,   19176.211,       1.079,            ,            ,            ,            ,            ,            ,            ,            ,            ,            ,            ,            ,            ,            ,            ,            ,            ,            ,            ,            ,            ,            ,            ,            ,            ,   19529.476,       0.711,            ,            ,            ,            ,            ,            ,            ,            ,            ,            ,            ,            ,            ,            ,            ,            ,   19848.055,       1.004,            ,            ,            ,            ,            ,            ,            ,
                              ,   19177.270,       1.059,            ,            ,            ,            ,            ,            ,            ,            ,            ,            ,            ,            ,            ,            ,            ,            ,            ,            ,            ,            ,            ,            ,            ,            ,            ,   19530.181,       0.705,            ,            ,            ,            ,            ,            ,            ,            ,            ,            ,            ,            ,            ,            ,            ,            ,   19849.071,       1.016,            ,            ,            ,            ,            ,            ,            ,
                              ,   19178.325,       1.055,            ,            ,            ,            ,            ,            ,            ,            ,            ,            ,            ,            ,            ,            ,            ,            ,            ,            ,            ,            ,            ,            ,            ,            ,            ,   19530.887,       0.706,            ,            ,            ,            ,            ,            ,            ,            ,            ,            ,            ,            ,            ,            ,            ,            ,   19850.035,       0.964,            ,            ,            ,            ,            ,            ,            ,
                              ,   19179.358,       1.033,            ,            ,            ,            ,            ,            ,            ,            ,            ,            ,            ,            ,            ,            ,            ,            ,            ,            ,            ,            ,            ,            ,            ,            ,            ,   19531.595,       0.708,            ,            ,            ,            ,            ,            ,            ,            ,            ,            ,            ,            ,            ,            ,            ,            ,   19851.005,       0.970,            ,            ,            ,            ,            ,            ,            ,
                              ,   19180.365,       1.007,            ,            ,            ,            ,            ,            ,            ,            ,            ,            ,            ,            ,            ,            ,            ,            ,            ,            ,            ,            ,            ,            ,            ,            ,            ,   19532.304,       0.709,            ,            ,            ,            ,            ,            ,            ,            ,            ,            ,            ,            ,            ,            ,            ,            ,   19852.033,       1.028,            ,            ,            ,            ,            ,            ,            ,
                              ,   19181.372,       1.007,            ,            ,            ,            ,            ,            ,            ,            ,            ,            ,            ,            ,            ,            ,            ,            ,            ,            ,            ,            ,            ,            ,            ,            ,            ,   19533.005,       0.701,            ,            ,            ,            ,            ,            ,            ,            ,            ,            ,            ,            ,            ,            ,            ,            ,   19853.038,       1.005,            ,            ,            ,            ,            ,            ,            ,
                              ,   19182.383,       1.011,            ,            ,            ,            ,            ,            ,            ,            ,            ,            ,            ,            ,            ,            ,            ,            ,            ,            ,            ,            ,            ,            ,            ,            ,            ,   19533.708,       0.703,            ,            ,            ,            ,            ,            ,            ,            ,            ,            ,            ,            ,            ,            ,            ,            ,   19854.024,       0.986,            ,            ,            ,            ,            ,            ,            ,
                              ,   19183.422,       1.039,            ,            ,            ,            ,            ,            ,            ,            ,            ,            ,            ,            ,            ,            ,            ,            ,            ,            ,            ,            ,            ,            ,            ,            ,            ,   19534.410,       0.702,            ,            ,            ,            ,            ,            ,            ,            ,            ,            ,            ,            ,            ,            ,            ,            ,   19855.068,       1.044,            ,            ,            ,            ,            ,            ,            ,
                              ,   19184.480,       1.058,            ,            ,            ,            ,            ,            ,            ,            ,            ,            ,            ,            ,            ,            ,            ,            ,            ,            ,            ,            ,            ,            ,            ,            ,            ,   19535.111,       0.701,            ,            ,            ,            ,            ,            ,            ,            ,            ,            ,            ,            ,            ,            ,            ,            ,   19856.111,       1.043,            ,            ,            ,            ,            ,            ,            ,
                              ,   19185.528,       1.048,            ,            ,            ,            ,            ,            ,            ,            ,            ,            ,            ,            ,            ,            ,            ,            ,            ,            ,            ,            ,            ,            ,            ,            ,            ,   19535.810,       0.699,            ,            ,            ,            ,            ,            ,            ,            ,            ,            ,            ,            ,            ,            ,            ,            ,   19857.115,       1.004,            ,            ,            ,            ,            ,            ,            ,
                              ,   19186.564,       1.036,            ,            ,            ,            ,            ,            ,            ,            ,            ,            ,            ,            ,            ,            ,            ,            ,            ,            ,            ,            ,            ,            ,            ,            ,            ,   19536.502,       0.692,            ,            ,            ,            ,            ,            ,            ,            ,            ,            ,            ,            ,            ,            ,            ,            ,   19858.136,       1.021,            ,            ,            ,            ,            ,            ,            ,
                              ,   19187.620,       1.056,            ,            ,            ,            ,            ,            ,            ,            ,            ,            ,            ,            ,            ,            ,            ,            ,            ,            ,            ,            ,            ,            ,            ,            ,            ,   19537.198,       0.696,            ,            ,            ,            ,            ,            ,            ,            ,            ,            ,            ,            ,            ,            ,            ,            ,   19859.166,       1.030,            ,            ,            ,            ,            ,            ,            ,
                              ,   19188.683,       1.063,            ,            ,            ,            ,            ,            ,            ,            ,            ,            ,            ,            ,            ,            ,            ,            ,            ,            ,            ,            ,            ,            ,            ,            ,            ,   19537.888,       0.690,            ,            ,            ,            ,            ,            ,            ,            ,            ,            ,            ,            ,            ,            ,            ,            ,   19860.161,       0.995,            ,            ,            ,            ,            ,            ,            ,
                              ,   19189.742,       1.059,            ,            ,            ,            ,            ,            ,            ,            ,            ,            ,            ,            ,            ,            ,            ,            ,            ,            ,            ,            ,            ,            ,            ,            ,            ,   19538.580,       0.692,            ,            ,            ,            ,            ,            ,            ,            ,            ,            ,            ,            ,            ,            ,            ,            ,   19861.182,       1.021,            ,            ,            ,            ,            ,            ,            ,
                              ,   19190.794,       1.052,            ,            ,            ,            ,            ,            ,            ,            ,            ,            ,            ,            ,            ,            ,            ,            ,            ,            ,            ,            ,            ,            ,            ,            ,            ,   19539.272,       0.692,            ,            ,            ,            ,            ,            ,            ,            ,            ,            ,            ,            ,            ,            ,            ,            ,   19862.207,       1.025,            ,            ,            ,            ,            ,            ,            ,
                              ,   19191.833,       1.039,            ,            ,            ,            ,            ,            ,            ,            ,            ,            ,            ,            ,            ,            ,            ,            ,            ,            ,            ,            ,            ,            ,            ,            ,            ,   19539.967,       0.695,            ,            ,            ,            ,            ,            ,            ,            ,            ,            ,            ,            ,            ,            ,            ,            ,   19863.197,       0.990,            ,            ,            ,            ,            ,            ,            ,
                              ,   19192.864,       1.031,            ,            ,            ,            ,            ,            ,            ,            ,            ,            ,            ,            ,            ,            ,            ,            ,            ,            ,            ,            ,            ,            ,            ,            ,            ,   19540.668,       0.701,            ,            ,            ,            ,            ,            ,            ,            ,            ,            ,            ,            ,            ,            ,            ,            ,   19864.206,       1.009,            ,            ,            ,            ,            ,            ,            ,
                              ,   19193.904,       1.040,            ,            ,            ,            ,            ,            ,            ,            ,            ,            ,            ,            ,            ,            ,            ,            ,            ,            ,            ,            ,            ,            ,            ,            ,            ,   19541.381,       0.713,            ,            ,            ,            ,            ,            ,            ,            ,            ,            ,            ,            ,            ,            ,            ,            ,   19865.228,       1.022,            ,            ,            ,            ,            ,            ,            ,
                              ,   19194.964,       1.060,            ,            ,            ,            ,            ,            ,            ,            ,            ,            ,            ,            ,            ,            ,            ,            ,            ,            ,            ,            ,            ,            ,            ,            ,            ,   19542.104,       0.723,            ,            ,            ,            ,            ,            ,            ,            ,            ,            ,            ,            ,            ,            ,            ,            ,   19866.237,       1.009,            ,            ,            ,            ,            ,            ,            ,
                              ,   19196.055,       1.091,            ,            ,            ,            ,            ,            ,            ,            ,            ,            ,            ,            ,            ,            ,            ,            ,            ,            ,            ,            ,            ,            ,            ,            ,            ,   19542.822,       0.718,            ,            ,            ,            ,            ,            ,            ,            ,            ,            ,            ,            ,            ,            ,            ,            ,   19867.246,       1.009,            ,            ,            ,            ,            ,            ,            ,
                              ,   19197.128,       1.073,            ,            ,            ,            ,            ,            ,            ,            ,            ,            ,            ,            ,            ,            ,            ,            ,            ,            ,            ,            ,            ,            ,            ,            ,            ,   19543.544,       0.722,            ,            ,            ,            ,            ,            ,            ,            ,            ,            ,            ,            ,            ,            ,            ,            ,   19868.278,       1.032,            ,            ,            ,            ,            ,            ,            ,
                              ,   19198.178,       1.050,            ,            ,            ,            ,            ,            ,            ,            ,            ,            ,            ,            ,            ,            ,            ,            ,            ,            ,            ,            ,            ,            ,            ,            ,            ,   19544.260,       0.716,            ,            ,            ,            ,            ,            ,            ,            ,            ,            ,            ,            ,            ,            ,            ,            ,   19869.276,       0.998,            ,            ,            ,            ,            ,            ,            ,
                              ,   19199.225,       1.047,            ,            ,            ,            ,            ,            ,            ,            ,            ,            ,            ,            ,            ,            ,            ,            ,            ,            ,            ,            ,            ,            ,            ,            ,            ,   19544.972,       0.712,            ,            ,            ,            ,            ,            ,            ,            ,            ,            ,            ,            ,            ,            ,            ,            ,   19870.284,       1.008,            ,            ,            ,            ,            ,            ,            ,
                              ,   19200.317,       1.092,            ,            ,            ,            ,            ,            ,            ,            ,            ,            ,            ,            ,            ,            ,            ,            ,            ,            ,            ,            ,            ,            ,            ,            ,            ,   19545.680,       0.708,            ,            ,            ,            ,            ,            ,            ,            ,            ,            ,            ,            ,            ,            ,            ,            ,   19871.333,       1.049,            ,            ,            ,            ,            ,            ,            ,
                              ,   19201.405,       1.088,            ,            ,            ,            ,            ,            ,            ,            ,            ,            ,            ,            ,            ,            ,            ,            ,            ,            ,            ,            ,            ,            ,            ,            ,            ,   19546.381,       0.701,            ,            ,            ,            ,            ,            ,            ,            ,            ,            ,            ,            ,            ,            ,            ,            ,   19872.357,       1.024,            ,            ,            ,            ,            ,            ,            ,
                              ,   19202.457,       1.052,            ,            ,            ,            ,            ,            ,            ,            ,            ,            ,            ,            ,            ,            ,            ,            ,            ,            ,            ,            ,            ,            ,            ,            ,            ,   19547.076,       0.695,            ,            ,            ,            ,            ,            ,            ,            ,            ,            ,            ,            ,            ,            ,            ,            ,   19873.369,       1.012,            ,            ,            ,            ,            ,            ,            ,
                              ,   19203.530,       1.073,            ,            ,            ,            ,            ,            ,            ,            ,            ,            ,            ,            ,            ,            ,            ,            ,            ,            ,            ,            ,            ,            ,            ,            ,            ,   19547.768,       0.692,            ,            ,            ,            ,            ,            ,            ,            ,            ,            ,            ,            ,            ,            ,            ,            ,   19874.415,       1.046,            ,            ,            ,            ,            ,            ,            ,
                              ,   19204.621,       1.091,            ,            ,            ,            ,            ,            ,            ,            ,            ,            ,            ,            ,            ,            ,            ,            ,            ,            ,            ,            ,            ,            ,            ,            ,            ,   19548.465,       0.697,            ,            ,            ,            ,            ,            ,            ,            ,            ,            ,            ,            ,            ,            ,            ,            ,   19875.448,       1.033,            ,            ,            ,            ,            ,            ,            ,
                              ,   19205.698,       1.077,            ,            ,            ,            ,            ,            ,            ,            ,            ,            ,            ,            ,            ,            ,            ,            ,            ,            ,            ,            ,            ,            ,            ,            ,            ,   19549.171,       0.706,            ,            ,            ,            ,            ,            ,            ,            ,            ,            ,            ,            ,            ,            ,            ,            ,   19876.454,       1.006,            ,            ,            ,            ,            ,            ,            ,
                              ,   19206.740,       1.042,            ,            ,            ,            ,            ,            ,            ,            ,            ,            ,            ,            ,            ,            ,            ,            ,            ,            ,            ,            ,            ,            ,            ,            ,            ,   19549.883,       0.712,            ,            ,            ,            ,            ,            ,            ,            ,            ,            ,            ,            ,            ,            ,            ,            ,   19877.510,       1.056,            ,            ,            ,            ,            ,            ,            ,
                              ,   19207.814,       1.074,            ,            ,            ,            ,            ,            ,            ,            ,            ,            ,            ,            ,            ,            ,            ,            ,            ,            ,            ,            ,            ,            ,            ,            ,            ,   19550.596,       0.713,            ,            ,            ,            ,            ,            ,            ,            ,            ,            ,            ,            ,            ,            ,            ,            ,   19878.565,       1.055,            ,            ,            ,            ,            ,            ,            ,
                              ,   19208.900,       1.086,            ,            ,            ,            ,            ,            ,            ,            ,            ,            ,            ,            ,            ,            ,            ,            ,            ,            ,            ,            ,            ,            ,            ,            ,            ,   19551.306,       0.710,            ,            ,            ,            ,            ,            ,            ,            ,            ,            ,            ,            ,            ,            ,            ,            ,   19879.582,       1.017,            ,            ,            ,            ,            ,            ,            ,
                              ,   19209.966,       1.066,            ,            ,            ,            ,            ,            ,            ,            ,            ,            ,            ,            ,            ,            ,            ,            ,            ,            ,            ,            ,            ,            ,            ,            ,            ,   19552.016,       0.710,            ,            ,            ,            ,            ,            ,            ,            ,            ,            ,            ,            ,            ,            ,            ,            ,   19880.631,       1.049,            ,            ,            ,            ,            ,            ,            ,
                              ,   19211.048,       1.082,            ,            ,            ,            ,            ,            ,            ,            ,            ,            ,            ,            ,            ,            ,            ,            ,            ,            ,            ,            ,            ,            ,            ,            ,            ,   19552.727,       0.711,            ,            ,            ,            ,            ,            ,            ,            ,            ,            ,            ,            ,            ,            ,            ,            ,   19881.705,       1.074,            ,            ,            ,            ,            ,            ,            ,
                              ,   19212.157,       1.109,            ,            ,            ,            ,            ,            ,            ,            ,            ,            ,            ,            ,            ,            ,            ,            ,            ,            ,            ,            ,            ,            ,            ,            ,            ,   19553.438,       0.711,            ,            ,            ,            ,            ,            ,            ,            ,            ,            ,            ,            ,            ,            ,            ,            ,   19882.755,       1.050,            ,            ,            ,            ,            ,            ,            ,
                              ,   19213.252,       1.095,            ,            ,            ,            ,            ,            ,            ,            ,            ,            ,            ,            ,            ,            ,            ,            ,            ,            ,            ,            ,            ,            ,            ,            ,            ,   19554.148,       0.710,            ,            ,            ,            ,            ,            ,            ,            ,            ,            ,            ,            ,            ,            ,            ,            ,   19883.804,       1.049,            ,            ,            ,            ,            ,            ,            ,
                              ,   19214.318,       1.066,            ,            ,            ,            ,            ,            ,            ,            ,            ,            ,            ,            ,            ,            ,            ,            ,            ,            ,            ,            ,            ,            ,            ,            ,            ,   19554.856,       0.708,            ,            ,            ,            ,            ,            ,            ,            ,            ,            ,            ,            ,            ,            ,            ,            ,   19884.884,       1.080,            ,            ,            ,            ,            ,            ,            ,
                              ,   19215.427,       1.109,            ,            ,            ,            ,            ,            ,            ,            ,            ,            ,            ,            ,            ,            ,            ,            ,            ,            ,            ,            ,            ,            ,            ,            ,            ,   19555.567,       0.711,            ,            ,            ,            ,            ,            ,            ,            ,            ,            ,            ,            ,            ,            ,            ,            ,   19885.936,       1.052,            ,            ,            ,            ,            ,            ,            ,
                              ,   19216.529,       1.102,            ,            ,            ,            ,            ,            ,            ,            ,            ,            ,            ,            ,            ,            ,            ,            ,            ,            ,            ,            ,            ,            ,            ,            ,            ,   19556.270,       0.703,            ,            ,            ,            ,            ,            ,            ,            ,            ,            ,            ,            ,            ,            ,            ,            ,   19886.973,       1.037,            ,            ,            ,            ,            ,            ,            ,
                              ,   19217.607,       1.078,            ,            ,            ,            ,            ,            ,            ,            ,            ,            ,            ,            ,            ,            ,            ,            ,            ,            ,            ,            ,            ,            ,            ,            ,            ,   19556.968,       0.698,            ,            ,            ,            ,            ,            ,            ,            ,            ,            ,            ,            ,            ,            ,            ,            ,   19887.991,       1.018,            ,            ,            ,            ,            ,            ,            ,
                              ,   19218.698,       1.091,            ,            ,            ,            ,            ,            ,            ,            ,            ,            ,            ,            ,            ,            ,            ,            ,            ,            ,            ,            ,            ,            ,            ,            ,            ,   19557.665,       0.697,            ,            ,            ,            ,            ,            ,            ,            ,            ,            ,            ,            ,            ,            ,            ,            ,   19889.034,       1.043,            ,            ,            ,            ,            ,            ,            ,
                              ,   19219.798,       1.100,            ,            ,            ,            ,            ,            ,            ,            ,            ,            ,            ,            ,            ,            ,            ,            ,            ,            ,            ,            ,            ,            ,            ,            ,            ,   19558.378,       0.713,            ,            ,            ,            ,            ,            ,            ,            ,            ,            ,            ,            ,            ,            ,            ,            ,   19890.095,       1.061,            ,            ,            ,            ,            ,            ,            ,
                              ,   19220.866,       1.068,            ,            ,            ,            ,            ,            ,            ,            ,            ,            ,            ,            ,            ,            ,            ,            ,            ,            ,            ,            ,            ,            ,            ,            ,            ,   19559.100,       0.722,            ,            ,            ,            ,            ,            ,            ,            ,            ,            ,            ,            ,            ,            ,            ,            ,   19891.129,       1.034,            ,            ,            ,            ,            ,            ,            ,
                              ,   19221.927,       1.061,            ,            ,            ,            ,            ,            ,            ,            ,            ,            ,            ,            ,            ,            ,            ,            ,            ,            ,            ,            ,            ,            ,            ,            ,            ,   19559.824,       0.724,            ,            ,            ,            ,            ,            ,            ,            ,            ,            ,            ,            ,            ,            ,            ,            ,   19892.140,       1.011,            ,            ,            ,            ,            ,            ,            ,
                              ,   19223.023,       1.096,            ,            ,            ,            ,            ,            ,            ,            ,            ,            ,            ,            ,            ,            ,            ,            ,            ,            ,            ,            ,            ,            ,            ,            ,            ,   19560.546,       0.722,            ,            ,            ,            ,            ,            ,            ,            ,            ,            ,            ,            ,            ,            ,            ,            ,   19893.169,       1.029,            ,            ,            ,            ,            ,            ,            ,
                              ,   19224.104,       1.081,            ,            ,            ,            ,            ,            ,            ,            ,            ,            ,            ,            ,            ,            ,            ,            ,            ,            ,            ,            ,            ,            ,            ,            ,            ,   19561.262,       0.716,            ,            ,            ,            ,            ,            ,            ,            ,            ,            ,            ,            ,            ,            ,            ,            ,   19894.227,       1.058,            ,            ,            ,            ,            ,            ,            ,
                              ,   19225.170,       1.066,            ,            ,            ,            ,            ,            ,            ,            ,            ,            ,            ,            ,            ,            ,            ,            ,            ,            ,            ,            ,            ,            ,            ,            ,            ,   19561.984,       0.722,            ,            ,            ,            ,            ,            ,            ,            ,            ,            ,            ,            ,            ,            ,            ,            ,   19895.250,       1.023,            ,            ,            ,            ,            ,            ,            ,
                              ,   19226.268,       1.098,            ,            ,            ,            ,            ,            ,            ,            ,            ,            ,            ,            ,            ,            ,            ,            ,            ,            ,            ,            ,            ,            ,            ,            ,            ,   19562.696,       0.712,            ,            ,            ,            ,            ,            ,            ,            ,            ,            ,            ,            ,            ,            ,            ,            ,   19896.247,       0.997,            ,            ,            ,            ,            ,            ,            ,
                              ,   19227.355,       1.087,            ,            ,            ,            ,            ,            ,            ,            ,            ,            ,            ,            ,            ,            ,            ,            ,            ,            ,            ,            ,            ,            ,            ,            ,            ,   19563.400,       0.704,            ,            ,            ,            ,            ,            ,            ,            ,            ,            ,            ,            ,            ,            ,            ,            ,   19897.254,       1.007,            ,            ,            ,            ,            ,            ,            ,
                              ,   19228.409,       1.054,            ,            ,            ,            ,            ,            ,            ,            ,            ,            ,            ,            ,            ,            ,            ,            ,            ,            ,            ,            ,            ,            ,            ,            ,            ,   19564.091,       0.691,            ,            ,            ,            ,            ,            ,            ,            ,            ,            ,            ,            ,            ,            ,            ,            ,   19898.293,       1.039,            ,            ,            ,            ,            ,            ,            ,
                              ,   19229.472,       1.063,            ,            ,            ,            ,            ,            ,            ,            ,            ,            ,            ,            ,            ,            ,            ,            ,            ,            ,            ,            ,            ,            ,            ,            ,            ,   19564.768,       0.677,            ,            ,            ,            ,            ,            ,            ,            ,            ,            ,            ,            ,            ,            ,            ,            ,   19899.344,       1.051,            ,            ,            ,            ,            ,            ,            ,
                              ,   19230.583,       1.111,            ,            ,            ,            ,            ,            ,            ,            ,            ,            ,            ,            ,            ,            ,            ,            ,            ,            ,            ,            ,            ,            ,            ,            ,            ,   19565.435,       0.667,            ,            ,            ,            ,            ,            ,            ,            ,            ,            ,            ,            ,            ,            ,            ,            ,   19900.345,       1.001,            ,            ,            ,            ,            ,            ,            ,
                              ,   19231.658,       1.075,            ,            ,            ,            ,            ,            ,            ,            ,            ,            ,            ,            ,            ,            ,            ,            ,            ,            ,            ,            ,            ,            ,            ,            ,            ,   19566.097,       0.662,            ,            ,            ,            ,            ,            ,            ,            ,            ,            ,            ,            ,            ,            ,            ,            ,   19901.324,       0.979,            ,            ,            ,            ,            ,            ,            ,
                              ,   19232.722,       1.064,            ,            ,            ,            ,            ,            ,            ,            ,            ,            ,            ,            ,            ,            ,            ,            ,            ,            ,            ,            ,            ,            ,            ,            ,            ,   19566.759,       0.662,            ,            ,            ,            ,            ,            ,            ,            ,            ,            ,            ,            ,            ,            ,            ,            ,   19902.313,       0.989,            ,            ,            ,            ,            ,            ,            ,
                              ,   19233.793,       1.071,            ,            ,            ,            ,            ,            ,            ,            ,            ,            ,            ,            ,            ,            ,            ,            ,            ,            ,            ,            ,            ,            ,            ,            ,            ,   19567.423,       0.664,            ,            ,            ,            ,            ,            ,            ,            ,            ,            ,            ,            ,            ,            ,            ,            ,   19903.349,       1.036,            ,            ,            ,            ,            ,            ,            ,
                              ,   19234.799,       1.006,            ,            ,            ,            ,            ,            ,            ,            ,            ,            ,            ,            ,            ,            ,            ,            ,            ,            ,            ,            ,            ,            ,            ,            ,            ,   19568.090,       0.667,            ,            ,            ,            ,            ,            ,            ,            ,            ,            ,            ,            ,            ,            ,            ,            ,   19904.401,       1.052,            ,            ,            ,            ,            ,            ,            ,
                              ,   19235.767,       0.968,            ,            ,            ,            ,            ,            ,            ,            ,            ,            ,            ,            ,            ,            ,            ,            ,            ,            ,            ,            ,            ,            ,            ,            ,            ,   19568.778,       0.688,            ,            ,            ,            ,            ,            ,            ,            ,            ,            ,            ,            ,            ,            ,            ,            ,   19905.419,       1.018,            ,            ,            ,            ,            ,            ,            ,
                              ,   19236.778,       1.011,            ,            ,            ,            ,            ,            ,            ,            ,            ,            ,            ,            ,            ,            ,            ,            ,            ,            ,            ,            ,            ,            ,            ,            ,            ,   19569.486,       0.708,            ,            ,            ,            ,            ,            ,            ,            ,            ,            ,            ,            ,            ,            ,            ,            ,   19906.413,       0.994,            ,            ,            ,            ,            ,            ,            ,
                              ,   19237.851,       1.073,            ,            ,            ,            ,            ,            ,            ,            ,            ,            ,            ,            ,            ,            ,            ,            ,            ,            ,            ,            ,            ,            ,            ,            ,            ,   19570.226,       0.740,            ,            ,            ,            ,            ,            ,            ,            ,            ,            ,            ,            ,            ,            ,            ,            ,   19907.405,       0.992,            ,            ,            ,            ,            ,            ,            ,
                              ,   19238.947,       1.096,            ,            ,            ,            ,            ,            ,            ,            ,            ,            ,            ,            ,            ,            ,            ,            ,            ,            ,            ,            ,            ,            ,            ,            ,            ,   19570.963,       0.737,            ,            ,            ,            ,            ,            ,            ,            ,            ,            ,            ,            ,            ,            ,            ,            ,   19908.421,       1.016,            ,            ,            ,            ,            ,            ,            ,
                              ,   19240.031,       1.084,            ,            ,            ,            ,            ,            ,            ,            ,            ,            ,            ,            ,            ,            ,            ,            ,            ,            ,            ,            ,            ,            ,            ,            ,            ,   19571.715,       0.752,            ,            ,            ,            ,            ,            ,            ,            ,            ,            ,            ,            ,            ,            ,            ,            ,   19909.465,       1.044,            ,            ,            ,            ,            ,            ,            ,
                              ,   19241.115,       1.084,            ,            ,            ,            ,            ,            ,            ,            ,            ,            ,            ,            ,            ,            ,            ,            ,            ,            ,            ,            ,            ,            ,            ,            ,            ,   19572.463,       0.748,            ,            ,            ,            ,            ,            ,            ,            ,            ,            ,            ,            ,            ,            ,            ,            ,   19910.498,       1.033,            ,            ,            ,            ,            ,            ,            ,
                              ,   19242.240,       1.125,            ,            ,            ,            ,            ,            ,            ,            ,            ,            ,            ,            ,            ,            ,            ,            ,            ,            ,            ,            ,            ,            ,            ,            ,            ,   19573.221,       0.758,            ,            ,            ,            ,            ,            ,            ,            ,            ,            ,            ,            ,            ,            ,            ,            ,   19911.498,       1.000,            ,            ,            ,            ,            ,            ,            ,
                              ,   19243.407,       1.167,            ,            ,            ,            ,            ,            ,            ,            ,            ,            ,            ,            ,            ,            ,            ,            ,            ,            ,            ,            ,            ,            ,            ,            ,            ,   19573.964,       0.743,            ,            ,            ,            ,            ,            ,            ,            ,            ,            ,            ,            ,            ,            ,            ,            ,   19912.495,       0.997,            ,            ,            ,            ,            ,            ,            ,
                              ,   19244.600,       1.193,            ,            ,            ,            ,            ,            ,            ,            ,            ,            ,            ,            ,            ,            ,            ,            ,            ,            ,            ,            ,            ,            ,            ,            ,            ,   19574.694,       0.730,            ,            ,            ,            ,            ,            ,            ,            ,            ,            ,            ,            ,            ,            ,            ,            ,   19913.497,       1.002,            ,            ,            ,            ,            ,            ,            ,
                              ,   19245.784,       1.184,            ,            ,            ,            ,            ,            ,            ,            ,            ,            ,            ,            ,            ,            ,            ,            ,            ,            ,            ,            ,            ,            ,            ,            ,            ,   19575.419,       0.725,            ,            ,            ,            ,            ,            ,            ,            ,            ,            ,            ,            ,            ,            ,            ,            ,   19914.542,       1.045,            ,            ,            ,            ,            ,            ,            ,
                              ,   19246.947,       1.163,            ,            ,            ,            ,            ,            ,            ,            ,            ,            ,            ,            ,            ,            ,            ,            ,            ,            ,            ,            ,            ,            ,            ,            ,            ,   19576.134,       0.715,            ,            ,            ,            ,            ,            ,            ,            ,            ,            ,            ,            ,            ,            ,            ,            ,   19915.607,       1.065,            ,            ,            ,            ,            ,            ,            ,
                              ,   19248.103,       1.156,            ,            ,            ,            ,            ,            ,            ,            ,            ,            ,            ,            ,            ,            ,            ,            ,            ,            ,            ,            ,            ,            ,            ,            ,            ,   19576.847,       0.713,            ,            ,            ,            ,            ,            ,            ,            ,            ,            ,            ,            ,            ,            ,            ,            ,   19916.666,       1.059,            ,            ,            ,            ,            ,            ,            ,
                              ,   19249.260,       1.157,            ,            ,            ,            ,            ,            ,            ,            ,            ,            ,            ,            ,            ,            ,            ,            ,            ,            ,            ,            ,            ,            ,            ,            ,            ,   19577.549,       0.702,            ,            ,            ,            ,            ,            ,            ,            ,            ,            ,            ,            ,            ,            ,            ,            ,   19917.712,       1.046,            ,            ,            ,            ,            ,            ,            ,
                              ,   19250.405,       1.145,            ,            ,            ,            ,            ,            ,            ,            ,            ,            ,            ,            ,            ,            ,            ,            ,            ,            ,            ,            ,            ,            ,            ,            ,            ,   19578.237,       0.688,            ,            ,            ,            ,            ,            ,            ,            ,            ,            ,            ,            ,            ,            ,            ,            ,   19918.740,       1.028,            ,            ,            ,            ,            ,            ,            ,
                              ,            ,            ,            ,            ,            ,            ,            ,            ,            ,            ,            ,            ,            ,            ,            ,            ,            ,            ,            ,            ,            ,            ,            ,            ,            ,            ,            ,   19578.921,       0.684,            ,            ,            ,            ,            ,            ,            ,            ,            ,            ,            ,            ,            ,            ,            ,            ,   19919.763,       1.023,            ,            ,            ,            ,            ,            ,            ,
                              ,            ,            ,            ,            ,            ,            ,            ,            ,            ,            ,            ,            ,            ,            ,            ,            ,            ,            ,            ,            ,            ,            ,            ,            ,            ,            ,            ,   19579.596,       0.675,            ,            ,            ,            ,            ,            ,            ,            ,            ,            ,            ,            ,            ,            ,            ,            ,   19920.798,       1.035,            ,            ,            ,            ,            ,            ,            ,
                              ,            ,            ,            ,            ,            ,            ,            ,            ,            ,            ,            ,            ,            ,            ,            ,            ,            ,            ,            ,            ,            ,            ,            ,            ,            ,            ,            ,   19580.265,       0.669,            ,            ,            ,            ,            ,            ,            ,            ,            ,            ,            ,            ,            ,            ,            ,            ,   19921.855,       1.057,            ,            ,            ,            ,            ,            ,            ,
                              ,            ,            ,            ,            ,            ,            ,            ,            ,            ,            ,            ,            ,            ,            ,            ,            ,            ,            ,            ,            ,            ,            ,            ,            ,            ,            ,            ,   19580.926,       0.661,            ,            ,            ,            ,            ,            ,            ,            ,            ,            ,            ,            ,            ,            ,            ,            ,   19922.914,       1.059,            ,            ,            ,            ,            ,            ,            ,
                              ,            ,            ,            ,            ,            ,            ,            ,            ,            ,            ,            ,            ,            ,            ,            ,            ,            ,            ,            ,            ,            ,            ,            ,            ,            ,            ,            ,   19581.583,       0.657,            ,            ,            ,            ,            ,            ,            ,            ,            ,            ,            ,            ,            ,            ,            ,            ,   19923.950,       1.036,            ,            ,            ,            ,            ,            ,            ,
                              ,            ,            ,            ,            ,            ,            ,            ,            ,            ,            ,            ,            ,            ,            ,            ,            ,            ,            ,            ,            ,            ,            ,            ,            ,            ,            ,            ,   19582.241,       0.658,            ,            ,            ,            ,            ,            ,            ,            ,            ,            ,            ,            ,            ,            ,            ,            ,   19924.966,       1.016,            ,            ,            ,            ,            ,            ,            ,
                              ,            ,            ,            ,            ,            ,            ,            ,            ,            ,            ,            ,            ,            ,            ,            ,            ,            ,            ,            ,            ,            ,            ,            ,            ,            ,            ,            ,   19582.903,       0.662,            ,            ,            ,            ,            ,            ,            ,            ,            ,            ,            ,            ,            ,            ,            ,            ,   19925.987,       1.021,            ,            ,            ,            ,            ,            ,            ,
                              ,            ,            ,            ,            ,            ,            ,            ,            ,            ,            ,            ,            ,            ,            ,            ,            ,            ,            ,            ,            ,            ,            ,            ,            ,            ,            ,            ,   19583.575,       0.672,            ,            ,            ,            ,            ,            ,            ,            ,            ,            ,            ,            ,            ,            ,            ,            ,   19927.026,       1.039,            ,            ,            ,            ,            ,            ,            ,
                              ,            ,            ,            ,            ,            ,            ,            ,            ,            ,            ,            ,            ,            ,            ,            ,            ,            ,            ,            ,            ,            ,            ,            ,            ,            ,            ,            ,   19584.266,       0.691,            ,            ,            ,            ,            ,            ,            ,            ,            ,            ,            ,            ,            ,            ,            ,            ,   19928.034,       1.008,            ,            ,            ,            ,            ,            ,            ,
                              ,            ,            ,            ,            ,            ,            ,            ,            ,            ,            ,            ,            ,            ,            ,            ,            ,            ,            ,            ,            ,            ,            ,            ,            ,            ,            ,            ,   19584.967,       0.701,            ,            ,            ,            ,            ,            ,            ,            ,            ,            ,            ,            ,            ,            ,            ,            ,   19929.014,       0.980,            ,            ,            ,            ,            ,            ,            ,
                              ,            ,            ,            ,            ,            ,            ,            ,            ,            ,            ,            ,            ,            ,            ,            ,            ,            ,            ,            ,            ,            ,            ,            ,            ,            ,            ,            ,   19585.669,       0.702,            ,            ,            ,            ,            ,            ,            ,            ,            ,            ,            ,            ,            ,            ,            ,            ,   19930.033,       1.019,            ,            ,            ,            ,            ,            ,            ,
                              ,            ,            ,            ,            ,            ,            ,            ,            ,            ,            ,            ,            ,            ,            ,            ,            ,            ,            ,            ,            ,            ,            ,            ,            ,            ,            ,            ,   19586.390,       0.721,            ,            ,            ,            ,            ,            ,            ,            ,            ,            ,            ,            ,            ,            ,            ,            ,   19931.040,       1.007,            ,            ,            ,            ,            ,            ,            ,
                              ,            ,            ,            ,            ,            ,            ,            ,            ,            ,            ,            ,            ,            ,            ,            ,            ,            ,            ,            ,            ,            ,            ,            ,            ,            ,            ,            ,   19587.126,       0.736,            ,            ,            ,            ,            ,            ,            ,            ,            ,            ,            ,            ,            ,            ,            ,            ,   19932.019,       0.979,            ,            ,            ,            ,            ,            ,            ,
                              ,            ,            ,            ,            ,            ,            ,            ,            ,            ,            ,            ,            ,            ,            ,            ,            ,            ,            ,            ,            ,            ,            ,            ,            ,            ,            ,            ,   19587.889,       0.763,            ,            ,            ,            ,            ,            ,            ,            ,            ,            ,            ,            ,            ,            ,            ,            ,   19933.008,       0.989,            ,            ,            ,            ,            ,            ,            ,
                              ,            ,            ,            ,            ,            ,            ,            ,            ,            ,            ,            ,            ,            ,            ,            ,            ,            ,            ,            ,            ,            ,            ,            ,            ,            ,            ,            ,   19588.649,       0.760,            ,            ,            ,            ,            ,            ,            ,            ,            ,            ,            ,            ,            ,            ,            ,            ,   19934.050,       1.042,            ,            ,            ,            ,            ,            ,            ,
                              ,            ,            ,            ,            ,            ,            ,            ,            ,            ,            ,            ,            ,            ,            ,            ,            ,            ,            ,            ,            ,            ,            ,            ,            ,            ,            ,            ,   19589.398,       0.749,            ,            ,            ,            ,            ,            ,            ,            ,            ,            ,            ,            ,            ,            ,            ,            ,   19935.075,       1.025,            ,            ,            ,            ,            ,            ,            ,
                              ,            ,            ,            ,            ,            ,            ,            ,            ,            ,            ,            ,            ,            ,            ,            ,            ,            ,            ,            ,            ,            ,            ,            ,            ,            ,            ,            ,   19590.143,       0.745,            ,            ,            ,            ,            ,            ,            ,            ,            ,            ,            ,            ,            ,            ,            ,            ,   19936.084,       1.009,            ,            ,            ,            ,            ,            ,            ,
                              ,            ,            ,            ,            ,            ,            ,            ,            ,            ,            ,            ,            ,            ,            ,            ,            ,            ,            ,            ,            ,            ,            ,            ,            ,            ,            ,            ,   19590.887,       0.744,            ,            ,            ,            ,            ,            ,            ,            ,            ,            ,            ,            ,            ,            ,            ,            ,   19937.102,       1.018,            ,            ,            ,            ,            ,            ,            ,
                              ,            ,            ,            ,            ,            ,            ,            ,            ,            ,            ,            ,            ,            ,            ,            ,            ,            ,            ,            ,            ,            ,            ,            ,            ,            ,            ,            ,   19591.638,       0.751,            ,            ,            ,            ,            ,            ,            ,            ,            ,            ,            ,            ,            ,            ,            ,            ,   19938.163,       1.061,            ,            ,            ,            ,            ,            ,            ,
                              ,            ,            ,            ,            ,            ,            ,            ,            ,            ,            ,            ,            ,            ,            ,            ,            ,            ,            ,            ,            ,            ,            ,            ,            ,            ,            ,            ,   19592.398,       0.760,            ,            ,            ,            ,            ,            ,            ,            ,            ,            ,            ,            ,            ,            ,            ,            ,   19939.216,       1.053,            ,            ,            ,            ,            ,            ,            ,
                              ,            ,            ,            ,            ,            ,            ,            ,            ,            ,            ,            ,            ,            ,            ,            ,            ,            ,            ,            ,            ,            ,            ,            ,            ,            ,            ,            ,   19593.160,       0.762,            ,            ,            ,            ,            ,            ,            ,            ,            ,            ,            ,            ,            ,            ,            ,            ,   19940.238,       1.022,            ,            ,            ,            ,            ,            ,            ,
                              ,            ,            ,            ,            ,            ,            ,            ,            ,            ,            ,            ,            ,            ,            ,            ,            ,            ,            ,            ,            ,            ,            ,            ,            ,            ,            ,            ,   19593.909,       0.749,            ,            ,            ,            ,            ,            ,            ,            ,            ,            ,            ,            ,            ,            ,            ,            ,   19941.233,       0.995,            ,            ,            ,            ,            ,            ,            ,
                              ,            ,            ,            ,            ,            ,            ,            ,            ,            ,            ,            ,            ,            ,            ,            ,            ,            ,            ,            ,            ,            ,            ,            ,            ,            ,            ,            ,   19594.657,       0.748,            ,            ,            ,            ,            ,            ,            ,            ,            ,            ,            ,            ,            ,            ,            ,            ,   19942.225,       0.992,            ,            ,            ,            ,            ,            ,            ,
                              ,            ,            ,            ,            ,            ,            ,            ,            ,            ,            ,            ,            ,            ,            ,            ,            ,            ,            ,            ,            ,            ,            ,            ,            ,            ,            ,            ,   19595.402,       0.745,            ,            ,            ,            ,            ,            ,            ,            ,            ,            ,            ,            ,            ,            ,            ,            ,   19943.233,       1.008,            ,            ,            ,            ,            ,            ,            ,
                              ,            ,            ,            ,            ,            ,            ,            ,            ,            ,            ,            ,            ,            ,            ,            ,            ,            ,            ,            ,            ,            ,            ,            ,            ,            ,            ,            ,   19596.154,       0.752,            ,            ,            ,            ,            ,            ,            ,            ,            ,            ,            ,            ,            ,            ,            ,            ,   19944.229,       0.996,            ,            ,            ,            ,            ,            ,            ,
                              ,            ,            ,            ,            ,            ,            ,            ,            ,            ,            ,            ,            ,            ,            ,            ,            ,            ,            ,            ,            ,            ,            ,            ,            ,            ,            ,            ,   19596.923,       0.769,            ,            ,            ,            ,            ,            ,            ,            ,            ,            ,            ,            ,            ,            ,            ,            ,   19945.207,       0.978,            ,            ,            ,            ,            ,            ,            ,
                              ,            ,            ,            ,            ,            ,            ,            ,            ,            ,            ,            ,            ,            ,            ,            ,            ,            ,            ,            ,            ,            ,            ,            ,            ,            ,            ,            ,   19597.684,       0.761,            ,            ,            ,            ,            ,            ,            ,            ,            ,            ,            ,            ,            ,            ,            ,            ,   19946.162,       0.955,            ,            ,            ,            ,            ,            ,            ,
                              ,            ,            ,            ,            ,            ,            ,            ,            ,            ,            ,            ,            ,            ,            ,            ,            ,            ,            ,            ,            ,            ,            ,            ,            ,            ,            ,            ,   19598.435,       0.751,            ,            ,            ,            ,            ,            ,            ,            ,            ,            ,            ,            ,            ,            ,            ,            ,   19947.113,       0.951,            ,            ,            ,            ,            ,            ,            ,
                              ,            ,            ,            ,            ,            ,            ,            ,            ,            ,            ,            ,            ,            ,            ,            ,            ,            ,            ,            ,            ,            ,            ,            ,            ,            ,            ,            ,   19599.170,       0.735,            ,            ,            ,            ,            ,            ,            ,            ,            ,            ,            ,            ,            ,            ,            ,            ,   19948.067,       0.954,            ,            ,            ,            ,            ,            ,            ,
                              ,            ,            ,            ,            ,            ,            ,            ,            ,            ,            ,            ,            ,            ,            ,            ,            ,            ,            ,            ,            ,            ,            ,            ,            ,            ,            ,            ,   19599.886,       0.716,            ,            ,            ,            ,            ,            ,            ,            ,            ,            ,            ,            ,            ,            ,            ,            ,   19949.051,       0.984,            ,            ,            ,            ,            ,            ,            ,
                              ,            ,            ,            ,            ,            ,            ,            ,            ,            ,            ,            ,            ,            ,            ,            ,            ,            ,            ,            ,            ,            ,            ,            ,            ,            ,            ,            ,   19600.604,       0.718,            ,            ,            ,            ,            ,            ,            ,            ,            ,            ,            ,            ,            ,            ,            ,            ,   19950.052,       1.001,            ,            ,            ,            ,            ,            ,            ,
                              ,            ,            ,            ,            ,            ,            ,            ,            ,            ,            ,            ,            ,            ,            ,            ,            ,            ,            ,            ,            ,            ,            ,            ,            ,            ,            ,            ,   19601.320,       0.716,            ,            ,            ,            ,            ,            ,            ,            ,            ,            ,            ,            ,            ,            ,            ,            ,   19951.031,       0.979,            ,            ,            ,            ,            ,            ,            ,
                              ,            ,            ,            ,            ,            ,            ,            ,            ,            ,            ,            ,            ,            ,            ,            ,            ,            ,            ,            ,            ,            ,            ,            ,            ,            ,            ,            ,   19602.034,       0.714,            ,            ,            ,            ,            ,            ,            ,            ,            ,            ,            ,            ,            ,            ,            ,            ,   19952.002,       0.971,            ,            ,            ,            ,            ,            ,            ,
                              ,            ,            ,            ,            ,            ,            ,            ,            ,            ,            ,            ,            ,            ,            ,            ,            ,            ,            ,            ,            ,            ,            ,            ,            ,            ,            ,            ,   19602.754,       0.720,            ,            ,            ,            ,            ,            ,            ,            ,            ,            ,            ,            ,            ,            ,            ,            ,   19953.003,       1.001,            ,            ,            ,            ,            ,            ,            ,
                              ,            ,            ,            ,            ,            ,            ,            ,            ,            ,            ,            ,            ,            ,            ,            ,            ,            ,            ,            ,            ,            ,            ,            ,            ,            ,            ,            ,   19603.468,       0.714,            ,            ,            ,            ,            ,            ,            ,            ,            ,            ,            ,            ,            ,            ,            ,            ,   19954.030,       1.027,            ,            ,            ,            ,            ,            ,            ,
                              ,            ,            ,            ,            ,            ,            ,            ,            ,            ,            ,            ,            ,            ,            ,            ,            ,            ,            ,            ,            ,            ,            ,            ,            ,            ,            ,            ,   19604.172,       0.704,            ,            ,            ,            ,            ,            ,            ,            ,            ,            ,            ,            ,            ,            ,            ,            ,   19955.064,       1.034,            ,            ,            ,            ,            ,            ,            ,
                              ,            ,            ,            ,            ,            ,            ,            ,            ,            ,            ,            ,            ,            ,            ,            ,            ,            ,            ,            ,            ,            ,            ,            ,            ,            ,            ,            ,   19604.866,       0.694,            ,            ,            ,            ,            ,            ,            ,            ,            ,            ,            ,            ,            ,            ,            ,            ,   19956.088,       1.024,            ,            ,            ,            ,            ,            ,            ,
                              ,            ,            ,            ,            ,            ,            ,            ,            ,            ,            ,            ,            ,            ,            ,            ,            ,            ,            ,            ,            ,            ,            ,            ,            ,            ,            ,            ,   19605.548,       0.682,            ,            ,            ,            ,            ,            ,            ,            ,            ,            ,            ,            ,            ,            ,            ,            ,   19957.127,       1.039,            ,            ,            ,            ,            ,            ,            ,
                              ,            ,            ,            ,            ,            ,            ,            ,            ,            ,            ,            ,            ,            ,            ,            ,            ,            ,            ,            ,            ,            ,            ,            ,            ,            ,            ,            ,   19606.218,       0.670,            ,            ,            ,            ,            ,            ,            ,            ,            ,            ,            ,            ,            ,            ,            ,            ,   19958.163,       1.036,            ,            ,            ,            ,            ,            ,            ,
                              ,            ,            ,            ,            ,            ,            ,            ,            ,            ,            ,            ,            ,            ,            ,            ,            ,            ,            ,            ,            ,            ,            ,            ,            ,            ,            ,            ,   19606.880,       0.662,            ,            ,            ,            ,            ,            ,            ,            ,            ,            ,            ,            ,            ,            ,            ,            ,   19959.183,       1.020,            ,            ,            ,            ,            ,            ,            ,
                              ,            ,            ,            ,            ,            ,            ,            ,            ,            ,            ,            ,            ,            ,            ,            ,            ,            ,            ,            ,            ,            ,            ,            ,            ,            ,            ,            ,   19607.535,       0.655,            ,            ,            ,            ,            ,            ,            ,            ,            ,            ,            ,            ,            ,            ,            ,            ,   19960.180,       0.997,            ,            ,            ,            ,            ,            ,            ,
                              ,            ,            ,            ,            ,            ,            ,            ,            ,            ,            ,            ,            ,            ,            ,            ,            ,            ,            ,            ,            ,            ,            ,            ,            ,            ,            ,            ,   19608.189,       0.654,            ,            ,            ,            ,            ,            ,            ,            ,            ,            ,            ,            ,            ,            ,            ,            ,   19961.173,       0.993,            ,            ,            ,            ,            ,            ,            ,
                              ,            ,            ,            ,            ,            ,            ,            ,            ,            ,            ,            ,            ,            ,            ,            ,            ,            ,            ,            ,            ,            ,            ,            ,            ,            ,            ,            ,   19608.850,       0.661,            ,            ,            ,            ,            ,            ,            ,            ,            ,            ,            ,            ,            ,            ,            ,            ,   19962.186,       1.013,            ,            ,            ,            ,            ,            ,            ,
                              ,            ,            ,            ,            ,            ,            ,            ,            ,            ,            ,            ,            ,            ,            ,            ,            ,            ,            ,            ,            ,            ,            ,            ,            ,            ,            ,            ,   19609.530,       0.680,            ,            ,            ,            ,            ,            ,            ,            ,            ,            ,            ,            ,            ,            ,            ,            ,   19963.209,       1.023,            ,            ,            ,            ,            ,            ,            ,
                              ,            ,            ,            ,            ,            ,            ,            ,            ,            ,            ,            ,            ,            ,            ,            ,            ,            ,            ,            ,            ,            ,            ,            ,            ,            ,            ,            ,   19610.252,       0.722,            ,            ,            ,            ,            ,            ,            ,            ,            ,            ,            ,            ,            ,            ,            ,            ,   19964.199,       0.990,            ,            ,            ,            ,            ,            ,            ,
                              ,            ,            ,            ,            ,            ,            ,            ,            ,            ,            ,            ,            ,            ,            ,            ,            ,            ,            ,            ,            ,            ,            ,            ,            ,            ,            ,            ,   19611.043,       0.791,            ,            ,            ,            ,            ,            ,            ,            ,            ,            ,            ,            ,            ,            ,            ,            ,   19965.184,       0.985,            ,            ,            ,            ,            ,            ,            ,
                              ,            ,            ,            ,            ,            ,            ,            ,            ,            ,            ,            ,            ,            ,            ,            ,            ,            ,            ,            ,            ,            ,            ,            ,            ,            ,            ,            ,   19611.864,       0.821,            ,            ,            ,            ,            ,            ,            ,            ,            ,            ,            ,            ,            ,            ,            ,            ,   19966.190,       1.006,            ,            ,            ,            ,            ,            ,            ,
                              ,            ,            ,            ,            ,            ,            ,            ,            ,            ,            ,            ,            ,            ,            ,            ,            ,            ,            ,            ,            ,            ,            ,            ,            ,            ,            ,            ,   19612.692,       0.828,            ,            ,            ,            ,            ,            ,            ,            ,            ,            ,            ,            ,            ,            ,            ,            ,   19967.198,       1.008,            ,            ,            ,            ,            ,            ,            ,
                              ,            ,            ,            ,            ,            ,            ,            ,            ,            ,            ,            ,            ,            ,            ,            ,            ,            ,            ,            ,            ,            ,            ,            ,            ,            ,            ,            ,   19613.516,       0.824,            ,            ,            ,            ,            ,            ,            ,            ,            ,            ,            ,            ,            ,            ,            ,            ,   19968.183,       0.985,            ,            ,            ,            ,            ,            ,            ,
                              ,            ,            ,            ,            ,            ,            ,            ,            ,            ,            ,            ,            ,            ,            ,            ,            ,            ,            ,            ,            ,            ,            ,            ,            ,            ,            ,            ,   19614.323,       0.807,            ,            ,            ,            ,            ,            ,            ,            ,            ,            ,            ,            ,            ,            ,            ,            ,   19969.163,       0.980,            ,            ,            ,            ,            ,            ,            ,
                              ,            ,            ,            ,            ,            ,            ,            ,            ,            ,            ,            ,            ,            ,            ,            ,            ,            ,            ,            ,            ,            ,            ,            ,            ,            ,            ,            ,   19615.112,       0.789,            ,            ,            ,            ,            ,            ,            ,            ,            ,            ,            ,            ,            ,            ,            ,            ,   19970.177,       1.014,            ,            ,            ,            ,            ,            ,            ,
                              ,            ,            ,            ,            ,            ,            ,            ,            ,            ,            ,            ,            ,            ,            ,            ,            ,            ,            ,            ,            ,            ,            ,            ,            ,            ,            ,            ,   19615.899,       0.787,            ,            ,            ,            ,            ,            ,            ,            ,            ,            ,            ,            ,            ,            ,            ,            ,   19971.210,       1.033,            ,            ,            ,            ,            ,            ,            ,
                              ,            ,            ,            ,            ,            ,            ,            ,            ,            ,            ,            ,            ,            ,            ,            ,            ,            ,            ,            ,            ,            ,            ,            ,            ,            ,            ,            ,   19616.675,       0.776,            ,            ,            ,            ,            ,            ,            ,            ,            ,            ,            ,            ,            ,            ,            ,            ,   19972.226,       1.016,            ,            ,            ,            ,            ,            ,            ,
                              ,            ,            ,            ,            ,            ,            ,            ,            ,            ,            ,            ,            ,            ,            ,            ,            ,            ,            ,            ,            ,            ,            ,            ,            ,            ,            ,            ,   19617.469,       0.794,            ,            ,            ,            ,            ,            ,            ,            ,            ,            ,            ,            ,            ,            ,            ,            ,   19973.247,       1.021,            ,            ,            ,            ,            ,            ,            ,
                              ,            ,            ,            ,            ,            ,            ,            ,            ,            ,            ,            ,            ,            ,            ,            ,            ,            ,            ,            ,            ,            ,            ,            ,            ,            ,            ,            ,   19618.281,       0.812,            ,            ,            ,            ,            ,            ,            ,            ,            ,            ,            ,            ,            ,            ,            ,            ,   19974.313,       1.066,            ,            ,            ,            ,            ,            ,            ,
                              ,            ,            ,            ,            ,            ,            ,            ,            ,            ,            ,            ,            ,            ,            ,            ,            ,            ,            ,            ,            ,            ,            ,            ,            ,            ,            ,            ,   19619.104,       0.823,            ,            ,            ,            ,            ,            ,            ,            ,            ,            ,            ,            ,            ,            ,            ,            ,   19975.356,       1.043,            ,            ,            ,            ,            ,            ,            ,
                              ,            ,            ,            ,            ,            ,            ,            ,            ,            ,            ,            ,            ,            ,            ,            ,            ,            ,            ,            ,            ,            ,            ,            ,            ,            ,            ,            ,   19619.919,       0.815,            ,            ,            ,            ,            ,            ,            ,            ,            ,            ,            ,            ,            ,            ,            ,            ,            ,            ,            ,            ,            ,            ,            ,            ,            ,
                              ,            ,            ,            ,            ,            ,            ,            ,            ,            ,            ,            ,            ,            ,            ,            ,            ,            ,            ,            ,            ,            ,            ,            ,            ,            ,            ,            ,   19620.707,       0.788,            ,            ,            ,            ,            ,            ,            ,            ,            ,            ,            ,            ,            ,            ,            ,            ,            ,            ,            ,            ,            ,            ,            ,            ,            ,
                              ,            ,            ,            ,            ,            ,            ,            ,            ,            ,            ,            ,            ,            ,            ,            ,            ,            ,            ,            ,            ,            ,            ,            ,            ,            ,            ,            ,   19621.476,       0.769,            ,            ,            ,            ,            ,            ,            ,            ,            ,            ,            ,            ,            ,            ,            ,            ,            ,            ,            ,            ,            ,            ,            ,            ,            ,
                              ,            ,            ,            ,            ,            ,            ,            ,            ,            ,            ,            ,            ,            ,            ,            ,            ,            ,            ,            ,            ,            ,            ,            ,            ,            ,            ,            ,   19622.224,       0.748,            ,            ,            ,            ,            ,            ,            ,            ,            ,            ,            ,            ,            ,            ,            ,            ,            ,            ,            ,            ,            ,            ,            ,            ,            ,
                              ,            ,            ,            ,            ,            ,            ,            ,            ,            ,            ,            ,            ,            ,            ,            ,            ,            ,            ,            ,            ,            ,            ,            ,            ,            ,            ,            ,   19622.963,       0.739,            ,            ,            ,            ,            ,            ,            ,            ,            ,            ,            ,            ,            ,            ,            ,            ,            ,            ,            ,            ,            ,            ,            ,            ,            ,
                              ,            ,            ,            ,            ,            ,            ,            ,            ,            ,            ,            ,            ,            ,            ,            ,            ,            ,            ,            ,            ,            ,            ,            ,            ,            ,            ,            ,   19623.682,       0.719,            ,            ,            ,            ,            ,            ,            ,            ,            ,            ,            ,            ,            ,            ,            ,            ,            ,            ,            ,            ,            ,            ,            ,            ,            ,
                              ,            ,            ,            ,            ,            ,            ,            ,            ,            ,            ,            ,            ,            ,            ,            ,            ,            ,            ,            ,            ,            ,            ,            ,            ,            ,            ,            ,   19624.384,       0.702,            ,            ,            ,            ,            ,            ,            ,            ,            ,            ,            ,            ,            ,            ,            ,            ,            ,            ,            ,            ,            ,            ,            ,            ,            ,
                              ,            ,            ,            ,            ,            ,            ,            ,            ,            ,            ,            ,            ,            ,            ,            ,            ,            ,            ,            ,            ,            ,            ,            ,            ,            ,            ,            ,   19625.087,       0.703,            ,            ,            ,            ,            ,            ,            ,            ,            ,            ,            ,            ,            ,            ,            ,            ,            ,            ,            ,            ,            ,            ,            ,            ,            ,
                              ,            ,            ,            ,            ,            ,            ,            ,            ,            ,            ,            ,            ,            ,            ,            ,            ,            ,            ,            ,            ,            ,            ,            ,            ,            ,            ,            ,   19625.792,       0.705,            ,            ,            ,            ,            ,            ,            ,            ,            ,            ,            ,            ,            ,            ,            ,            ,            ,            ,            ,            ,            ,            ,            ,            ,            ,
                              ,            ,            ,            ,            ,            ,            ,            ,            ,            ,            ,            ,            ,            ,            ,            ,            ,            ,            ,            ,            ,            ,            ,            ,            ,            ,            ,            ,   19626.512,       0.720,            ,            ,            ,            ,            ,            ,            ,            ,            ,            ,            ,            ,            ,            ,            ,            ,            ,            ,            ,            ,            ,            ,            ,            ,            ,
                              ,            ,            ,            ,            ,            ,            ,            ,            ,            ,            ,            ,            ,            ,            ,            ,            ,            ,            ,            ,            ,            ,            ,            ,            ,            ,            ,            ,   19627.235,       0.723,            ,            ,            ,            ,            ,            ,            ,            ,            ,            ,            ,            ,            ,            ,            ,            ,            ,            ,            ,            ,            ,            ,            ,            ,            ,
                              ,            ,            ,            ,            ,            ,            ,            ,            ,            ,            ,            ,            ,            ,            ,            ,            ,            ,            ,            ,            ,            ,            ,            ,            ,            ,            ,            ,   19627.932,       0.697,            ,            ,            ,            ,            ,            ,            ,            ,            ,            ,            ,            ,            ,            ,            ,            ,            ,            ,            ,            ,            ,            ,            ,            ,            ,


