sep=,
HRV ANALYSIS RESULTS - 10-Sep-2026 13:58:37
Kubios HRV Scientific Lite
4.3.0
released in March 2026

Analyzed by:  -  - 

File name: /Users/apc939/Downloads/24307530948_ACTIVITY.fit
Measurement date: 10.09.2026 05:22:18
File type: FIT
Channel label: RR data
Data length: 00:20:08 (h:min:s)
Measurement rate: - 

Parameters
 Number of samples: 6
 Detrending method: Smoothn priors (lambda: 500)
 Min/Max HR as average of: 5 beats
 Threshold for NNxx/pNNxx: 50 ms
 Frequency bands
  VLF: 0 - 0.04 Hz
  LF: 0.04 - 0.15 Hz
  HF: 0.15 - 0.4 Hz
 Interpolation rate: 4 Hz
 Points in frequency-domain: 300 points/Hz
 FFT spectrum options
  Window width: 300 s
  Window overlap: 50 %
 AR spectrum options
  AR model order: 16
  Use factorization: No
 Apply detrending for nonlinear analysis: 1
 Entropy, embedding dimension: 2
 Entropy, tolerance: 0.2 x SD
 DFA, short-term fluctuations: 4-12 beats
 DFA, long-term fluctuations: 13-64 beats

RR Interval Samples Selected for Analysis
                              ,       DS(1),     RC10(2),     RC12(3),      ORT(4),     RUFF(5),      REC(6),
  Sample limits (hh:mm:ss):   ,05:24:19-05:29:19,05:29:20-05:30:19,05:30:20-05:31:20,05:31:21-05:35:36,05:35:36-05:36:22,05:36:23-05:41:23,
  Sample Analysis Type: Single samples
  Beat correction: Threshold (medium)
  Beats total:                ,         273,          53,          50,         290,          78,         342,
  Beats corrected:            ,           0,           0,           0,           3,           0,           0,
  Beats corrected (%):        ,           0,           0,           0,        1.03,           0,           0,
  Effective data length (s):  ,         300,          60,          60,         255,          46,         300,
  Effective data length (%):  ,      100.00,      100.00,      100.00,      100.00,      100.00,      100.00,


RESULTS FOR SINGLE SAMPLES
                              ,       DS(1),            ,     RC10(2),            ,     RC12(3),            ,      ORT(4),            ,     RUFF(5),            ,      REC(6),            ,
Results Overview              ,
  PNS index:                  ,      0.8550,            ,      0.8398,            ,      0.8228,            ,     -0.4800,            ,     -2.4268,            ,     -0.2489,            ,
  SNS index:                  ,     -0.8757,            ,     -0.7886,            ,     -0.6907,            ,     -0.0681,            ,      5.7742,            ,      0.5925,            ,
  Stress index:               ,      8.7048,            ,      9.8245,            ,     11.2398,            ,      7.0497,            ,     30.7037,            ,     12.7421,            ,

Time-Domain Results           ,
 Statistical parameters       ,
  Mean RR  (ms):              ,   1098.7106,            ,   1138.2075,            ,   1178.5000,            ,    878.4890,            ,    596.3590,            ,    875.2749,            ,
  SDNN (ms):                  ,     39.3892,            ,     36.5386,            ,     31.6538,            ,     64.9188,            ,     17.9992,            ,     31.2577,            ,
  Mean HR (beats/min):        ,     54.6095,            ,     52.7145,            ,     50.9122,            ,     68.2991,            ,    100.6105,            ,     68.5499,            ,
  SD HR (beats/min):          ,      1.9999,            ,      1.6816,            ,      1.3072,            ,      5.1419,            ,      3.0629,            ,      2.4442,            ,
  Min HR (beats/min):         ,     48.4809,            ,     50.7185,            ,     49.7100,            ,     54.7065,            ,     79.3441,            ,     54.4761,            ,
  Max HR (beats/min):         ,     62.1375,            ,     55.0055,            ,     52.7056,            ,     89.0472,            ,    110.6603,            ,    107.6813,            ,
  RMSSD (ms):                 ,     42.0016,            ,     36.0986,            ,     28.4582,            ,     36.2847,            ,     11.6089,            ,     36.5702,            ,
  NNxx (beats):               ,          62,            ,          10,            ,           3,            ,          35,            ,           0,            ,          57,            ,
  pNNxx (%):                  ,     22.7941,            ,     19.2308,            ,      6.1224,            ,     12.1107,            ,      0.0000,            ,     16.7155,            ,
  SDANN (ms):                 ,         NaN,            ,         NaN,            ,         NaN,            ,         NaN,            ,         NaN,            ,         NaN,            ,
  SDNN index (ms):            ,         NaN,            ,         NaN,            ,         NaN,            ,         NaN,            ,         NaN,            ,         NaN,            ,
 Geometric parameters         ,
  RR tri index:               ,   10.920000,            ,    8.833333,            ,    6.250000,            ,   15.263158,            ,    6.000000,            ,    7.125000,            ,
  TINN (ms):                  ,    215.0000,            ,    153.0000,            ,    149.0000,            ,    303.0000,            ,     70.0000,            ,    160.0000,            ,

Frequency-Domain Results      ,FFT spectrum, AR spectrum,FFT spectrum, AR spectrum,FFT spectrum, AR spectrum,FFT spectrum, AR spectrum,FFT spectrum, AR spectrum,FFT spectrum, AR spectrum,
 Peak frequencies             ,
  VLF (Hz):                   ,    0.036667,    0.040000,    0.003333,    0.040000,    0.003333,    0.003333,    0.030000,    0.040000,    0.036667,    0.040000,    0.040000,    0.040000,
  LF (Hz):                    ,    0.066667,    0.130000,    0.073333,    0.150000,    0.070000,    0.040000,    0.100000,    0.073333,    0.040000,    0.046667,    0.116667,    0.150000,
  HF (Hz):                    ,    0.156667,    0.150000,    0.163333,    0.166667,    0.196667,    0.206667,    0.153333,    0.150000,    0.350000,    0.336667,    0.276667,    0.260000,
 Absolute powers              ,
  VLF (ms^2):                 ,     61.5795,    122.5856,     31.0078,    100.4667,    102.2153,   1587.4367,    389.8216,    822.6617,    173.6348,    104.2154,     17.9990,     50.5183,
  LF (ms^2):                  ,    533.7011,    760.6832,    615.6564,    650.8918,    183.6236,    300.7109,   2820.6250,   3238.7395,    167.9483,    143.3416,    242.4807,    247.0475,
  HF (ms^2):                  ,    493.7063,    558.8059,    690.3196,    528.0590,    262.3895,    231.5809,    142.8478,    304.8590,     21.2549,     19.5948,   1197.4926,    696.6453,
  VLF (log):                  ,      4.1203,      4.8088,      3.4342,      4.6098,      4.6271,      7.3699,      5.9657,      6.7125,      5.1570,      4.6465,      2.8903,      3.9223,
  LF (log):                   ,      6.2798,      6.6342,      6.4227,      6.4783,      5.2129,      5.7061,      7.9447,      8.0829,      5.1237,      4.9652,      5.4909,      5.5096,
  HF (log):                   ,      6.2019,      6.3258,      6.5372,      6.2692,      5.5698,      5.4449,      4.9618,      5.7198,      3.0566,      2.9753,      7.0880,      6.5463,
 Relative powers              ,
  VLF (%):                    ,      5.6541,      8.4999,      2.3191,      7.8521,     18.6440,     74.8831,     11.6249,     18.8404,     47.8510,     39.0043,      1.2341,      5.0805,
  LF (%):                     ,     49.0029,     52.7446,     46.0451,     50.8709,     33.4929,     14.1852,     84.1144,     74.1730,     46.2839,     53.6480,     16.6262,     24.8450,
  HF (%):                     ,     45.3307,     38.7467,     51.6291,     41.2709,     47.8597,     10.9242,      4.2599,      6.9818,      5.8575,      7.3337,     82.1084,     70.0601,
 Normalized powers            ,
  LF (n.u.):                  ,     51.9396,     57.6443,     47.1382,     55.2057,     41.1683,     56.4769,     95.1789,     91.3915,     88.7532,     87.9537,     16.8339,     26.1748,
  HF (n.u.):                  ,     48.0473,     42.3461,     52.8549,     44.7876,     58.8276,     43.4935,      4.8202,      8.6026,     11.2323,     12.0233,     83.1344,     73.8100,
 Total power (ms^2):          ,   1089.1223,   1442.2011,   1337.0739,   1279.4963,    548.2470,   2119.8866,   3353.3209,   4366.4682,    362.8654,    267.1893,   1458.4283,    994.3541,
 LF/HF ratio:                 ,      1.0810,      1.3613,      0.8918,      1.2326,      0.6998,      1.2985,     19.7457,     10.6237,      7.9016,      7.3153,      0.2025,      0.3546,


Nonlinear Results             ,
 Poincare plot                ,
  SD1 (ms):                   ,   29.757490,            ,   25.777867,            ,   20.457497,            ,   25.705458,            ,    8.268153,            ,   25.897117,            ,
  SD2 (ms):                   ,   46.638708,            ,   45.267456,            ,   34.984348,            ,   87.736777,            ,   24.080133,            ,   35.866433,            ,
  SD2/SD1 ratio:              ,    1.567293,            ,    1.756059,            ,    1.710099,            ,    3.413157,            ,    2.912396,            ,    1.384959,            ,
 Approximate entropy (ApEn):  ,      1.0552,            ,         NaN,            ,         NaN,            ,      0.7846,            ,      0.5337,            ,      0.9449,            ,
 Sample entropy (SampEn):     ,      2.0892,            ,         NaN,            ,         NaN,            ,      0.8573,            ,      1.6225,            ,      1.3783,            ,
 Detrended fluctuation analysis (DFA),
  alpha 1:                    ,      0.8672,            ,         NaN,            ,         NaN,            ,      1.5507,            ,      1.2998,            ,      0.6956,            ,
  alpha 2:                    ,      0.2249,            ,         NaN,            ,         NaN,            ,      0.6373,            ,      1.1912,            ,      0.3079,            ,


RR INTERVAL DATA and SPECTRUM ESTIMATES,
                              ,       DS(1),            ,            ,            ,            ,            ,            ,            ,            ,     RC10(2),            ,            ,            ,            ,            ,            ,            ,            ,     RC12(3),            ,            ,            ,            ,            ,            ,            ,            ,      ORT(4),            ,            ,            ,            ,            ,            ,            ,            ,     RUFF(5),            ,            ,            ,            ,            ,            ,            ,            ,      REC(6),            ,            ,            ,            ,            ,            ,            ,            ,
                              ,     RR Data,            ,FFT spectrum,            , AR Spectrum,            ,            ,            ,            ,     RR Data,            ,FFT spectrum,            , AR Spectrum,            ,            ,            ,            ,     RR Data,            ,FFT spectrum,            , AR Spectrum,            ,            ,            ,            ,     RR Data,            ,FFT spectrum,            , AR Spectrum,            ,            ,            ,            ,     RR Data,            ,FFT spectrum,            , AR Spectrum,            ,            ,            ,            ,     RR Data,            ,FFT spectrum,            , AR Spectrum,            ,            ,            ,            ,
                              ,        Time, RR interval,   Frequency,         PSD,   Frequency,         PSD,   VLF comp.,    LF comp.,    HF comp.,        Time, RR interval,   Frequency,         PSD,   Frequency,         PSD,   VLF comp.,    LF comp.,    HF comp.,        Time, RR interval,   Frequency,         PSD,   Frequency,         PSD,   VLF comp.,    LF comp.,    HF comp.,        Time, RR interval,   Frequency,         PSD,   Frequency,         PSD,   VLF comp.,    LF comp.,    HF comp.,        Time, RR interval,   Frequency,         PSD,   Frequency,         PSD,   VLF comp.,    LF comp.,    HF comp.,        Time, RR interval,   Frequency,         PSD,   Frequency,         PSD,   VLF comp.,    LF comp.,    HF comp.,
                              ,         (s),         (s),        (Hz),   (ms^2/Hz),        (Hz),   (ms^2/Hz),   (ms^2/Hz),   (ms^2/Hz),   (ms^2/Hz),         (s),         (s),        (Hz),   (ms^2/Hz),        (Hz),   (ms^2/Hz),   (ms^2/Hz),   (ms^2/Hz),   (ms^2/Hz),         (s),         (s),        (Hz),   (ms^2/Hz),        (Hz),   (ms^2/Hz),   (ms^2/Hz),   (ms^2/Hz),   (ms^2/Hz),         (s),         (s),        (Hz),   (ms^2/Hz),        (Hz),   (ms^2/Hz),   (ms^2/Hz),   (ms^2/Hz),   (ms^2/Hz),         (s),         (s),        (Hz),   (ms^2/Hz),        (Hz),   (ms^2/Hz),   (ms^2/Hz),   (ms^2/Hz),   (ms^2/Hz),         (s),         (s),        (Hz),   (ms^2/Hz),        (Hz),   (ms^2/Hz),   (ms^2/Hz),   (ms^2/Hz),   (ms^2/Hz),
                              ,   19460.013,       1.185,       0.000,      4.8788,       0.000,   1556.5567,            ,            ,            ,   19759.816,       1.040,       0.000,    968.3827,       0.000,   1150.2418,            ,            ,            ,   19821.456,       1.165,       0.000,   2727.1363,       0.000,  45576.9153,            ,            ,            ,   19881.546,       1.150,       0.000,    673.7877,       0.000,   8860.1282,            ,            ,            ,   20136.097,       0.761,       0.000,    201.2580,       0.000,    963.5068,            ,            ,            ,   20183.523,       0.556,       0.000,      4.5622,       0.000,    615.8166,            ,            ,            ,
                              ,   19461.157,       1.144,       0.003,      3.1215,       0.003,   3113.0668,            ,            ,            ,   19760.928,       1.112,       0.003,   1883.3860,       0.003,   2305.5290,            ,            ,            ,   19822.620,       1.164,       0.003,   5308.5162,       0.003,  87098.6822,            ,            ,            ,   19882.472,       0.926,       0.003,    435.7539,       0.003,  17777.6051,            ,            ,            ,   20136.839,       0.742,       0.003,    558.2833,       0.003,   1938.7499,            ,            ,            ,   20184.084,       0.561,       0.003,      1.3648,       0.003,   1232.7962,            ,            ,            ,
                              ,   19462.263,       1.106,       0.007,      6.6354,       0.007,   3112.9890,            ,            ,            ,   19762.023,       1.095,       0.007,   1727.6317,       0.007,   2320.7164,            ,            ,            ,   19823.785,       1.165,       0.007,   4884.6897,       0.007,  76803.6467,            ,            ,            ,   19883.346,       0.874,       0.007,      6.5818,       0.007,  17950.8771,            ,            ,            ,   20137.607,       0.768,       0.007,   1011.9134,       0.007,   1974.4335,            ,            ,            ,   20184.638,       0.554,       0.007,      1.3089,       0.007,   1236.2893,            ,            ,            ,
                              ,   19463.402,       1.139,       0.010,     41.7864,       0.010,   3113.0644,            ,            ,            ,   19763.128,       1.105,       0.010,   1484.7557,       0.010,   2346.1992,            ,            ,            ,   19824.997,       1.212,       0.010,   4228.7177,       0.010,  64072.3561,            ,            ,            ,   19884.181,       0.835,       0.010,     17.8562,       0.010,  18243.7850,            ,            ,            ,   20138.351,       0.744,       0.010,   1723.2317,       0.010,   2035.5071,            ,            ,            ,   20185.197,       0.559,       0.010,      9.1361,       0.010,   1242.1259,            ,            ,            ,
                              ,   19464.611,       1.209,       0.013,    118.2943,       0.013,   3113.5949,            ,            ,            ,   19764.318,       1.190,       0.013,   1183.8690,       0.013,   2382.2319,            ,            ,            ,   19826.192,       1.195,       0.013,   3428.1088,       0.013,  51879.6372,            ,            ,            ,   19885.006,       0.825,       0.013,    266.6276,       0.013,  18662.6333,            ,            ,            ,   20139.096,       0.745,       0.013,   2628.3492,       0.013,   2124.4308,            ,            ,            ,   20185.760,       0.563,       0.013,     84.4773,       0.013,   1250.3278,            ,            ,            ,
                              ,   19465.774,       1.163,       0.017,    350.6952,       0.017,   3114.9932,            ,            ,            ,   19765.475,       1.157,       0.017,    865.3954,       0.017,   2429.1673,            ,            ,            ,   19827.386,       1.194,       0.017,   2608.1479,       0.017,  41547.0146,            ,            ,            ,   19885.819,       0.813,       0.017,    978.2556,       0.017,  19216.4889,            ,            ,            ,   20139.821,       0.725,       0.017,   3644.9742,       0.017,   2244.7373,            ,            ,            ,   20186.333,       0.573,       0.017,     24.9552,       0.017,   1260.9252,            ,            ,            ,
                              ,   19466.891,       1.117,       0.020,    173.9442,       0.020,   3117.7730,            ,            ,            ,   19766.578,       1.103,       0.020,    570.6580,       0.020,   2487.4517,            ,            ,            ,   19828.540,       1.154,       0.020,   1904.7416,       0.020,  33284.0414,            ,            ,            ,   19886.621,       0.802,       0.020,   2845.9785,       0.020,  19917.4065,            ,            ,            ,   20140.544,       0.723,       0.020,   4680.5863,       0.020,   2401.0330,            ,            ,            ,   20186.924,       0.591,       0.020,    417.6945,       0.020,   1273.9565,            ,            ,            ,
                              ,   19467.971,       1.080,       0.023,   1673.0882,       0.023,   3122.5405,            ,            ,            ,   19767.635,       1.057,       0.023,    329.2856,       0.023,   2557.6179,            ,            ,            ,   19829.723,       1.183,       0.023,   1420.6294,       0.023,  26833.4165,            ,            ,            ,   19887.415,       0.794,       0.023,   7419.9475,       0.023,  20780.6884,            ,            ,            ,   20141.241,       0.697,       0.023,   5643.0002,       0.023,   2598.8080,            ,            ,            ,   20187.538,       0.614,       0.023,    290.1407,       0.023,   1289.4675,            ,            ,            ,
                              ,   19469.081,       1.110,       0.027,   3965.4336,       0.027,   3129.9850,            ,            ,            ,   19768.715,       1.080,       0.027,    154.7493,       0.027,   2640.2722,            ,            ,            ,   19830.884,       1.161,       0.027,   1187.2295,       0.027,  21829.0140,            ,            ,            ,   19888.199,       0.784,       0.027,  12843.8059,       0.027,  21825.1347,            ,            ,            ,   20141.934,       0.693,       0.027,   6451.7796,       0.027,   2843.7710,            ,            ,            ,   20188.164,       0.626,       0.027,   1367.7395,       0.027,   1307.5110,            ,            ,            ,
                              ,   19470.237,       1.156,       0.030,   3366.6821,       0.030,   3140.8719,            ,            ,            ,   19769.820,       1.105,       0.030,     54.7019,       0.030,   2736.0759,            ,            ,            ,   19832.014,       1.130,       0.030,   1155.9045,       0.030,  17935.4333,            ,            ,            ,   19888.969,       0.770,       0.030,  36532.7954,       0.030,  23073.2023,            ,            ,            ,   20142.606,       0.672,       0.030,   7048.1567,       0.030,   3140.1577,            ,            ,            ,   20188.804,       0.640,       0.030,   1200.9071,       0.030,   1328.1458,            ,            ,            ,
                              ,   19471.431,       1.194,       0.033,   2603.6198,       0.033,   3156.0379,            ,            ,            ,   19770.959,       1.139,       0.033,     52.6675,       0.033,   2845.7175,            ,            ,            ,   19833.162,       1.148,       0.033,   1227.2087,       0.033,  14883.9579,            ,            ,            ,   19889.723,       0.754,       0.033,  35272.8111,       0.033,  24550.9243,            ,            ,            ,   20143.274,       0.668,       0.033,   7401.0547,       0.033,   3487.0729,            ,            ,            ,   20189.439,       0.635,       0.033,    367.3959,       0.033,   1351.4356,            ,            ,            ,
                              ,   19472.606,       1.175,       0.037,   4617.2286,       0.037,   3176.3905,            ,            ,            ,   19772.096,       1.137,       0.037,    207.9469,       0.037,   2969.8727,            ,            ,            ,   19834.362,       1.200,       0.037,   1304.1283,       0.037,  12470.4108,            ,            ,            ,   19890.454,       0.731,       0.037,   8221.8840,       0.037,  26287.3301,            ,            ,            ,   20143.925,       0.651,       0.037,   7507.6758,       0.037,   3871.6885,            ,            ,            ,   20190.073,       0.634,       0.037,    744.8545,       0.037,   1377.4475,            ,            ,            ,
                              ,   19473.681,       1.075,       0.040,   3161.9187,       0.040,   3202.9107,            ,            ,            ,   19773.186,       1.090,       0.040,    618.1470,       0.040,   3109.1490,            ,            ,            ,   19835.561,       1.199,       0.040,   1340.4607,       0.040,  10542.7586,            ,            ,            ,   19891.181,       0.727,       0.040,  22798.1792,       0.040,  28312.9267,            ,            ,            ,   20144.573,       0.648,       0.040,   7388.6910,       0.040,   4259.0886,            ,            ,            ,   20190.708,       0.635,       0.040,   1732.6616,       0.040,   1406.2503,            ,            ,            ,
                              ,   19474.742,       1.061,       0.043,   3147.2932,       0.043,   3236.6617,            ,            ,            ,   19774.256,       1.070,       0.043,   1395.7622,       0.043,   3264.0116,            ,            ,            ,   19836.735,       1.174,       0.043,   1358.3216,       0.043,   8988.3279,            ,            ,            ,   19891.905,       0.724,       0.043,   3123.7655,       0.043,  30656.5412,            ,            ,            ,   20145.215,       0.642,       0.043,   7079.7415,       0.043,   4583.0726,            ,            ,            ,   20191.345,       0.637,       0.043,   2058.3026,       0.043,   1437.9121,            ,            ,            ,
                              ,   19475.845,       1.103,       0.047,    886.1811,       0.047,   3278.8013,            ,            ,            ,   19775.353,       1.097,       0.047,   2623.5089,       0.047,   3434.6878,            ,            ,            ,   19837.915,       1.180,       0.047,   1427.3533,       0.047,   7723.3565,            ,            ,            ,   19892.618,       0.713,       0.047,  57177.0164,       0.047,  33339.4736,            ,            ,            ,   20145.840,       0.625,       0.047,   6622.0623,       0.047,   4751.2000,            ,            ,            ,   20191.990,       0.645,       0.047,   2419.1786,       0.047,   1472.4976,            ,            ,            ,
                              ,   19477.014,       1.169,       0.050,   2633.9067,       0.050,   3330.6016,            ,            ,            ,   19776.474,       1.121,       0.050,   4306.1191,       0.050,   3621.0487,            ,            ,            ,   19839.112,       1.197,       0.050,   1620.1922,       0.050,   6685.1343,            ,            ,            ,   19893.325,       0.707,       0.050,  88037.7954,       0.050,  36365.5598,            ,            ,            ,   20146.466,       0.626,       0.050,   6055.0722,       0.050,   4680.0803,            ,            ,            ,   20192.641,       0.651,       0.050,   4571.8379,       0.050,   1510.0647,            ,            ,            ,
                              ,   19478.163,       1.149,       0.053,    404.4742,       0.053,   3393.4737,            ,            ,            ,   19777.600,       1.126,       0.053,   6342.0309,       0.053,   3822.4717,            ,            ,            ,   19840.294,       1.182,       0.053,   1970.2178,       0.053,   5826.2897,            ,            ,            ,   19894.025,       0.700,       0.053,  76924.0172,       0.053,  39705.6776,            ,            ,            ,   20147.068,       0.602,       0.053,   5412.7161,       0.053,   4350.2137,            ,            ,            ,   20193.296,       0.655,       0.053,   2922.6116,       0.053,   1550.6606,            ,            ,            ,
                              ,   19479.235,       1.072,       0.057,   3936.5536,       0.057,   3468.9991,            ,            ,            ,   19778.702,       1.102,       0.057,   8532.3826,       0.057,   4037.6911,            ,            ,            ,   19841.444,       1.150,       0.057,   2452.6136,       0.057,   5110.6882,            ,            ,            ,   19894.715,       0.690,       0.057,  19174.1935,       0.057,  43276.1159,            ,            ,            ,   20147.664,       0.596,       0.057,   4723.6569,       0.057,   3828.7055,            ,            ,            ,   20193.943,       0.647,       0.057,    514.8747,       0.057,   1594.3166,            ,            ,            ,
                              ,   19480.304,       1.069,       0.060,   1421.5091,       0.060,   3558.9685,            ,            ,            ,   19779.757,       1.055,       0.060,  10627.7751,       0.060,   4264.6531,            ,            ,            ,   19842.598,       1.154,       0.060,   2993.6574,       0.060,   4510.4937,            ,            ,            ,   19895.394,       0.679,       0.060,  19586.8048,       0.060,  46913.2450,            ,            ,            ,   20148.251,       0.587,       0.060,   4013.8380,       0.060,   3228.8316,            ,            ,            ,   20194.585,       0.642,       0.060,   1581.1863,       0.060,   1641.0430,            ,            ,            ,
                              ,   19481.408,       1.104,       0.063,  14107.5300,       0.063,   3665.4279,            ,            ,            ,   19780.869,       1.112,       0.063,  12393.1315,       0.063,   4500.4032,            ,            ,            ,   19843.798,       1.200,       0.063,   3497.7239,       0.063,   4004.0558,            ,            ,            ,   19896.064,       0.670,       0.063,  22961.8348,       0.063,  50353.2674,            ,            ,            ,   20148.832,       0.581,       0.063,   3309.1577,       0.063,   2648.7932,            ,            ,            ,   20195.222,       0.637,       0.063,   2503.7345,       0.063,   1690.8227,            ,            ,            ,
                              ,   19482.492,       1.084,       0.067,  14125.8596,       0.067,   3790.7332,            ,            ,            ,   19782.018,       1.149,       0.067,  13659.7971,       0.067,   4741.0375,            ,            ,            ,   19844.975,       1.177,       0.067,   3875.9552,       0.067,   3574.3807,            ,            ,            ,   19896.728,       0.664,       0.067,  26347.7365,       0.067,  53234.5529,            ,            ,            ,   20149.416,       0.584,       0.067,   2636.3234,       0.067,   2142.7669,            ,            ,            ,   20195.852,       0.630,       0.067,   6545.5490,       0.067,   1743.6039,            ,            ,            ,
                              ,   19483.522,       1.030,       0.070,   5343.2273,       0.070,   3937.6123,            ,            ,            ,   19783.212,       1.194,       0.070,  14340.9630,       0.070,   4981.7621,            ,            ,            ,   19846.123,       1.148,       0.070,   4065.6410,       0.070,   3208.0138,            ,            ,            ,   19897.394,       0.666,       0.070,  21479.2747,       0.070,  55144.3684,            ,            ,            ,   20149.976,       0.560,       0.070,   2021.1554,       0.070,   1726.6665,            ,            ,            ,   20196.480,       0.628,       0.070,   5120.3536,       0.070,   1799.2928,            ,            ,            ,
                              ,   19484.580,       1.058,       0.073,  12569.9204,       0.073,   4109.2349,            ,            ,            ,   19784.389,       1.177,       0.073,  14409.7705,       0.073,   5217.0920,            ,            ,            ,   19847.280,       1.157,       0.073,   4038.3293,       0.073,   2894.2169,            ,            ,            ,   19898.138,       0.744,       0.073,  40980.3543,       0.073,  55718.5198,            ,            ,            ,   20150.536,       0.560,       0.073,   1485.0625,       0.073,   1395.0706,            ,            ,            ,   20197.111,       0.631,       0.073,    590.4379,       0.073,   1857.7453,            ,            ,            ,
                              ,   19485.660,       1.080,       0.077,   5795.0572,       0.077,   4309.2863,            ,            ,            ,   19785.511,       1.122,       0.077,  13864.5972,       0.077,   5441.2097,            ,            ,            ,   19848.474,       1.194,       0.077,   3800.0931,       0.077,   2624.3564,            ,            ,            ,   19899.008,       0.870,       0.077,  49883.3134,       0.077,  54765.3428,            ,            ,            ,   20151.088,       0.552,       0.077,   1041.3969,       0.077,   1134.5057,            ,            ,            ,   20197.752,       0.641,       0.077,   1253.6012,       0.077,   1918.7590,            ,            ,            ,
                              ,   19486.814,       1.154,       0.080,   1885.1684,       0.080,   4542.0393,            ,            ,            ,   19786.623,       1.112,       0.080,  12714.6195,       0.080,   5648.4647,            ,            ,            ,   19849.700,       1.226,       0.080,   3387.0174,       0.080,   2391.4434,            ,            ,            ,   19900.043,       1.035,       0.080,  12045.2857,       0.080,  52348.4533,            ,            ,            ,   20151.638,       0.550,       0.080,    693.4613,       0.080,    930.4975,            ,            ,            ,   20198.402,       0.650,       0.080,   3310.3453,       0.080,   1982.0657,            ,            ,            ,
                              ,   19487.916,       1.102,       0.083,   7444.0848,       0.083,   4812.4123,            ,            ,            ,   19787.752,       1.129,       0.083,  11002.4078,       0.083,   5833.9577,            ,            ,            ,   19850.905,       1.205,       0.083,   2856.4598,       0.083,   2189.7852,            ,            ,            ,   19900.996,       0.953,       0.083,  23639.6166,       0.083,  48771.7169,            ,            ,            ,   20152.196,       0.558,       0.083,    435.1227,       0.083,    770.3759,            ,            ,            ,   20199.060,       0.658,       0.083,   2948.9314,       0.083,   2047.3250,            ,            ,            ,
                              ,   19488.978,       1.062,       0.087,    466.1153,       0.087,   5125.9891,            ,            ,            ,   19788.926,       1.174,       0.087,   8848.9685,       0.087,   5994.1147,            ,            ,            ,   19852.091,       1.186,       0.087,   2274.5290,       0.087,   2014.7190,            ,            ,            ,   19901.956,       0.960,       0.087,  18520.4184,       0.087,  44473.1739,            ,            ,            ,   20152.731,       0.535,       0.087,    253.7456,       0.087,    643.9592,            ,            ,            ,   20199.722,       0.662,       0.087,   1173.3936,       0.087,   2114.1195,            ,            ,            ,
                              ,   19490.042,       1.064,       0.090,   6524.8956,       0.090,   5488.9589,            ,            ,            ,   19790.077,       1.151,       0.090,   6482.9375,       0.090,   6127.1422,            ,            ,            ,   19853.276,       1.185,       0.090,   1703.0846,       0.090,   1862.4072,            ,            ,            ,   19902.894,       0.938,       0.090,  22769.0512,       0.090,  39893.2990,            ,            ,            ,   20153.270,       0.539,       0.090,    134.1468,       0.090,    543.3849,            ,            ,            ,   20200.381,       0.659,       0.090,   1830.3892,       0.090,   2181.9532,            ,            ,            ,
                              ,   19491.181,       1.139,       0.093,   1565.4300,       0.093,   5907.9077,            ,            ,            ,   19791.167,       1.090,       0.093,   4218.4547,       0.093,   6233.2749,            ,            ,            ,   19854.465,       1.189,       0.093,   1191.5553,       0.093,   1729.6771,            ,            ,            ,   19903.897,       1.003,       0.093,   7638.7221,       0.093,  35382.4287,            ,            ,            ,   20153.807,       0.537,       0.093,     61.9714,       0.093,    462.6895,            ,            ,            ,   20201.040,       0.659,       0.093,   3258.0040,       0.093,   2250.2531,            ,            ,            ,
                              ,   19492.335,       1.154,       0.097,   2780.1039,       0.097,   6389.3437,            ,            ,            ,   19792.230,       1.063,       0.097,   2375.9984,       0.097,   6314.7710,            ,            ,            ,   19855.649,       1.184,       0.097,    776.3568,       0.097,   1613.8973,            ,            ,            ,   19904.969,       1.072,       0.097,  49008.4474,       0.097,  31168.5362,            ,            ,            ,   20154.352,       0.545,       0.097,     25.3910,       0.097,    397.3778,            ,            ,            ,   20201.696,       0.656,       0.097,    565.0835,       0.097,   2318.3764,            ,            ,            ,
                              ,   19493.466,       1.131,       0.100,    347.2741,       0.100,   6938.7829,            ,            ,            ,   19793.331,       1.101,       0.100,   1178.0081,       0.100,   6375.6768,            ,            ,            ,   19856.808,       1.159,       0.100,    484.6922,       0.100,   1512.8790,            ,            ,            ,   19906.050,       1.081,       0.100, 103694.4247,       0.100,  27369.2328,            ,            ,            ,   20154.907,       0.555,       0.100,     14.9930,       0.100,    344.0606,            ,            ,            ,   20202.351,       0.655,       0.100,   1707.7535,       0.100,   2385.6217,            ,            ,            ,
                              ,   19494.564,       1.098,       0.103,  11603.8765,       0.103,   7559.1484,            ,            ,            ,   19794.471,       1.140,       0.103,    671.3419,       0.103,   6421.4303,            ,            ,            ,   19857.960,       1.152,       0.103,    335.5024,       0.103,   1424.7991,            ,            ,            ,   19907.110,       1.060,       0.103,  82377.1505,       0.103,  24022.1635,            ,            ,            ,   20155.443,       0.536,       0.103,     22.6255,       0.103,    300.1721,            ,            ,            ,   20203.007,       0.656,       0.103,   2698.7884,       0.103,   2451.2472,            ,            ,            ,
                              ,   19495.672,       1.108,       0.107,   2642.1661,       0.107,   8248.1936,            ,            ,            ,   19795.665,       1.194,       0.107,    717.9764,       0.107,   6458.3994,            ,            ,            ,   19859.152,       1.192,       0.107,    332.9776,       0.107,   1348.1384,            ,            ,            ,   19908.153,       1.043,       0.107,  20842.2522,       0.107,  21115.7658,            ,            ,            ,   20155.984,       0.541,       0.107,     40.3380,       0.107,    263.7580,            ,            ,            ,   20203.668,       0.661,       0.107,   4507.6716,       0.107,   2514.4938,            ,            ,            ,
                              ,   19496.838,       1.166,       0.110,    762.7192,       0.110,   8994.7329,            ,            ,            ,   19796.840,       1.175,       0.110,   1060.3354,       0.110,   6493.4463,            ,            ,            ,   19860.356,       1.204,       0.110,    456.1075,       0.110,   1281.6335,            ,            ,            ,   19909.150,       0.997,       0.110,   4471.1042,       0.110,  18612.8179,            ,            ,            ,   20156.533,       0.549,       0.110,     60.2670,       0.110,    233.3190,            ,            ,            ,   20204.336,       0.668,       0.110,    382.1227,       0.110,   2574.6134,            ,            ,            ,
                              ,   19498.075,       1.237,       0.113,   1489.3207,       0.113,   9773.8316,            ,            ,            ,   19798.010,       1.170,       0.113,   1429.2243,       0.113,   6533.5822,            ,            ,            ,   19861.533,       1.177,       0.113,    654.3521,       0.113,   1224.2377,            ,            ,            ,   19910.221,       1.071,       0.113,   4712.5277,       0.113,  16465.8176,            ,            ,            ,   20157.088,       0.555,       0.113,     75.5919,       0.113,    207.6956,            ,            ,            ,   20205.005,       0.669,       0.113,   3494.0900,       0.113,   2630.9004,            ,            ,            ,
                              ,   19499.252,       1.177,       0.117,   5805.0037,       0.117,  10542.0171,            ,            ,            ,   19799.202,       1.192,       0.117,   1642.2065,       0.117,   6585.7419,            ,            ,            ,   19862.701,       1.168,       0.117,    857.9757,       0.117,   1175.0909,            ,            ,            ,   19911.303,       1.082,       0.117,   9670.1634,       0.117,  14625.8878,            ,            ,            ,   20157.658,       0.570,       0.117,     81.9668,       0.117,    185.9841,            ,            ,            ,   20205.674,       0.669,       0.117,   6919.2508,       0.117,   2682.7245,            ,            ,            ,
                              ,   19500.349,       1.097,       0.120,   1385.9910,       0.120,  11235.0921,            ,            ,            ,   19800.386,       1.184,       0.120,   1648.6748,       0.120,   6656.6775,            ,            ,            ,   19863.912,       1.211,       0.120,   1001.8196,       0.120,   1133.4961,            ,            ,            ,   19912.198,       0.895,       0.120,  18754.0250,       0.120,  13047.3376,            ,            ,            ,   20158.213,       0.555,       0.120,     78.5127,       0.120,    167.4745,            ,            ,            ,   20206.336,       0.662,       0.120,   3407.4144,       0.120,   2729.5633,            ,            ,            ,
                              ,   19501.412,       1.063,       0.123,   5523.2311,       0.123,  11772.5857,            ,            ,            ,   19801.571,       1.185,       0.123,   1509.5632,       0.123,   6752.9458,            ,            ,            ,   19865.133,       1.221,       0.123,   1050.5219,       0.123,   1098.9015,            ,            ,            ,   19913.074,       0.876,       0.123,   7473.1397,       0.123,  11689.6007,            ,            ,            ,   20158.780,       0.567,       0.123,     67.6793,       0.123,    151.6047,            ,            ,            ,   20206.993,       0.657,       0.123,    518.0025,       0.123,   2771.0296,            ,            ,            ,
                              ,   19502.488,       1.076,       0.127,   4868.2380,       0.127,  12072.2899,            ,            ,            ,   19802.737,       1.166,       0.127,   1337.2588,       0.127,   6880.9530,            ,            ,            ,   19866.320,       1.187,       0.127,   1010.2296,       0.127,   1070.8879,            ,            ,            ,   19913.968,       0.894,       0.127,   1953.7957,       0.127,  10517.7221,            ,            ,            ,   20159.351,       0.571,       0.127,     53.8995,       0.127,    137.9261,            ,            ,            ,   20207.646,       0.653,       0.127,    977.7426,       0.127,   2806.8939,            ,            ,            ,
                              ,   19503.678,       1.190,       0.130,   9489.1849,       0.130,  12073.4277,            ,            ,            ,   19803.855,       1.118,       0.130,   1243.4621,       0.130,   7047.0054,            ,            ,            ,   19867.508,       1.188,       0.130,    919.5973,       0.130,   1049.1607,            ,            ,            ,   19914.824,       0.856,       0.130,   3350.0817,       0.130,   9502.1126,            ,            ,            ,   20159.922,       0.571,       0.130,     41.5965,       0.130,    126.0784,            ,            ,            ,   20208.294,       0.648,       0.130,    922.7065,       0.130,   2837.0979,            ,            ,            ,
                              ,   19504.867,       1.189,       0.133,  11212.7744,       0.133,  11759.0348,            ,            ,            ,   19804.978,       1.123,       0.133,   1334.4166,       0.133,   7257.3038,            ,            ,            ,   19868.719,       1.211,       0.133,    825.8471,       0.133,   1033.5462,            ,            ,            ,   19915.661,       0.837,       0.133,   4220.0199,       0.133,   8617.9857,            ,            ,            ,   20160.509,       0.587,       0.133,     33.4332,       0.133,    115.7701,            ,            ,            ,   20208.943,       0.649,       0.133,     62.2595,       0.133,   2861.7589,            ,            ,            ,
                              ,   19506.088,       1.221,       0.137,   5074.5728,       0.137,  11164.3487,            ,            ,            ,   19806.118,       1.140,       0.137,   1755.0253,       0.137,   7517.7923,            ,            ,            ,   19869.947,       1.228,       0.137,    760.4470,       0.137,   1023.9926,            ,            ,            ,   19916.478,       0.817,       0.137,   3042.0717,       0.137,   7844.6976,            ,            ,            ,   20161.077,       0.568,       0.137,     29.5474,       0.137,    106.7636,            ,            ,            ,   20209.599,       0.656,       0.137,    790.5070,       0.137,   2881.1648,            ,            ,            ,
                              ,   19507.268,       1.180,       0.140,   9266.5241,       0.140,  10365.0893,            ,            ,            ,   19807.330,       1.212,       0.140,   2736.8724,       0.140,   7833.7297,            ,            ,            ,   19871.123,       1.176,       0.140,    727.6939,       0.140,   1020.5769,            ,            ,            ,   19917.282,       0.804,       0.140,   1885.7613,       0.140,   7165.1021,            ,            ,            ,   20161.658,       0.581,       0.140,     28.0121,       0.140,     98.8645,            ,            ,            ,   20210.262,       0.663,       0.140,    440.6882,       0.140,   2895.7609,            ,            ,            ,
                              ,   19508.393,       1.125,       0.143,   3759.0997,       0.143,   9452.7752,            ,            ,            ,   19808.534,       1.204,       0.143,   4583.0106,       0.143,   8208.7835,            ,            ,            ,   19872.296,       1.173,       0.143,    710.0264,       0.143,   1023.5162,            ,            ,            ,   19918.090,       0.808,       0.143,   4102.2133,       0.143,   6564.9687,            ,            ,            ,   20162.244,       0.586,       0.143,     26.1725,       0.143,     91.9124,            ,            ,            ,   20210.934,       0.672,       0.143,     96.3434,       0.143,   2906.1293,            ,            ,            ,
                              ,   19509.517,       1.124,       0.147,    210.4245,       0.147,   8510.9526,            ,            ,            ,   19809.694,       1.160,       0.147,   7549.0009,       0.147,   8643.3573,            ,            ,            ,   19873.438,       1.142,       0.147,    683.6297,       0.147,   1033.1874,            ,            ,            ,   19918.924,       0.834,       0.147,   2215.9856,       0.147,   6032.4801,            ,            ,            ,   20162.829,       0.585,       0.147,     22.1411,       0.147,     85.7743,            ,            ,            ,   20211.603,       0.669,       0.147,    268.0102,       0.147,   2912.9650,            ,            ,            ,
                              ,   19510.645,       1.128,       0.150,    849.0414,       0.150,   7601.6770,            ,            ,            ,   19810.859,       1.165,       0.150,  11649.4596,       0.150,   9131.7880,            ,            ,            ,   19874.623,       1.185,       0.150,    633.5880,       0.150,   1050.1559,            ,            ,            ,   19919.800,       0.876,       0.150,   3797.0126,       0.150,   5557.8097,            ,            ,            ,   20163.429,       0.600,       0.150,     15.7354,       0.150,     80.3397,            ,            ,            ,   20212.271,       0.668,       0.150,   2950.5085,       0.150,   2917.0490,            ,            ,            ,
                              ,   19511.707,       1.062,       0.153,  13210.9021,       0.153,   6762.9536,            ,            ,            ,   19812.030,       1.171,       0.153,  16491.5747,       0.153,   9658.1029,            ,            ,            ,   19875.776,       1.153,       0.153,    560.9557,       0.153,   1075.2155,            ,            ,            ,   19920.697,       0.897,       0.153,   3843.2758,       0.153,   5132.7702,            ,            ,            ,   20164.006,       0.577,       0.153,      8.4839,       0.153,     75.5158,            ,            ,            ,   20212.939,       0.668,       0.153,   4184.6561,       0.153,   2919.2219,            ,            ,            ,
                              ,   19512.776,       1.069,       0.157,  14946.6466,       0.157,   6012.8243,            ,            ,            ,   19813.238,       1.208,       0.157,  21257.8405,       0.157,  10190.4710,            ,            ,            ,   19876.902,       1.126,       0.157,    480.9592,       0.157,   1109.4453,            ,            ,            ,   19921.582,       0.885,       0.157,   2773.1878,       0.157,   4750.5255,            ,            ,            ,   20164.587,       0.581,       0.157,      2.7991,       0.157,     71.2247,            ,            ,            ,   20213.609,       0.670,       0.157,    880.5001,       0.157,   2920.3604,            ,            ,            ,
                              ,   19513.954,       1.178,       0.160,   5122.5287,       0.160,   5355.5553,            ,            ,            ,   19814.437,       1.199,       0.160,  24900.8931,       0.160,  10675.7454,            ,            ,            ,   19878.028,       1.126,       0.160,    416.9950,       0.160,   1154.2871,            ,            ,            ,   19922.418,       0.836,       0.160,   1976.8698,       0.160,   4405.3539,            ,            ,            ,   20165.173,       0.586,       0.160,      0.7853,       0.160,     67.4007,            ,            ,            ,   20214.287,       0.678,       0.160,   1325.7480,       0.160,   2921.3575,            ,            ,            ,
                              ,   19515.188,       1.234,       0.163,  10380.8579,       0.163,   4787.2384,            ,            ,            ,   19815.575,       1.138,       0.163,  26497.6609,       0.163,  11037.8378,            ,            ,            ,   19879.216,       1.188,       0.163,    396.3926,       0.163,   1211.6537,            ,            ,            ,   19923.259,       0.841,       0.163,    780.7656,       0.163,   4092.4549,            ,            ,            ,   20165.754,       0.581,       0.163,      3.2592,       0.163,     63.9879,            ,            ,            ,   20214.972,       0.685,       0.163,    887.7920,       0.163,   2923.1062,            ,            ,            ,
                              ,   19516.437,       1.249,       0.167,   1900.5228,       0.167,   4299.8764,            ,            ,            ,   19816.721,       1.146,       0.167,  25606.5673,       0.167,  11186.0687,            ,            ,            ,            ,            ,       0.167,    451.3880,       0.167,   1284.0753,            ,            ,            ,   19924.106,       0.847,       0.167,   3553.9664,       0.167,   3807.7905,            ,            ,            ,   20166.350,       0.596,       0.167,      9.3948,       0.167,     60.9391,            ,            ,            ,   20215.665,       0.693,       0.167,   3578.8453,       0.167,   2926.4904,            ,            ,            ,
                              ,   19517.654,       1.217,       0.170,   1703.7873,       0.170,   3883.9820,            ,            ,            ,   19817.906,       1.185,       0.170,  22450.0894,       0.170,  11038.3734,            ,            ,            ,            ,            ,       0.170,    624.3470,       0.170,   1374.9017,            ,            ,            ,   19924.951,       0.845,       0.170,   3219.5327,       0.170,   3547.9556,            ,            ,            ,   20166.922,       0.572,       0.170,     17.0840,       0.170,     58.2138,            ,            ,            ,   20216.372,       0.707,       0.170,   2161.7920,       0.170,   2932.3785,            ,            ,            ,
                              ,   19518.789,       1.135,       0.173,    859.3734,       0.173,   3530.0580,            ,            ,            ,   19819.101,       1.195,       0.173,  17827.1065,       0.173,  10554.7773,            ,            ,            ,            ,            ,       0.173,    971.9077,       0.173,   1488.5714,            ,            ,            ,   19925.823,       0.872,       0.173,    921.4074,       0.173,   3310.0710,            ,            ,            ,   20167.494,       0.572,       0.173,     23.7897,       0.173,     55.7774,            ,            ,            ,   20217.075,       0.703,       0.173,   3581.2330,       0.173,   2941.6235,            ,            ,            ,
                              ,   19519.875,       1.086,       0.177,   2841.4093,       0.177,   3229.3431,            ,            ,            ,            ,            ,       0.177,  12799.4628,       0.177,   9762.4594,            ,            ,            ,            ,            ,       0.177,   1560.1574,       0.177,   1630.9628,            ,            ,            ,   19926.761,       0.938,       0.177,    668.9232,       0.177,   3091.6946,            ,            ,            ,   20168.060,       0.566,       0.177,     27.4980,       0.177,     53.6002,            ,            ,            ,   20217.763,       0.688,       0.177,   3032.1870,       0.177,   2955.0659,            ,            ,            ,
                              ,   19520.923,       1.048,       0.180,    864.7709,       0.180,   2974.1187,            ,            ,            ,            ,            ,       0.180,   8310.5334,       0.180,   8751.7610,            ,            ,            ,            ,            ,       0.180,   2444.3066,       0.180,   1809.8149,            ,            ,            ,   19927.777,       1.016,       0.180,   1582.0349,       0.180,   2890.7488,            ,            ,            ,   20168.637,       0.577,       0.180,     27.3919,       0.180,     51.6570,            ,            ,            ,   20218.441,       0.678,       0.180,   2980.9052,       0.180,   2973.5409,            ,            ,            ,
                              ,   19522.043,       1.120,       0.183,   2723.4199,       0.183,   2757.7743,            ,            ,            ,            ,            ,       0.183,   4913.6187,       0.183,   7642.8053,            ,            ,            ,            ,            ,       0.183,   3633.1495,       0.183,   2035.1373,            ,            ,            ,   19928.818,       1.041,       0.183,    414.8498,       0.183,   2705.4594,            ,            ,            ,   20169.220,       0.583,       0.183,     24.0328,       0.183,     49.9258,            ,            ,            ,   20219.112,       0.671,       0.183,   1828.9271,       0.183,   2997.8882,            ,            ,            ,
                              ,   19523.229,       1.186,       0.187,   4608.1947,       0.187,   2574.7527,            ,            ,            ,            ,            ,       0.187,   2709.6478,       0.187,   6545.4195,            ,            ,            ,            ,            ,       0.187,   5049.7298,       0.187,   2319.3316,            ,            ,            ,   19929.809,       0.991,       0.187,   2221.7362,       0.187,   2534.3045,            ,            ,            ,   20169.783,       0.563,       0.187,     19.0480,       0.187,     48.3880,            ,            ,            ,   20219.784,       0.672,       0.187,   1417.7873,       0.187,   3028.9638,            ,            ,            ,
                              ,   19524.419,       1.190,       0.190,   5017.8658,       0.190,   2420.4436,            ,            ,            ,            ,            ,       0.190,   1473.2570,       0.190,   5535.0469,            ,            ,            ,            ,            ,       0.190,   6509.5537,       0.190,   2676.2461,            ,            ,            ,   19930.758,       0.949,       0.190,   1767.7765,       0.190,   2375.9727,            ,            ,            ,   20170.342,       0.559,       0.190,     14.4965,       0.190,     47.0275,            ,            ,            ,   20220.473,       0.689,       0.190,  13081.7653,       0.190,   3067.6541,            ,            ,            ,
                              ,   19525.573,       1.154,       0.193,   1353.2239,       0.193,   2291.0631,            ,            ,            ,            ,            ,       0.193,    859.3629,       0.193,   4649.4973,            ,            ,            ,            ,            ,       0.193,   7738.4143,       0.193,   3117.2779,            ,            ,            ,   19931.680,       0.922,       0.193,    362.3995,       0.193,   2229.3273,            ,            ,            ,   20170.906,       0.564,       0.193,     12.1637,       0.193,     45.8305,            ,            ,            ,   20221.183,       0.710,       0.193,  20244.6489,       0.193,   3114.8904,            ,            ,            ,
                              ,   19526.685,       1.112,       0.197,   2182.4718,       0.197,   2183.5388,            ,            ,            ,            ,            ,       0.197,    572.5575,       0.197,   3897.9903,            ,            ,            ,            ,            ,       0.197,   8438.4120,       0.197,   3640.6923,            ,            ,            ,   19932.580,       0.900,       0.197,    951.7511,       0.197,   2093.3770,            ,            ,            ,   20171.468,       0.562,       0.197,     13.0149,       0.197,     44.7854,            ,            ,            ,   20221.912,       0.729,       0.197,  18082.7070,       0.197,   3171.6644,            ,            ,            ,
                              ,   19527.817,       1.132,       0.200,   4862.9491,       0.200,   2095.4091,            ,            ,            ,            ,            ,       0.200,    437.5578,       0.200,   3272.8015,            ,            ,            ,            ,            ,       0.200,   8386.4784,       0.200,   4209.1175,            ,            ,            ,   19933.462,       0.882,       0.200,    646.1310,       0.200,   1967.2514,            ,            ,            ,   20172.043,       0.575,       0.200,     16.9510,       0.200,     43.8824,            ,            ,            ,   20222.645,       0.733,       0.200,   7119.9260,       0.200,   3239.0431,            ,            ,            ,
                              ,   19528.971,       1.154,       0.203,   4486.7671,       0.203,   2024.7380,            ,            ,            ,            ,            ,       0.203,    381.3364,       0.203,   2758.4637,            ,            ,            ,            ,            ,       0.203,   7527.0349,       0.203,   4718.0633,            ,            ,            ,   19934.370,       0.908,       0.203,   1573.7472,       0.203,   1850.1804,            ,            ,            ,   20172.630,       0.587,       0.203,     22.8969,       0.203,     43.1131,            ,            ,            ,   20223.371,       0.726,       0.203,   4715.6064,       0.203,   3318.1823,            ,            ,            ,
                              ,   19530.047,       1.076,       0.207,    732.7607,       0.207,   1970.0485,            ,            ,            ,            ,            ,       0.207,    379.2434,       0.207,   2337.4775,            ,            ,            ,            ,            ,       0.207,   6014.2508,       0.207,   4990.7651,            ,            ,            ,   19935.391,       1.021,       0.207,   1644.9517,       0.207,   1741.4775,            ,            ,            ,   20173.220,       0.590,       0.207,     29.1584,       0.207,     42.4709,            ,            ,            ,   20224.080,       0.709,       0.207,  12242.6508,       0.207,   3410.3365,            ,            ,            ,
                              ,   19531.071,       1.024,       0.210,    827.2512,       0.210,   1930.2721,            ,            ,            ,            ,            ,       0.210,    413.4192,       0.210,   1993.2571,            ,            ,            ,            ,            ,       0.210,   4177.1082,       0.210,   4865.2529,            ,            ,            ,   19936.428,       1.037,       0.210,    472.4931,       0.210,   1640.5263,            ,            ,            ,   20173.820,       0.600,       0.210,     33.9225,       0.210,     41.9502,            ,            ,            ,   20224.779,       0.699,       0.210,  18539.2319,       0.210,   3516.8626,            ,            ,            ,
                              ,   19532.109,       1.038,       0.213,    484.0109,       0.213,   1904.7138,            ,            ,            ,            ,            ,       0.213,    460.7785,       0.213,   1711.3434,            ,            ,            ,            ,            ,       0.213,   2415.4221,       0.213,   4342.9013,            ,            ,            ,   19937.524,       1.096,       0.213,     47.8855,       0.213,   1546.7689,            ,            ,            ,   20174.395,       0.575,       0.213,     35.7566,       0.213,     41.5469,            ,            ,            ,   20225.474,       0.695,       0.213,  15772.9781,       0.213,   3639.2130,            ,            ,            ,
                              ,   19533.151,       1.042,       0.217,    522.5261,       0.217,   1893.0319,            ,            ,            ,            ,            ,       0.217,    499.8864,       0.217,   1479.6869,            ,            ,            ,            ,            ,       0.217,   1068.7737,       0.217,   3604.7893,            ,            ,            ,   19938.587,       1.063,       0.217,    258.5839,       0.217,   1459.6971,            ,            ,            ,   20174.986,       0.591,       0.217,     33.9823,       0.217,     41.2580,            ,            ,            ,   20226.167,       0.693,       0.217,  10797.1928,       0.217,   3778.9112,            ,            ,            ,
                              ,   19534.172,       1.021,       0.220,   3765.4375,       0.220,   1895.2326,            ,            ,            ,            ,            ,       0.220,    518.5026,       0.220,   1288.4948,            ,            ,            ,            ,            ,       0.220,    313.7968,       0.220,   2857.9807,            ,            ,            ,   19939.605,       1.018,       0.220,     29.1327,       0.220,   1378.8449,            ,            ,            ,   20175.569,       0.583,       0.220,     28.8386,       0.220,     41.0816,            ,            ,            ,   20226.871,       0.704,       0.220,   3760.4793,       0.220,   3937.4998,            ,            ,            ,
                              ,   19535.201,       1.029,       0.223,   1467.8593,       0.223,   1911.6788,            ,            ,            ,            ,            ,       0.223,    513.0403,       0.223,   1129.9182,            ,            ,            ,            ,            ,       0.223,    130.5875,       0.223,   2219.0265,            ,            ,            ,   19940.585,       0.980,       0.223,    388.5138,       0.223,   1303.7829,            ,            ,            ,   20176.156,       0.587,       0.223,     21.4114,       0.223,     41.0169,            ,            ,            ,   20227.585,       0.714,       0.223,   3517.8937,       0.223,   4116.4455,            ,            ,            ,
                              ,   19536.335,       1.134,       0.227,    160.9198,       0.227,   1943.1130,            ,            ,            ,            ,            ,       0.227,    483.1932,       0.227,    997.7083,            ,            ,            ,            ,            ,       0.227,    344.7716,       0.227,   1716.5869,            ,            ,            ,   19941.527,       0.942,       0.227,    683.6844,       0.227,   1234.1135,            ,            ,            ,   20176.747,       0.591,       0.227,     13.3564,       0.227,     41.0643,            ,            ,            ,   20228.312,       0.727,       0.227,   6728.3118,       0.227,   4316.9811,            ,            ,            ,
                              ,   19537.457,       1.122,       0.230,    947.7566,       0.230,   1990.6969,            ,            ,            ,            ,            ,       0.230,    428.7804,       0.230,    886.9031,            ,            ,            ,            ,            ,       0.230,    717.4006,       0.230,   1336.1360,            ,            ,            ,   19942.429,       0.902,       0.230,   1416.5352,       0.230,   1169.4671,            ,            ,            ,   20177.314,       0.567,       0.230,      6.4902,       0.230,     41.2252,            ,            ,            ,   20229.037,       0.725,       0.230,   7093.3227,       0.230,   4539.8543,            ,            ,            ,
                              ,   19538.529,       1.072,       0.233,   3550.0145,       0.233,   2056.0649,            ,            ,            ,            ,            ,       0.233,    351.4746,       0.233,    793.5602,            ,            ,            ,            ,            ,       0.233,   1038.2826,       0.233,   1051.5469,            ,            ,            ,   19943.313,       0.884,       0.233,    243.1768,       0.233,   1109.4995,            ,            ,            ,   20177.883,       0.569,       0.233,      2.3522,       0.233,     41.5021,            ,            ,            ,   20229.752,       0.715,       0.233,   3327.5458,       0.233,   4784.9487,            ,            ,            ,
                              ,   19539.626,       1.097,       0.237,   1513.5582,       0.237,   2141.3929,            ,            ,            ,            ,            ,       0.237,    258.3729,       0.237,    714.5410,            ,            ,            ,            ,            ,       0.237,   1185.5438,       0.237,    838.3942,            ,            ,            ,   19944.181,       0.868,       0.237,    182.2026,       0.237,   1053.8894,            ,            ,            ,   20178.455,       0.572,       0.237,      1.8397,       0.237,     41.8989,            ,            ,            ,   20230.455,       0.703,       0.237,   5357.9995,       0.237,   5050.7402,            ,            ,            ,
                              ,   19540.696,       1.070,       0.240,    317.0605,       0.240,   2249.4747,            ,            ,            ,            ,            ,       0.240,    162.8959,       0.240,    647.3383,            ,            ,            ,            ,            ,       0.240,   1137.1993,       0.240,    677.4632,            ,            ,            ,   19945.054,       0.873,       0.240,    129.2212,       0.240,   1002.3360,            ,            ,            ,   20179.018,       0.563,       0.240,      5.0063,       0.240,     42.4207,            ,            ,            ,   20231.149,       0.694,       0.240,   9773.0436,       0.240,   5333.5593,            ,            ,            ,
                              ,   19541.725,       1.029,       0.243,    836.6686,       0.243,   2383.7925,            ,            ,            ,            ,            ,       0.243,     81.3315,       0.243,    589.9409,            ,            ,            ,            ,            ,       0.243,    944.3554,       0.243,    554.6071,            ,            ,            ,   19945.970,       0.916,       0.243,    303.1830,       0.243,    954.5584,            ,            ,            ,   20179.587,       0.569,       0.243,     11.0746,       0.243,     43.0739,            ,            ,            ,   20231.844,       0.695,       0.243,   1385.2513,       0.243,   5626.6735,            ,            ,            ,
                              ,   19542.814,       1.089,       0.247,   1950.0238,       0.247,   2548.5483,            ,            ,            ,            ,            ,       0.247,     26.9143,       0.247,    540.7287,            ,            ,            ,            ,            ,       0.247,    688.4211,       0.247,    459.6681,            ,            ,            ,   19946.957,       0.987,       0.247,    512.9858,       0.247,    910.2934,            ,            ,            ,   20180.159,       0.572,       0.247,     18.6648,       0.247,     43.8665,            ,            ,            ,   20232.552,       0.708,       0.247,     23.2111,       0.247,   5919.2893,            ,            ,            ,
                              ,   19543.874,       1.060,       0.250,   2487.5003,       0.250,   2748.5854,            ,            ,            ,            ,            ,       0.250,      4.8169,       0.250,    498.3901,            ,            ,            ,            ,            ,       0.250,    443.5049,       0.250,    385.3967,            ,            ,            ,   19947.996,       1.039,       0.250,    178.1651,       0.250,    869.2946,            ,            ,            ,   20180.727,       0.568,       0.250,     26.1879,       0.250,     44.8082,            ,            ,            ,   20233.273,       0.721,       0.250,    496.3455,       0.250,   6195.7279,            ,            ,            ,
                              ,   19544.879,       1.005,       0.253,    330.0972,       0.253,   2989.0630,            ,            ,            ,            ,            ,       0.253,     10.5770,       0.253,    461.8586,            ,            ,            ,            ,            ,       0.253,    255.3206,       0.253,    326.6019,            ,            ,            ,   19949.013,       1.017,       0.253,      3.1933,       0.253,    831.3314,            ,            ,            ,   20181.293,       0.566,       0.253,     32.3021,       0.253,     45.9107,            ,            ,            ,   20234.003,       0.730,       0.253,    919.7392,       0.253,   6435.2403,            ,            ,            ,
                              ,   19545.939,       1.060,       0.257,   3255.6326,       0.257,   3274.6267,            ,            ,            ,            ,            ,       0.257,     32.6453,       0.257,    430.2631,            ,            ,            ,            ,            ,       0.257,    137.3165,       0.257,    279.5365,            ,            ,            ,   19949.998,       0.985,       0.257,    257.9503,       0.257,    796.1880,            ,            ,            ,   20181.852,       0.559,       0.257,     36.3029,       0.257,     47.1874,            ,            ,            ,   20234.724,       0.721,       0.257,   2125.6942,       0.257,   6613.1007,            ,            ,            ,
                              ,   19546.989,       1.050,       0.260,   5161.3287,       0.260,   3607.6411,            ,            ,            ,            ,            ,       0.260,     57.8983,       0.260,    402.8884,            ,            ,            ,            ,            ,       0.260,     78.4937,       0.260,    241.4675,            ,            ,            ,   19950.924,       0.926,       0.260,    520.5117,       0.260,    763.6624,            ,            ,            ,            ,            ,       0.260,     38.3268,       0.260,     48.6546,            ,            ,            ,   20235.440,       0.716,       0.260,   6184.3635,       0.260,   6703.5488,            ,            ,            ,
                              ,   19548.018,       1.029,       0.263,    116.1839,       0.263,   3984.8678,            ,            ,            ,            ,            ,       0.263,     77.5314,       0.263,    379.1455,            ,            ,            ,            ,            ,       0.263,     56.0398,       0.263,    210.3790,            ,            ,            ,   19951.830,       0.906,       0.263,    144.3675,       0.263,    733.5655,            ,            ,            ,            ,            ,       0.263,     39.2912,       0.263,     50.3309,            ,            ,            ,   20236.155,       0.715,       0.263,  14578.2255,       0.263,   6684.5992,            ,            ,            ,
                              ,   19549.113,       1.095,       0.267,   3843.1848,       0.267,   4392.0263,            ,            ,            ,            ,            ,       0.267,     90.2360,       0.267,    358.5468,            ,            ,            ,            ,            ,       0.267,     47.3332,       0.267,    184.7670,            ,            ,            ,   19952.712,       0.882,       0.267,     91.3950,       0.267,    705.7203,            ,            ,            ,            ,            ,       0.267,     40.5729,       0.267,     52.2382,            ,            ,            ,   20236.880,       0.725,       0.267,  18470.9980,       0.267,   6543.6698,            ,            ,            ,
                              ,   19550.207,       1.094,       0.270,   2969.7683,       0.270,   4796.6535,            ,            ,            ,            ,            ,       0.270,    100.7395,       0.270,    340.6874,            ,            ,            ,            ,            ,       0.270,     37.9081,       0.270,    163.4967,            ,            ,            ,   19953.595,       0.883,       0.270,    289.7512,       0.270,    679.9609,            ,            ,            ,            ,            ,       0.270,     43.5126,       0.270,     54.4016,            ,            ,            ,   20237.636,       0.756,       0.270,  11457.9536,       0.270,   6281.9340,            ,            ,            ,
                              ,   19551.265,       1.058,       0.273,   1391.6043,       0.273,   5142.6297,            ,            ,            ,            ,            ,       0.273,    114.5822,       0.273,    325.2298,            ,            ,            ,            ,            ,       0.273,     23.8933,       0.273,    145.7023,            ,            ,            ,   19954.475,       0.880,       0.273,    315.6491,       0.273,    656.1316,            ,            ,            ,            ,            ,       0.273,     48.8991,       0.273,     56.8501,            ,            ,            ,   20238.428,       0.792,       0.273,  19240.4482,       0.273,   5915.2346,            ,            ,            ,
                              ,   19552.390,       1.125,       0.277,    816.4773,       0.277,   5354.4228,            ,            ,            ,            ,            ,       0.277,    132.7396,       0.277,    311.8916,            ,            ,            ,            ,            ,       0.277,      9.3608,       0.277,    130.7169,            ,            ,            ,   19955.384,       0.909,       0.277,     28.0708,       0.277,    634.0862,            ,            ,            ,            ,            ,       0.277,     56.6082,       0.277,     59.6169,            ,            ,            ,   20239.223,       0.795,       0.277,  22568.4178,       0.277,   5470.8008,            ,            ,            ,
                              ,   19553.491,       1.101,       0.280,   8147.2665,       0.280,   5359.8500,            ,            ,            ,            ,            ,       0.280,    150.0336,       0.280,    300.4356,            ,            ,            ,            ,            ,       0.280,      0.8345,       0.280,    118.0214,            ,            ,            ,   19956.335,       0.951,       0.280,    132.2767,       0.280,    613.6869,            ,            ,            ,            ,            ,       0.280,     65.5257,       0.280,     62.7400,            ,            ,            ,   20240.002,       0.779,       0.280,   3138.7745,       0.280,   4981.1064,            ,            ,            ,
                              ,   19554.556,       1.065,       0.283,    856.0601,       0.283,   5126.7808,            ,            ,            ,            ,            ,       0.283,    158.4856,       0.283,    290.6618,            ,            ,            ,            ,            ,       0.283,      2.1780,       0.283,    107.2083,            ,            ,            ,   19957.337,       1.002,       0.283,      9.7392,       0.283,    594.8037,            ,            ,            ,            ,            ,       0.283,     73.8003,       0.283,     66.2619,            ,            ,            ,   20240.751,       0.749,       0.283,   2397.4252,       0.283,   4477.4332,            ,            ,            ,
                              ,   19555.662,       1.106,       0.287,   7276.6395,       0.287,   4686.9272,            ,            ,            ,            ,            ,       0.287,    152.8547,       0.287,    282.4003,            ,            ,            ,            ,            ,       0.287,     12.4747,       0.287,     97.9551,            ,            ,            ,   19958.380,       1.043,       0.287,    273.8456,       0.287,    577.3133,            ,            ,            ,            ,            ,       0.287,     79.3615,       0.287,     70.2301,            ,            ,            ,   20241.480,       0.729,       0.287,   1954.8445,       0.287,   3985.3082,            ,            ,            ,
                              ,   19556.774,       1.112,       0.290,   2523.6354,       0.290,   4121.8757,            ,            ,            ,            ,            ,       0.290,    133.8984,       0.290,    275.5060,            ,            ,            ,            ,            ,       0.290,     27.4869,       0.290,     90.0043,            ,            ,            ,   19959.383,       1.003,       0.290,     46.9303,       0.290,    561.0985,            ,            ,            ,            ,            ,       0.290,     80.5492,       0.290,     74.6967,            ,            ,            ,   20242.198,       0.718,       0.290,   5772.3643,       0.290,   3522.5811,            ,            ,            ,
                              ,   19557.837,       1.063,       0.293,    579.8821,       0.293,   3522.7376,            ,            ,            ,            ,            ,       0.293,    106.9899,       0.293,    269.8528,            ,            ,            ,            ,            ,       0.293,     43.0320,       0.293,     83.1493,            ,            ,            ,   19960.335,       0.952,       0.293,    304.7968,       0.293,    546.0470,            ,            ,            ,            ,            ,       0.293,     76.6690,       0.293,     79.7168,            ,            ,            ,   20242.915,       0.717,       0.293,   8007.0834,       0.293,   3099.6740,            ,            ,            ,
                              ,   19558.871,       1.034,       0.297,    278.4402,       0.297,   2957.2767,            ,            ,            ,            ,            ,       0.297,     77.8740,       0.297,    265.3298,            ,            ,            ,            ,            ,       0.297,     57.5920,       0.297,     77.2229,            ,            ,            ,   19961.254,       0.919,       0.297,     94.0649,       0.297,    532.0511,            ,            ,            ,            ,            ,       0.297,     68.3071,       0.297,     85.3467,            ,            ,            ,   20243.645,       0.730,       0.297,   8443.8684,       0.297,   2721.0282,            ,            ,            ,
                              ,   19559.936,       1.065,       0.300,   1872.2539,       0.300,   2460.8525,            ,            ,            ,            ,            ,       0.300,     49.8564,       0.300,    261.8364,            ,            ,            ,            ,            ,       0.300,     72.3374,       0.300,     72.0893,            ,            ,            ,   19962.141,       0.887,       0.300,    205.7636,       0.300,    519.0067,            ,            ,            ,            ,            ,       0.300,     57.3177,       0.300,     91.6396,            ,            ,            ,   20244.390,       0.745,       0.300,   7432.5703,       0.300,   2386.8873,            ,            ,            ,
                              ,   19561.018,       1.082,       0.303,    191.2330,       0.303,   2043.6079,            ,            ,            ,            ,            ,       0.303,     25.2898,       0.303,    259.2779,            ,            ,            ,            ,            ,       0.303,     88.8221,       0.303,     67.6375,            ,            ,            ,   19963.010,       0.869,       0.303,    478.5732,       0.303,    506.8127,            ,            ,            ,            ,            ,       0.303,     46.4934,       0.303,     98.6389,            ,            ,            ,   20245.143,       0.753,       0.303,   2729.7309,       0.303,   2094.8986,            ,            ,            ,
                              ,   19562.064,       1.046,       0.307,   2102.4254,       0.307,   1701.3997,            ,            ,            ,            ,            ,       0.307,     10.0834,       0.307,    257.5616,            ,            ,            ,            ,            ,       0.307,    106.3620,       0.307,     63.7766,            ,            ,            ,   19963.861,       0.851,       0.307,    303.5715,       0.307,    495.3703,            ,            ,            ,            ,            ,       0.307,     39.0123,       0.307,    106.3680,            ,            ,            ,   20245.880,       0.737,       0.307,   4247.6285,       0.307,   1841.3357,            ,            ,            ,
                              ,   19563.148,       1.084,       0.310,   2955.1012,       0.310,   1424.1102,            ,            ,            ,            ,            ,       0.310,     16.7467,       0.310,    256.5915,            ,            ,            ,            ,            ,       0.310,    121.2734,       0.310,     60.4321,            ,            ,            ,   19964.715,       0.854,       0.310,    158.3630,       0.310,    484.5826,            ,            ,            ,            ,            ,       0.310,     37.8080,       0.310,    114.8143,            ,            ,            ,   20246.606,       0.726,       0.310,   9249.7503,       0.310,   1621.9290,            ,            ,            ,
                              ,   19564.223,       1.075,       0.313,    414.4718,       0.313,   1200.3706,            ,            ,            ,            ,            ,       0.313,     62.0245,       0.313,    256.2633,            ,            ,            ,            ,            ,       0.313,    128.6486,       0.313,     57.5426,            ,            ,            ,   19965.572,       0.857,       0.313,      1.6782,       0.313,    474.3546,            ,            ,            ,            ,            ,       0.313,     45.0093,       0.313,    123.9086,            ,            ,            ,   20247.327,       0.721,       0.313,   8046.8352,       0.313,   1432.3803,            ,            ,            ,
                              ,   19565.270,       1.047,       0.317,    238.1554,       0.317,   1019.7184,            ,            ,            ,            ,            ,       0.317,    159.0988,       0.317,    256.4592,            ,            ,            ,            ,            ,       0.317,    125.3807,       0.317,     55.0579,            ,            ,            ,   19966.434,       0.862,       0.317,     34.5441,       0.317,    464.5923,            ,            ,            ,            ,            ,       0.317,     61.5667,       0.317,    133.4976,            ,            ,            ,   20248.038,       0.711,       0.317,   1673.9166,       0.317,   1268.6484,            ,            ,            ,
                              ,   19566.320,       1.050,       0.320,     78.9507,       0.320,    873.3274,            ,            ,            ,            ,            ,       0.320,    308.4872,       0.320,    257.0422,            ,            ,            ,            ,            ,       0.320,    112.2255,       0.320,     52.9370,            ,            ,            ,   19967.291,       0.857,       0.320,     14.1748,       0.320,    455.2033,            ,            ,            ,            ,            ,       0.320,     87.1216,       0.320,    143.3142,            ,            ,            ,   20248.737,       0.699,       0.320,    917.0408,       0.320,   1127.0858,            ,            ,            ,
                              ,   19567.408,       1.088,       0.323,     85.3454,       0.323,    754.0680,            ,            ,            ,            ,            ,       0.323,    493.0558,       0.323,    257.8507,            ,            ,            ,            ,            ,       0.323,     93.4987,       0.323,     51.1468,            ,            ,            ,   19968.147,       0.856,       0.323,     83.4310,       0.323,    446.0969,            ,            ,            ,            ,            ,       0.323,    120.1191,       0.323,    152.9518,            ,            ,            ,   20249.456,       0.719,       0.323,   1237.1871,       0.323,   1004.4842,            ,            ,            ,
                              ,   19568.456,       1.048,       0.327,    465.3041,       0.327,    656.3065,            ,            ,            ,            ,            ,       0.327,    680.3078,       0.327,    258.6942,            ,            ,            ,            ,            ,       0.327,     74.8193,       0.327,     49.6611,            ,            ,            ,   19968.989,       0.842,       0.327,    235.2097,       0.327,    437.1846,            ,            ,            ,            ,            ,       0.327,    158.1127,       0.327,    161.8554,            ,            ,            ,   20250.195,       0.739,       0.327,    638.8172,       0.327,    898.0677,            ,            ,            ,
                              ,   19569.482,       1.026,       0.330,    676.9831,       0.330,    575.6367,            ,            ,            ,            ,            ,       0.330,    831.2110,       0.330,    259.3513,            ,            ,            ,            ,            ,       0.330,     60.6481,       0.330,     48.4597,            ,            ,            ,   19969.813,       0.824,       0.330,    150.3257,       0.330,    428.3807,            ,            ,            ,            ,            ,       0.330,    198.1779,       0.330,    169.3476,            ,            ,            ,   20250.938,       0.743,       0.330,    483.7764,       0.330,    805.4606,            ,            ,            ,
                              ,   19570.532,       1.050,       0.333,    229.3276,       0.333,    508.6243,            ,            ,            ,            ,            ,       0.333,    911.8803,       0.333,    259.5708,            ,            ,            ,            ,            ,       0.333,     53.1849,       0.333,     47.5281,            ,            ,            ,   19970.624,       0.811,       0.333,    255.5318,       0.333,    419.6037,            ,            ,            ,            ,            ,       0.333,    237.3418,       0.333,    174.7046,            ,            ,            ,   20251.674,       0.736,       0.333,   1110.1225,       0.333,    724.6429,            ,            ,            ,
                              ,   19571.611,       1.079,       0.337,    273.4863,       0.337,    452.5905,            ,            ,            ,            ,            ,       0.337,    903.7312,       0.337,    259.0786,            ,            ,            ,            ,            ,       0.337,     52.7792,       0.337,     46.8569,            ,            ,            ,   19971.420,       0.796,       0.337,    525.2311,       0.337,    410.7773,            ,            ,            ,            ,            ,       0.337,    272.9415,       0.337,    177.2818,            ,            ,            ,   20252.406,       0.732,       0.337,    920.8867,       0.337,    653.9039,            ,            ,            ,
                              ,   19572.651,       1.040,       0.340,    185.0116,       0.340,    405.4394,            ,            ,            ,            ,            ,       0.340,    808.8655,       0.340,    257.5919,            ,            ,            ,            ,            ,       0.340,     58.7149,       0.340,     46.4420,            ,            ,            ,   19972.208,       0.788,       0.340,      7.0229,       0.340,    401.8319,            ,            ,            ,            ,            ,       0.340,    302.8560,       0.340,    176.6608,            ,            ,            ,   20253.138,       0.732,       0.340,    258.3722,       0.340,    591.7979,            ,            ,            ,
                              ,   19573.679,       1.028,       0.343,    883.1296,       0.343,    365.5229,            ,            ,            ,            ,            ,       0.343,    649.2972,       0.343,    254.8397,            ,            ,            ,            ,            ,       0.343,     69.2217,       0.343,     46.2845,            ,            ,            ,   19972.987,       0.779,       0.343,    213.5298,       0.343,    392.7066,            ,            ,            ,            ,            ,       0.343,    325.5889,       0.343,    172.7666,            ,            ,            ,   20253.892,       0.754,       0.343,    264.6591,       0.343,    537.1036,            ,            ,            ,
                              ,   19574.755,       1.076,       0.347,    617.3453,       0.347,    331.5379,            ,            ,            ,            ,            ,       0.347,    460.4256,       0.347,    250.5912,            ,            ,            ,            ,            ,       0.347,     80.7996,       0.347,     46.3908,            ,            ,            ,   19973.762,       0.775,       0.347,    113.6015,       0.347,    383.3505,            ,            ,            ,            ,            ,       0.347,    340.2266,       0.347,    165.8993,            ,            ,            ,   20254.672,       0.780,       0.347,    810.8320,       0.347,    488.7889,            ,            ,            ,
                              ,   19575.805,       1.050,       0.350,     18.4695,       0.350,    302.4478,            ,            ,            ,            ,            ,       0.350,    280.7600,       0.350,    244.6861,            ,            ,            ,            ,            ,       0.350,     88.1484,       0.350,     46.7739,            ,            ,            ,   19974.548,       0.786,       0.350,     96.0952,       0.350,    373.7246,            ,            ,            ,            ,            ,       0.350,    346.3248,       0.350,    156.6640,            ,            ,            ,   20255.480,       0.808,       0.350,    440.6607,       0.350,    445.9805,            ,            ,            ,
                              ,   19576.830,       1.025,       0.353,    175.2644,       0.353,    277.4224,            ,            ,            ,            ,            ,       0.353,    141.1502,       0.353,    237.0622,            ,            ,            ,            ,            ,       0.353,     85.8686,       0.353,     47.4537,            ,            ,            ,   19975.366,       0.818,       0.353,    125.7939,       0.353,    363.8032,            ,            ,            ,            ,            ,       0.353,    343.7889,       0.353,    145.8289,            ,            ,            ,   20256.273,       0.793,       0.353,     93.3442,       0.353,    407.9383,            ,            ,            ,
                              ,   19577.893,       1.063,       0.357,     53.3119,       0.357,    255.7925,            ,            ,            ,            ,            ,       0.357,     57.1494,       0.357,    227.7741,            ,            ,            ,            ,            ,       0.357,     71.5403,       0.357,     48.4585,            ,            ,            ,   19976.230,       0.864,       0.357,    219.4197,       0.357,    353.5748,            ,            ,            ,            ,            ,       0.357,    332.8039,       0.357,    134.1713,            ,            ,            ,   20257.050,       0.777,       0.357,    211.6151,       0.357,    374.0339,            ,            ,            ,
                              ,   19578.942,       1.049,       0.360,     14.7263,       0.360,    237.0148,            ,            ,            ,            ,            ,       0.360,     27.0843,       0.360,    216.9944,            ,            ,            ,            ,            ,       0.360,     48.1240,       0.360,     49.8271,            ,            ,            ,   19977.146,       0.916,       0.360,      4.7417,       0.360,    343.0426,            ,            ,            ,            ,            ,       0.360,    313.8373,       0.360,    122.3610,            ,            ,            ,   20257.811,       0.761,       0.360,     80.2552,       0.360,    343.7320,            ,            ,            ,
                              ,   19579.959,       1.017,       0.363,    237.2106,       0.363,    220.6455,            ,            ,            ,            ,            ,       0.363,     36.0778,       0.363,    204.9991,            ,            ,            ,            ,            ,       0.363,     23.4670,       0.363,     51.6114,            ,            ,            ,   19978.070,       0.924,       0.363,    257.7171,       0.363,    332.2249,            ,            ,            ,            ,            ,       0.363,    287.6982,       0.363,    110.9026,            ,            ,            ,   20258.587,       0.776,       0.363,     61.8274,       0.363,    316.5760,            ,            ,            ,
                              ,   19580.982,       1.023,       0.367,    443.3240,       0.367,    206.3192,            ,            ,            ,            ,            ,       0.367,     63.7452,       0.367,    192.1354,            ,            ,            ,            ,            ,       0.367,      6.5177,       0.367,     53.8801,            ,            ,            ,   19978.980,       0.910,       0.367,    268.5285,       0.367,    321.1536,            ,            ,            ,            ,            ,       0.367,    255.6112,       0.367,    100.1291,            ,            ,            ,   20259.389,       0.802,       0.367,     85.6821,       0.367,    292.1751,            ,            ,            ,
                              ,   19582.071,       1.089,       0.370,     69.1285,       0.370,    193.7331,            ,            ,            ,            ,            ,       0.370,     91.9641,       0.370,    178.7826,            ,            ,            ,            ,            ,       0.370,      2.3651,       0.370,     56.7244,            ,            ,            ,   19979.878,       0.898,       0.370,    261.7335,       0.370,    309.8733,            ,            ,            ,            ,            ,       0.370,    219.2509,       0.370,     90.2263,            ,            ,            ,   20260.198,       0.809,       0.370,     29.7659,       0.370,    270.1939,            ,            ,            ,
                              ,   19583.193,       1.122,       0.373,    131.1683,       0.373,    182.6340,            ,            ,            ,            ,            ,       0.373,    109.6968,       0.373,    165.3123,            ,            ,            ,            ,            ,       0.373,      9.4058,       0.373,     60.2650,            ,            ,            ,   19980.755,       0.877,       0.373,    395.1716,       0.373,    298.4392,            ,            ,            ,            ,            ,       0.373,    180.6954,       0.373,     81.2687,            ,            ,            ,   20260.987,       0.789,       0.373,    164.6351,       0.373,    250.3440,            ,            ,            ,
                              ,   19584.255,       1.062,       0.377,    382.8659,       0.377,    172.8088,            ,            ,            ,            ,            ,       0.377,    113.8136,       0.377,    152.0553,            ,            ,            ,            ,            ,       0.377,     20.6760,       0.377,     64.6634,            ,            ,            ,   19981.610,       0.855,       0.377,     23.7784,       0.377,    286.9146,            ,            ,            ,            ,            ,       0.377,    142.2872,       0.377,     73.2557,            ,            ,            ,   20261.759,       0.772,       0.377,    215.5006,       0.377,    232.3764,            ,            ,            ,
                              ,   19585.305,       1.050,       0.380,    407.7519,       0.380,    164.0762,            ,            ,            ,            ,            ,       0.380,    106.9275,       0.380,    139.2816,            ,            ,            ,            ,            ,       0.380,     28.4839,       0.380,     70.1370,            ,            ,            ,   19982.448,       0.838,       0.380,     62.0895,       0.380,    275.3681,            ,            ,            ,            ,            ,       0.380,    106.4189,       0.380,     66.1403,            ,            ,            ,   20262.531,       0.772,       0.380,     75.6495,       0.380,    216.0756,            ,            ,            ,
                              ,   19586.370,       1.065,       0.383,     60.8163,       0.383,    156.2807,            ,            ,            ,            ,            ,       0.383,     94.2474,       0.383,    127.1910,            ,            ,            ,            ,            ,       0.383,     29.1090,       0.383,     76.9821,            ,            ,            ,   19983.272,       0.824,       0.383,     31.9041,       0.383,    263.8708,            ,            ,            ,            ,            ,       0.383,     75.2797,       0.383,     59.8513,            ,            ,            ,   20263.317,       0.786,       0.383,    204.2252,       0.383,    201.2548,            ,            ,            ,
                              ,   19587.479,       1.109,       0.387,     28.3626,       0.387,    149.2873,            ,            ,            ,            ,            ,       0.387,     81.1162,       0.387,    115.9151,            ,            ,            ,            ,            ,       0.387,     24.3517,       0.387,     85.6067,            ,            ,            ,   19984.097,       0.825,       0.387,     21.0731,       0.387,    252.4933,            ,            ,            ,            ,            ,       0.387,     50.6074,       0.387,     54.3068,            ,            ,            ,   20264.166,       0.849,       0.387,    360.7712,       0.387,    187.7515,            ,            ,            ,
                              ,   19588.590,       1.111,       0.390,     51.9522,       0.390,    142.9775,            ,            ,            ,            ,            ,       0.390,     71.8070,       0.390,    105.5254,            ,            ,            ,            ,            ,       0.390,     19.1135,       0.390,     96.5783,            ,            ,            ,   19984.922,       0.825,       0.390,     39.1189,       0.390,    241.3033,            ,            ,            ,            ,            ,       0.390,     33.4849,       0.390,     49.4239,            ,            ,            ,   20265.046,       0.880,       0.390,    929.7273,       0.390,    175.4239,            ,            ,            ,
                              ,   19589.670,       1.080,       0.393,     14.3737,       0.393,    137.2460,            ,            ,            ,            ,            ,       0.393,     69.1914,       0.393,     96.0445,            ,            ,            ,            ,            ,       0.393,     17.1342,       0.393,    110.6918,            ,            ,            ,   19985.747,       0.825,       0.393,     18.2092,       0.393,    230.3636,            ,            ,            ,            ,            ,       0.393,     24.2058,       0.393,     45.1232,            ,            ,            ,   20265.914,       0.868,       0.393,    882.4376,       0.393,    164.1479,            ,            ,            ,
                              ,   19590.764,       1.094,       0.397,     27.7561,       0.397,    131.9979,            ,            ,            ,            ,            ,       0.397,     74.5987,       0.397,     87.4590,            ,            ,            ,            ,            ,       0.397,     18.2336,       0.397,    129.0591,            ,            ,            ,   19986.609,       0.862,       0.397,     47.5698,       0.397,    219.7303,            ,            ,            ,            ,            ,       0.397,     22.2293,       0.397,     41.3321,            ,            ,            ,   20266.725,       0.811,       0.397,    659.7547,       0.397,    153.8148,            ,            ,            ,
                              ,   19591.892,       1.128,       0.400,    123.0571,       0.400,    127.1470,            ,            ,            ,            ,            ,       0.400,     87.5170,       0.400,     79.7300,            ,            ,            ,            ,            ,       0.400,     19.0289,       0.400,    153.2041,            ,            ,            ,   19987.525,       0.916,       0.400,     19.0121,       0.400,    209.4517,            ,            ,            ,            ,            ,       0.400,     26.2371,       0.400,     37.9856,            ,            ,            ,   20267.505,       0.780,       0.400,    466.3674,       0.400,    144.3291,            ,            ,            ,
                              ,   19593.041,       1.149,       0.403,    204.6414,       0.403,    122.6140,            ,            ,            ,            ,            ,       0.403,    105.3147,       0.403,     72.8029,            ,            ,            ,            ,            ,       0.403,     16.2645,       0.403,    185.0845,            ,            ,            ,   19988.504,       0.979,       0.403,     69.4428,       0.403,    199.5678,            ,            ,            ,            ,            ,       0.403,     34.2953,       0.403,     35.0260,            ,            ,            ,   20268.272,       0.767,       0.403,    397.0524,       0.403,    135.6065,            ,            ,            ,
                              ,   19594.187,       1.146,       0.407,    122.2206,       0.407,    118.3257,            ,            ,            ,            ,            ,       0.407,    123.4378,       0.407,     66.6149,            ,            ,            ,            ,            ,       0.407,      9.8787,       0.407,    226.7668,            ,            ,            ,   19989.453,       0.949,       0.407,    106.5845,       0.407,    190.1097,            ,            ,            ,            ,            ,       0.407,     44.1178,       0.407,     32.4033,            ,            ,            ,   20269.068,       0.796,       0.407,    198.5625,       0.407,    127.5727,            ,            ,            ,
                              ,   19595.324,       1.137,       0.410,      3.1704,       0.410,    114.2142,            ,            ,            ,            ,            ,       0.410,    136.3968,       0.410,     61.0997,            ,            ,            ,            ,            ,       0.410,      3.2757,       0.410,    279.0144,            ,            ,            ,   19990.389,       0.936,       0.410,     43.5352,       0.410,    181.1005,            ,            ,            ,            ,            ,       0.410,     53.4009,       0.410,     30.0741,            ,            ,            ,   20269.898,       0.830,       0.410,    211.2706,       0.410,    120.1618,            ,            ,            ,
                              ,   19596.459,       1.135,       0.413,     15.8871,       0.413,    110.2172,            ,            ,            ,            ,            ,       0.413,    139.4037,       0.413,     56.1917,            ,            ,            ,            ,            ,       0.413,      0.6296,       0.413,    337.4572,            ,            ,            ,   19991.276,       0.887,       0.413,    151.5176,       0.413,    172.5555,            ,            ,            ,            ,            ,       0.413,     60.1783,       0.413,     28.0006,            ,            ,            ,   20270.727,       0.829,       0.413,    141.5832,       0.413,    113.3154,            ,            ,            ,
                              ,   19597.600,       1.141,       0.417,     17.0864,       0.417,    106.2783,            ,            ,            ,            ,            ,       0.417,    130.0722,       0.417,     51.8282,            ,            ,            ,            ,            ,       0.417,      3.4669,       0.417,    386.5952,            ,            ,            ,   19992.129,       0.853,       0.417,     62.8058,       0.417,    164.4827,            ,            ,            ,            ,            ,       0.417,     63.1251,       0.417,     26.1507,            ,            ,            ,   20271.540,       0.813,       0.417,     28.9279,       0.417,    106.9815,            ,            ,            ,
                              ,   19598.722,       1.122,       0.420,     16.0780,       0.420,    102.3480,            ,            ,            ,            ,            ,       0.420,    109.4212,       0.420,     47.9507,            ,            ,            ,            ,            ,       0.420,      9.3229,       0.420,    400.9633,            ,            ,            ,   19992.956,       0.827,       0.420,      4.4339,       0.420,    156.8841,            ,            ,            ,            ,            ,       0.420,     61.7406,       0.420,     24.4964,            ,            ,            ,   20272.324,       0.784,       0.420,     52.3938,       0.420,    101.1136,            ,            ,            ,
                              ,   19599.853,       1.131,       0.423,    104.8881,       0.423,     98.3848,            ,            ,            ,            ,            ,       0.423,     81.6636,       0.423,     44.5057,            ,            ,            ,            ,            ,       0.423,     13.5589,       0.423,    366.8728,            ,            ,            ,   19993.794,       0.838,       0.423,     41.6841,       0.423,    149.7564,            ,            ,            ,            ,            ,       0.423,     56.3617,       0.423,     23.0137,            ,            ,            ,   20273.105,       0.781,       0.423,     75.1018,       0.423,     95.6705,            ,            ,            ,
                              ,   19601.040,       1.187,       0.427,     21.3992,       0.427,     94.3565,            ,            ,            ,            ,            ,       0.427,     52.7967,       0.427,     41.4448,            ,            ,            ,            ,            ,       0.427,     12.8864,       0.427,    300.9717,            ,            ,            ,   19994.656,       0.862,       0.427,    143.1366,       0.427,    143.0919,            ,            ,            ,            ,            ,       0.427,     48.0028,       0.427,     21.6821,            ,            ,            ,   20273.890,       0.785,       0.427,    120.2747,       0.427,     90.6150,            ,            ,            ,
                              ,   19602.226,       1.186,       0.430,     48.3517,       0.430,     90.2416,            ,            ,            ,            ,            ,       0.430,     28.5690,       0.430,     38.7248,            ,            ,            ,            ,            ,       0.430,      7.8234,       0.430,    231.2198,            ,            ,            ,   19995.585,       0.929,       0.430,     84.2989,       0.430,    136.8796,            ,            ,            ,            ,            ,       0.430,     38.0634,       0.430,     20.4837,            ,            ,            ,   20274.722,       0.832,       0.430,     57.4274,       0.430,     85.9138,            ,            ,            ,
                              ,   19603.407,       1.181,       0.433,      8.1603,       0.433,     86.0306,            ,            ,            ,            ,            ,       0.433,     12.6815,       0.433,     36.3071,            ,            ,            ,            ,            ,       0.433,      2.2149,       0.433,    173.2377,            ,            ,            ,   19996.603,       1.018,       0.433,     64.0926,       0.433,    131.1057,            ,            ,            ,            ,            ,       0.433,     27.9863,       0.433,     19.4031,            ,            ,            ,   20275.635,       0.913,       0.433,     65.7891,       0.433,     81.5370,            ,            ,            ,
                              ,   19604.573,       1.166,       0.437,     42.8415,       0.437,     81.7257,            ,            ,            ,            ,            ,       0.437,      5.9358,       0.437,     34.1579,            ,            ,            ,            ,            ,       0.437,      0.2830,       0.437,    129.8069,            ,            ,            ,   19997.612,       1.009,       0.437,     42.6577,       0.437,    125.7545,            ,            ,            ,            ,            ,       0.437,     18.9554,       0.437,     18.4270,            ,            ,            ,   20276.499,       0.864,       0.437,    150.3114,       0.437,     77.4576,            ,            ,            ,
                              ,   19605.703,       1.130,       0.440,    153.2997,       0.440,     77.3413,            ,            ,            ,            ,            ,       0.440,      6.5614,       0.440,     32.2471,            ,            ,            ,            ,            ,       0.440,      3.5403,       0.440,     98.4649,            ,            ,            ,   19998.602,       0.990,       0.440,     32.0722,       0.440,    120.8093,            ,            ,            ,            ,            ,       0.440,     11.7071,       0.440,     17.5440,            ,            ,            ,   20277.310,       0.811,       0.440,    342.7650,       0.440,     73.6513,            ,            ,            ,
                              ,   19606.869,       1.166,       0.443,     82.3815,       0.443,     72.9024,            ,            ,            ,            ,            ,       0.443,     11.4049,       0.443,     30.5484,            ,            ,            ,            ,            ,       0.443,      9.8621,       0.443,     75.9655,            ,            ,            ,   19999.543,       0.941,       0.443,     31.1893,       0.443,    116.2523,            ,            ,            ,            ,            ,       0.443,      6.4863,       0.443,     16.7439,            ,            ,            ,   20278.112,       0.802,       0.443,    194.1309,       0.443,     70.0960,            ,            ,            ,
                              ,   19608.068,       1.199,       0.447,     33.2270,       0.447,     68.4425,            ,            ,            ,            ,            ,       0.447,     17.3321,       0.447,     29.0384,            ,            ,            ,            ,            ,       0.447,     15.2282,       0.447,     59.6652,            ,            ,            ,   20000.487,       0.944,       0.447,     18.8763,       0.447,    112.0657,            ,            ,            ,            ,            ,       0.447,      3.1336,       0.447,     16.0181,            ,            ,            ,   20278.918,       0.806,       0.447,     78.5708,       0.447,     66.7717,            ,            ,            ,
                              ,   19609.254,       1.186,       0.450,     72.5506,       0.450,     64.0009,            ,            ,            ,            ,            ,       0.450,     22.2240,       0.450,     27.6966,            ,            ,            ,            ,            ,       0.450,     16.6146,       0.450,     47.6770,            ,            ,            ,   20001.395,       0.908,       0.450,     47.5481,       0.450,    108.2317,            ,            ,            ,            ,            ,       0.450,      1.2515,       0.450,     15.3590,            ,            ,            ,   20279.735,       0.817,       0.450,     15.1941,       0.450,     63.6603,            ,            ,            ,
                              ,   19610.410,       1.156,       0.453,     26.5996,       0.453,     59.6199,            ,            ,            ,            ,            ,       0.453,     25.2627,       0.453,     26.5049,            ,            ,            ,            ,            ,       0.453,     13.8273,       0.453,     38.7100,            ,            ,            ,   20002.301,       0.906,       0.453,     12.6295,       0.453,    104.7327,            ,            ,            ,            ,            ,       0.453,      0.3862,       0.453,     14.7599,            ,            ,            ,   20280.547,       0.812,       0.453,     61.1181,       0.453,     60.7453,            ,            ,            ,
                              ,   19611.547,       1.137,       0.457,     45.9992,       0.457,     55.3414,            ,            ,            ,            ,            ,       0.457,     26.6100,       0.457,     25.4471,            ,            ,            ,            ,            ,       0.457,      9.1154,       0.457,     31.8888,            ,            ,            ,   20003.178,       0.877,       0.457,     81.2548,       0.457,    101.5518,            ,            ,            ,            ,            ,       0.457,      0.1681,       0.457,     14.2150,            ,            ,            ,   20281.324,       0.777,       0.457,     21.1945,       0.457,     58.0116,            ,            ,            ,
                              ,   19612.748,       1.201,       0.460,      8.7663,       0.460,     51.2042,            ,            ,            ,            ,            ,       0.460,     26.8384,       0.460,     24.5085,            ,            ,            ,            ,            ,       0.460,      5.1888,       0.460,     26.6163,            ,            ,            ,   20004.034,       0.856,       0.460,     18.3968,       0.460,     98.6725,            ,            ,            ,            ,            ,       0.460,      0.3815,       0.460,     13.7191,            ,            ,            ,   20282.088,       0.764,       0.460,     13.1278,       0.460,     55.4454,            ,            ,            ,
                              ,   19613.983,       1.235,       0.463,      7.5316,       0.463,     47.2418,            ,            ,            ,            ,            ,       0.463,     26.4951,       0.463,     23.6760,            ,            ,            ,            ,            ,       0.463,      3.3403,       0.463,     22.4801,            ,            ,            ,   20004.871,       0.837,       0.463,     31.5690,       0.463,     96.0792,            ,            ,            ,            ,            ,       0.463,      0.9624,       0.463,     13.2680,            ,            ,            ,   20282.858,       0.770,       0.463,     19.7657,       0.463,     53.0341,            ,            ,            ,
                              ,   19615.187,       1.204,       0.467,     25.4820,       0.467,     43.4812,            ,            ,            ,            ,            ,       0.467,     25.9873,       0.467,     22.9371,            ,            ,            ,            ,            ,       0.467,      3.0071,       0.467,     19.1908,            ,            ,            ,   20005.697,       0.826,       0.467,      3.9399,       0.467,     93.7570,            ,            ,            ,            ,            ,       0.467,      1.9440,       0.467,     12.8575,            ,            ,            ,   20283.664,       0.806,       0.467,     46.0622,       0.467,     50.7661,            ,            ,            ,
                              ,   19616.350,       1.163,       0.470,     14.7661,       0.470,     39.9419,            ,            ,            ,            ,            ,       0.470,     25.7155,       0.470,     22.2801,            ,            ,            ,            ,            ,       0.470,      2.7919,       0.470,     16.5423,            ,            ,            ,   20006.509,       0.812,       0.470,    140.3473,       0.470,     91.6916,            ,            ,            ,            ,            ,       0.470,      3.3816,       0.470,     12.4842,            ,            ,            ,   20284.503,       0.839,       0.470,    100.9816,       0.470,     48.6309,            ,            ,            ,
                              ,   19617.511,       1.161,       0.473,     12.4544,       0.473,     36.6362,            ,            ,            ,            ,            ,       0.473,     26.2180,       0.473,     21.6939,            ,            ,            ,            ,            ,       0.473,      1.8655,       0.473,     14.3855,            ,            ,            ,   20007.313,       0.804,       0.473,    151.2307,       0.473,     89.8694,            ,            ,            ,            ,            ,       0.473,      5.2841,       0.473,     12.1450,            ,            ,            ,   20285.319,       0.816,       0.473,     79.8371,       0.473,     46.6185,            ,            ,            ,
                              ,   19618.712,       1.201,       0.477,     13.6122,       0.477,     33.5696,            ,            ,            ,            ,            ,       0.477,     28.1042,       0.477,     21.1670,            ,            ,            ,            ,            ,       0.477,      0.5858,       0.477,     12.6107,            ,            ,            ,   20008.108,       0.795,       0.477,     81.4770,       0.477,     88.2769,            ,            ,            ,            ,            ,       0.477,      7.5714,       0.477,     11.8373,            ,            ,            ,   20286.114,       0.795,       0.477,     57.0573,       0.477,     44.7201,            ,            ,            ,
                              ,   19619.947,       1.235,       0.480,      2.5785,       0.480,     30.7417,            ,            ,            ,            ,            ,       0.480,     31.7312,       0.480,     20.6877,            ,            ,            ,            ,            ,       0.480,      0.0027,       0.480,     11.1365,            ,            ,            ,   20008.894,       0.786,       0.480,     22.3080,       0.480,     86.9013,            ,            ,            ,            ,            ,       0.480,     10.0629,       0.480,     11.5587,            ,            ,            ,   20286.936,       0.822,       0.480,     26.3665,       0.480,     42.9272,            ,            ,            ,
                              ,   19621.169,       1.222,       0.483,     28.4079,       0.483,     28.1473,            ,            ,            ,            ,            ,       0.483,     36.7990,       0.483,     20.2441,            ,            ,            ,            ,            ,       0.483,      0.8457,       0.483,      9.9010,            ,            ,            ,   20009.682,       0.788,       0.483,     12.6812,       0.483,     85.7294,            ,            ,            ,            ,            ,       0.483,     12.4962,       0.483,     11.3071,            ,            ,            ,   20287.776,       0.840,       0.483,     33.8992,       0.483,     41.2322,            ,            ,            ,
                              ,   19622.390,       1.221,       0.487,     45.8079,       0.487,     25.7775,            ,            ,            ,            ,            ,       0.487,     42.1546,       0.487,     19.8229,            ,            ,            ,            ,            ,       0.487,      2.8872,       0.487,      8.8572,            ,            ,            ,   20010.462,       0.780,       0.487,      0.3686,       0.487,     84.7477,            ,            ,            ,            ,            ,       0.487,     14.5660,       0.487,     11.0805,            ,            ,            ,   20288.596,       0.820,       0.487,    119.0652,       0.487,     39.6279,            ,            ,            ,
                              ,   19623.568,       1.178,       0.490,      5.1065,       0.490,     23.6206,            ,            ,            ,            ,            ,       0.490,     46.0207,       0.490,     19.4101,            ,            ,            ,            ,            ,       0.490,      5.1176,       0.490,      7.9686,            ,            ,            ,   20011.236,       0.774,       0.490,    104.0116,       0.490,     83.9421,            ,            ,            ,            ,            ,       0.490,     15.9766,       0.490,     10.8775,            ,            ,            ,   20289.388,       0.792,       0.490,    200.6528,       0.490,     38.1077,            ,            ,            ,
                              ,   19624.716,       1.148,       0.493,      9.5997,       0.493,     21.6635,            ,            ,            ,            ,            ,       0.493,     46.6300,       0.493,     18.9908,            ,            ,            ,            ,            ,       0.493,      6.4723,       0.493,      7.2067,            ,            ,            ,   20012.010,       0.774,       0.493,    222.2433,       0.493,     83.2970,            ,            ,            ,            ,            ,       0.493,     16.4953,       0.493,     10.6965,            ,            ,            ,   20290.215,       0.827,       0.493,    201.9284,       0.493,     36.6654,            ,            ,            ,
                              ,   19625.867,       1.151,       0.497,      9.7273,       0.497,     19.8919,            ,            ,            ,            ,            ,       0.497,     42.9898,       0.497,     18.5492,            ,            ,            ,            ,            ,       0.497,      6.4871,       0.497,      6.5489,            ,            ,            ,   20012.781,       0.771,       0.497,    100.2807,       0.497,     82.7952,            ,            ,            ,            ,            ,       0.497,     16.0001,       0.497,     10.5363,            ,            ,            ,   20291.101,       0.886,       0.497,    173.5246,       0.497,     35.2953,            ,            ,            ,
                              ,   19627.099,       1.232,       0.500,      5.2014,       0.500,     18.2912,            ,            ,            ,            ,            ,       0.500,     35.3881,       0.500,     18.0690,            ,            ,            ,            ,            ,       0.500,      5.4421,       0.500,      5.9772,            ,            ,            ,   20013.552,       0.771,       0.500,     35.5729,       0.500,     82.4168,            ,            ,            ,            ,            ,       0.500,     14.5124,       0.500,     10.3958,            ,            ,            ,   20291.963,       0.862,       0.500,    107.3714,       0.500,     33.9920,            ,            ,            ,
                              ,   19628.329,       1.230,            ,            ,            ,            ,            ,            ,            ,            ,            ,            ,            ,            ,            ,            ,            ,            ,            ,            ,            ,            ,            ,            ,            ,            ,            ,   20014.333,       0.781,            ,            ,            ,            ,            ,            ,            ,            ,            ,            ,            ,            ,            ,            ,            ,            ,   20292.783,       0.820,            ,            ,            ,            ,            ,            ,            ,
                              ,   19629.562,       1.233,            ,            ,            ,            ,            ,            ,            ,            ,            ,            ,            ,            ,            ,            ,            ,            ,            ,            ,            ,            ,            ,            ,            ,            ,            ,   20015.132,       0.799,            ,            ,            ,            ,            ,            ,            ,            ,            ,            ,            ,            ,            ,            ,            ,            ,   20293.669,       0.886,            ,            ,            ,            ,            ,            ,            ,
                              ,   19630.763,       1.201,            ,            ,            ,            ,            ,            ,            ,            ,            ,            ,            ,            ,            ,            ,            ,            ,            ,            ,            ,            ,            ,            ,            ,            ,            ,   20015.945,       0.813,            ,            ,            ,            ,            ,            ,            ,            ,            ,            ,            ,            ,            ,            ,            ,            ,   20294.571,       0.902,            ,            ,            ,            ,            ,            ,            ,
                              ,   19631.962,       1.199,            ,            ,            ,            ,            ,            ,            ,            ,            ,            ,            ,            ,            ,            ,            ,            ,            ,            ,            ,            ,            ,            ,            ,            ,            ,   20016.790,       0.845,            ,            ,            ,            ,            ,            ,            ,            ,            ,            ,            ,            ,            ,            ,            ,            ,   20295.415,       0.844,            ,            ,            ,            ,            ,            ,            ,
                              ,   19633.207,       1.245,            ,            ,            ,            ,            ,            ,            ,            ,            ,            ,            ,            ,            ,            ,            ,            ,            ,            ,            ,            ,            ,            ,            ,            ,            ,   20017.654,       0.864,            ,            ,            ,            ,            ,            ,            ,            ,            ,            ,            ,            ,            ,            ,            ,            ,   20296.225,       0.810,            ,            ,            ,            ,            ,            ,            ,
                              ,   19634.444,       1.237,            ,            ,            ,            ,            ,            ,            ,            ,            ,            ,            ,            ,            ,            ,            ,            ,            ,            ,            ,            ,            ,            ,            ,            ,            ,   20018.510,       0.856,            ,            ,            ,            ,            ,            ,            ,            ,            ,            ,            ,            ,            ,            ,            ,            ,   20297.060,       0.835,            ,            ,            ,            ,            ,            ,            ,
                              ,   19635.705,       1.261,            ,            ,            ,            ,            ,            ,            ,            ,            ,            ,            ,            ,            ,            ,            ,            ,            ,            ,            ,            ,            ,            ,            ,            ,            ,   20019.360,       0.850,            ,            ,            ,            ,            ,            ,            ,            ,            ,            ,            ,            ,            ,            ,            ,            ,   20297.923,       0.863,            ,            ,            ,            ,            ,            ,            ,
                              ,   19636.951,       1.246,            ,            ,            ,            ,            ,            ,            ,            ,            ,            ,            ,            ,            ,            ,            ,            ,            ,            ,            ,            ,            ,            ,            ,            ,            ,   20020.214,       0.854,            ,            ,            ,            ,            ,            ,            ,            ,            ,            ,            ,            ,            ,            ,            ,            ,   20298.766,       0.843,            ,            ,            ,            ,            ,            ,            ,
                              ,   19638.142,       1.191,            ,            ,            ,            ,            ,            ,            ,            ,            ,            ,            ,            ,            ,            ,            ,            ,            ,            ,            ,            ,            ,            ,            ,            ,            ,   20021.058,       0.844,            ,            ,            ,            ,            ,            ,            ,            ,            ,            ,            ,            ,            ,            ,            ,            ,   20299.579,       0.813,            ,            ,            ,            ,            ,            ,            ,
                              ,   19639.313,       1.171,            ,            ,            ,            ,            ,            ,            ,            ,            ,            ,            ,            ,            ,            ,            ,            ,            ,            ,            ,            ,            ,            ,            ,            ,            ,   20021.892,       0.834,            ,            ,            ,            ,            ,            ,            ,            ,            ,            ,            ,            ,            ,            ,            ,            ,   20300.416,       0.837,            ,            ,            ,            ,            ,            ,            ,
                              ,   19640.493,       1.180,            ,            ,            ,            ,            ,            ,            ,            ,            ,            ,            ,            ,            ,            ,            ,            ,            ,            ,            ,            ,            ,            ,            ,            ,            ,   20022.710,       0.818,            ,            ,            ,            ,            ,            ,            ,            ,            ,            ,            ,            ,            ,            ,            ,            ,   20301.328,       0.912,            ,            ,            ,            ,            ,            ,            ,
                              ,   19641.638,       1.145,            ,            ,            ,            ,            ,            ,            ,            ,            ,            ,            ,            ,            ,            ,            ,            ,            ,            ,            ,            ,            ,            ,            ,            ,            ,   20023.525,       0.815,            ,            ,            ,            ,            ,            ,            ,            ,            ,            ,            ,            ,            ,            ,            ,            ,   20302.202,       0.874,            ,            ,            ,            ,            ,            ,            ,
                              ,   19642.811,       1.173,            ,            ,            ,            ,            ,            ,            ,            ,            ,            ,            ,            ,            ,            ,            ,            ,            ,            ,            ,            ,            ,            ,            ,            ,            ,   20024.338,       0.813,            ,            ,            ,            ,            ,            ,            ,            ,            ,            ,            ,            ,            ,            ,            ,            ,   20303.034,       0.832,            ,            ,            ,            ,            ,            ,            ,
                              ,   19643.983,       1.172,            ,            ,            ,            ,            ,            ,            ,            ,            ,            ,            ,            ,            ,            ,            ,            ,            ,            ,            ,            ,            ,            ,            ,            ,            ,   20025.158,       0.820,            ,            ,            ,            ,            ,            ,            ,            ,            ,            ,            ,            ,            ,            ,            ,            ,   20303.910,       0.876,            ,            ,            ,            ,            ,            ,            ,
                              ,   19645.167,       1.184,            ,            ,            ,            ,            ,            ,            ,            ,            ,            ,            ,            ,            ,            ,            ,            ,            ,            ,            ,            ,            ,            ,            ,            ,            ,   20026.005,       0.847,            ,            ,            ,            ,            ,            ,            ,            ,            ,            ,            ,            ,            ,            ,            ,            ,   20304.845,       0.935,            ,            ,            ,            ,            ,            ,            ,
                              ,   19646.349,       1.182,            ,            ,            ,            ,            ,            ,            ,            ,            ,            ,            ,            ,            ,            ,            ,            ,            ,            ,            ,            ,            ,            ,            ,            ,            ,   20026.886,       0.881,            ,            ,            ,            ,            ,            ,            ,            ,            ,            ,            ,            ,            ,            ,            ,            ,   20305.717,       0.872,            ,            ,            ,            ,            ,            ,            ,
                              ,   19647.489,       1.140,            ,            ,            ,            ,            ,            ,            ,            ,            ,            ,            ,            ,            ,            ,            ,            ,            ,            ,            ,            ,            ,            ,            ,            ,            ,   20027.770,       0.884,            ,            ,            ,            ,            ,            ,            ,            ,            ,            ,            ,            ,            ,            ,            ,            ,   20306.552,       0.835,            ,            ,            ,            ,            ,            ,            ,
                              ,   19648.573,       1.084,            ,            ,            ,            ,            ,            ,            ,            ,            ,            ,            ,            ,            ,            ,            ,            ,            ,            ,            ,            ,            ,            ,            ,            ,            ,   20028.660,       0.890,            ,            ,            ,            ,            ,            ,            ,            ,            ,            ,            ,            ,            ,            ,            ,            ,   20307.388,       0.836,            ,            ,            ,            ,            ,            ,            ,
                              ,   19649.673,       1.100,            ,            ,            ,            ,            ,            ,            ,            ,            ,            ,            ,            ,            ,            ,            ,            ,            ,            ,            ,            ,            ,            ,            ,            ,            ,   20029.541,       0.881,            ,            ,            ,            ,            ,            ,            ,            ,            ,            ,            ,            ,            ,            ,            ,            ,   20308.305,       0.917,            ,            ,            ,            ,            ,            ,            ,
                              ,   19650.815,       1.142,            ,            ,            ,            ,            ,            ,            ,            ,            ,            ,            ,            ,            ,            ,            ,            ,            ,            ,            ,            ,            ,            ,            ,            ,            ,   20030.425,       0.884,            ,            ,            ,            ,            ,            ,            ,            ,            ,            ,            ,            ,            ,            ,            ,            ,   20309.215,       0.910,            ,            ,            ,            ,            ,            ,            ,
                              ,   19651.980,       1.165,            ,            ,            ,            ,            ,            ,            ,            ,            ,            ,            ,            ,            ,            ,            ,            ,            ,            ,            ,            ,            ,            ,            ,            ,            ,   20031.304,       0.879,            ,            ,            ,            ,            ,            ,            ,            ,            ,            ,            ,            ,            ,            ,            ,            ,   20310.059,       0.844,            ,            ,            ,            ,            ,            ,            ,
                              ,   19653.097,       1.117,            ,            ,            ,            ,            ,            ,            ,            ,            ,            ,            ,            ,            ,            ,            ,            ,            ,            ,            ,            ,            ,            ,            ,            ,            ,   20032.162,       0.858,            ,            ,            ,            ,            ,            ,            ,            ,            ,            ,            ,            ,            ,            ,            ,            ,   20310.910,       0.851,            ,            ,            ,            ,            ,            ,            ,
                              ,   19654.119,       1.022,            ,            ,            ,            ,            ,            ,            ,            ,            ,            ,            ,            ,            ,            ,            ,            ,            ,            ,            ,            ,            ,            ,            ,            ,            ,   20032.999,       0.837,            ,            ,            ,            ,            ,            ,            ,            ,            ,            ,            ,            ,            ,            ,            ,            ,   20311.839,       0.929,            ,            ,            ,            ,            ,            ,            ,
                              ,   19655.081,       0.962,            ,            ,            ,            ,            ,            ,            ,            ,            ,            ,            ,            ,            ,            ,            ,            ,            ,            ,            ,            ,            ,            ,            ,            ,            ,   20033.831,       0.832,            ,            ,            ,            ,            ,            ,            ,            ,            ,            ,            ,            ,            ,            ,            ,            ,   20312.780,       0.941,            ,            ,            ,            ,            ,            ,            ,
                              ,   19656.153,       1.072,            ,            ,            ,            ,            ,            ,            ,            ,            ,            ,            ,            ,            ,            ,            ,            ,            ,            ,            ,            ,            ,            ,            ,            ,            ,   20034.669,       0.838,            ,            ,            ,            ,            ,            ,            ,            ,            ,            ,            ,            ,            ,            ,            ,            ,   20313.658,       0.878,            ,            ,            ,            ,            ,            ,            ,
                              ,   19657.300,       1.147,            ,            ,            ,            ,            ,            ,            ,            ,            ,            ,            ,            ,            ,            ,            ,            ,            ,            ,            ,            ,            ,            ,            ,            ,            ,   20035.530,       0.861,            ,            ,            ,            ,            ,            ,            ,            ,            ,            ,            ,            ,            ,            ,            ,            ,   20314.515,       0.857,            ,            ,            ,            ,            ,            ,            ,
                              ,   19658.429,       1.129,            ,            ,            ,            ,            ,            ,            ,            ,            ,            ,            ,            ,            ,            ,            ,            ,            ,            ,            ,            ,            ,            ,            ,            ,            ,   20036.451,       0.921,            ,            ,            ,            ,            ,            ,            ,            ,            ,            ,            ,            ,            ,            ,            ,            ,   20315.378,       0.863,            ,            ,            ,            ,            ,            ,            ,
                              ,   19659.630,       1.201,            ,            ,            ,            ,            ,            ,            ,            ,            ,            ,            ,            ,            ,            ,            ,            ,            ,            ,            ,            ,            ,            ,            ,            ,            ,   20037.386,       0.935,            ,            ,            ,            ,            ,            ,            ,            ,            ,            ,            ,            ,            ,            ,            ,            ,   20316.417,       1.039,            ,            ,            ,            ,            ,            ,            ,
                              ,   19660.831,       1.201,            ,            ,            ,            ,            ,            ,            ,            ,            ,            ,            ,            ,            ,            ,            ,            ,            ,            ,            ,            ,            ,            ,            ,            ,            ,   20038.304,       0.918,            ,            ,            ,            ,            ,            ,            ,            ,            ,            ,            ,            ,            ,            ,            ,            ,   20317.437,       1.020,            ,            ,            ,            ,            ,            ,            ,
                              ,   19661.990,       1.159,            ,            ,            ,            ,            ,            ,            ,            ,            ,            ,            ,            ,            ,            ,            ,            ,            ,            ,            ,            ,            ,            ,            ,            ,            ,   20039.242,       0.938,            ,            ,            ,            ,            ,            ,            ,            ,            ,            ,            ,            ,            ,            ,            ,            ,   20318.391,       0.954,            ,            ,            ,            ,            ,            ,            ,
                              ,   19663.135,       1.145,            ,            ,            ,            ,            ,            ,            ,            ,            ,            ,            ,            ,            ,            ,            ,            ,            ,            ,            ,            ,            ,            ,            ,            ,            ,   20040.157,       0.915,            ,            ,            ,            ,            ,            ,            ,            ,            ,            ,            ,            ,            ,            ,            ,            ,   20319.279,       0.888,            ,            ,            ,            ,            ,            ,            ,
                              ,   19664.337,       1.202,            ,            ,            ,            ,            ,            ,            ,            ,            ,            ,            ,            ,            ,            ,            ,            ,            ,            ,            ,            ,            ,            ,            ,            ,            ,   20041.047,       0.890,            ,            ,            ,            ,            ,            ,            ,            ,            ,            ,            ,            ,            ,            ,            ,            ,   20320.158,       0.879,            ,            ,            ,            ,            ,            ,            ,
                              ,   19665.465,       1.128,            ,            ,            ,            ,            ,            ,            ,            ,            ,            ,            ,            ,            ,            ,            ,            ,            ,            ,            ,            ,            ,            ,            ,            ,            ,   20041.938,       0.891,            ,            ,            ,            ,            ,            ,            ,            ,            ,            ,            ,            ,            ,            ,            ,            ,   20321.125,       0.967,            ,            ,            ,            ,            ,            ,            ,
                              ,   19666.519,       1.054,            ,            ,            ,            ,            ,            ,            ,            ,            ,            ,            ,            ,            ,            ,            ,            ,            ,            ,            ,            ,            ,            ,            ,            ,            ,   20042.840,       0.902,            ,            ,            ,            ,            ,            ,            ,            ,            ,            ,            ,            ,            ,            ,            ,            ,   20322.137,       1.012,            ,            ,            ,            ,            ,            ,            ,
                              ,   19667.632,       1.113,            ,            ,            ,            ,            ,            ,            ,            ,            ,            ,            ,            ,            ,            ,            ,            ,            ,            ,            ,            ,            ,            ,            ,            ,            ,   20043.698,       0.858,            ,            ,            ,            ,            ,            ,            ,            ,            ,            ,            ,            ,            ,            ,            ,            ,   20323.127,       0.990,            ,            ,            ,            ,            ,            ,            ,
                              ,   19668.734,       1.102,            ,            ,            ,            ,            ,            ,            ,            ,            ,            ,            ,            ,            ,            ,            ,            ,            ,            ,            ,            ,            ,            ,            ,            ,            ,   20044.564,       0.866,            ,            ,            ,            ,            ,            ,            ,            ,            ,            ,            ,            ,            ,            ,            ,            ,   20324.046,       0.919,            ,            ,            ,            ,            ,            ,            ,
                              ,   19669.804,       1.070,            ,            ,            ,            ,            ,            ,            ,            ,            ,            ,            ,            ,            ,            ,            ,            ,            ,            ,            ,            ,            ,            ,            ,            ,            ,   20045.402,       0.838,            ,            ,            ,            ,            ,            ,            ,            ,            ,            ,            ,            ,            ,            ,            ,            ,   20324.919,       0.873,            ,            ,            ,            ,            ,            ,            ,
                              ,   19670.891,       1.087,            ,            ,            ,            ,            ,            ,            ,            ,            ,            ,            ,            ,            ,            ,            ,            ,            ,            ,            ,            ,            ,            ,            ,            ,            ,   20046.232,       0.830,            ,            ,            ,            ,            ,            ,            ,            ,            ,            ,            ,            ,            ,            ,            ,            ,   20325.842,       0.923,            ,            ,            ,            ,            ,            ,            ,
                              ,   19672.039,       1.148,            ,            ,            ,            ,            ,            ,            ,            ,            ,            ,            ,            ,            ,            ,            ,            ,            ,            ,            ,            ,            ,            ,            ,            ,            ,   20047.039,       0.807,            ,            ,            ,            ,            ,            ,            ,            ,            ,            ,            ,            ,            ,            ,            ,            ,   20326.884,       1.042,            ,            ,            ,            ,            ,            ,            ,
                              ,   19673.157,       1.118,            ,            ,            ,            ,            ,            ,            ,            ,            ,            ,            ,            ,            ,            ,            ,            ,            ,            ,            ,            ,            ,            ,            ,            ,            ,   20047.825,       0.786,            ,            ,            ,            ,            ,            ,            ,            ,            ,            ,            ,            ,            ,            ,            ,            ,   20327.887,       1.003,            ,            ,            ,            ,            ,            ,            ,
                              ,   19674.274,       1.117,            ,            ,            ,            ,            ,            ,            ,            ,            ,            ,            ,            ,            ,            ,            ,            ,            ,            ,            ,            ,            ,            ,            ,            ,            ,   20048.585,       0.760,            ,            ,            ,            ,            ,            ,            ,            ,            ,            ,            ,            ,            ,            ,            ,            ,   20328.820,       0.933,            ,            ,            ,            ,            ,            ,            ,
                              ,   19675.425,       1.151,            ,            ,            ,            ,            ,            ,            ,            ,            ,            ,            ,            ,            ,            ,            ,            ,            ,            ,            ,            ,            ,            ,            ,            ,            ,   20049.326,       0.741,            ,            ,            ,            ,            ,            ,            ,            ,            ,            ,            ,            ,            ,            ,            ,            ,   20329.716,       0.896,            ,            ,            ,            ,            ,            ,            ,
                              ,   19676.548,       1.123,            ,            ,            ,            ,            ,            ,            ,            ,            ,            ,            ,            ,            ,            ,            ,            ,            ,            ,            ,            ,            ,            ,            ,            ,            ,   20050.048,       0.722,            ,            ,            ,            ,            ,            ,            ,            ,            ,            ,            ,            ,            ,            ,            ,            ,   20330.707,       0.991,            ,            ,            ,            ,            ,            ,            ,
                              ,   19677.647,       1.099,            ,            ,            ,            ,            ,            ,            ,            ,            ,            ,            ,            ,            ,            ,            ,            ,            ,            ,            ,            ,            ,            ,            ,            ,            ,   20050.757,       0.709,            ,            ,            ,            ,            ,            ,            ,            ,            ,            ,            ,            ,            ,            ,            ,            ,   20331.770,       1.063,            ,            ,            ,            ,            ,            ,            ,
                              ,   19678.787,       1.140,            ,            ,            ,            ,            ,            ,            ,            ,            ,            ,            ,            ,            ,            ,            ,            ,            ,            ,            ,            ,            ,            ,            ,            ,            ,   20051.485,       0.728,            ,            ,            ,            ,            ,            ,            ,            ,            ,            ,            ,            ,            ,            ,            ,            ,   20332.761,       0.991,            ,            ,            ,            ,            ,            ,            ,
                              ,   19679.915,       1.128,            ,            ,            ,            ,            ,            ,            ,            ,            ,            ,            ,            ,            ,            ,            ,            ,            ,            ,            ,            ,            ,            ,            ,            ,            ,   20052.253,       0.768,            ,            ,            ,            ,            ,            ,            ,            ,            ,            ,            ,            ,            ,            ,            ,            ,   20333.700,       0.939,            ,            ,            ,            ,            ,            ,            ,
                              ,   19681.033,       1.118,            ,            ,            ,            ,            ,            ,            ,            ,            ,            ,            ,            ,            ,            ,            ,            ,            ,            ,            ,            ,            ,            ,            ,            ,            ,   20053.180,       0.927,            ,            ,            ,            ,            ,            ,            ,            ,            ,            ,            ,            ,            ,            ,            ,            ,   20334.748,       1.048,            ,            ,            ,            ,            ,            ,            ,
                              ,   19682.152,       1.119,            ,            ,            ,            ,            ,            ,            ,            ,            ,            ,            ,            ,            ,            ,            ,            ,            ,            ,            ,            ,            ,            ,            ,            ,            ,   20054.330,       1.053,            ,            ,            ,            ,            ,            ,            ,            ,            ,            ,            ,            ,            ,            ,            ,            ,   20335.811,       1.063,            ,            ,            ,            ,            ,            ,            ,
                              ,   19683.256,       1.104,            ,            ,            ,            ,            ,            ,            ,            ,            ,            ,            ,            ,            ,            ,            ,            ,            ,            ,            ,            ,            ,            ,            ,            ,            ,   20055.508,       1.114,            ,            ,            ,            ,            ,            ,            ,            ,            ,            ,            ,            ,            ,            ,            ,            ,   20336.825,       1.014,            ,            ,            ,            ,            ,            ,            ,
                              ,   19684.300,       1.044,            ,            ,            ,            ,            ,            ,            ,            ,            ,            ,            ,            ,            ,            ,            ,            ,            ,            ,            ,            ,            ,            ,            ,            ,            ,   20056.652,       1.127,            ,            ,            ,            ,            ,            ,            ,            ,            ,            ,            ,            ,            ,            ,            ,            ,   20337.822,       0.997,            ,            ,            ,            ,            ,            ,            ,
                              ,   19685.404,       1.104,            ,            ,            ,            ,            ,            ,            ,            ,            ,            ,            ,            ,            ,            ,            ,            ,            ,            ,            ,            ,            ,            ,            ,            ,            ,   20057.762,       1.110,            ,            ,            ,            ,            ,            ,            ,            ,            ,            ,            ,            ,            ,            ,            ,            ,   20338.884,       1.062,            ,            ,            ,            ,            ,            ,            ,
                              ,   19686.510,       1.106,            ,            ,            ,            ,            ,            ,            ,            ,            ,            ,            ,            ,            ,            ,            ,            ,            ,            ,            ,            ,            ,            ,            ,            ,            ,   20058.842,       1.080,            ,            ,            ,            ,            ,            ,            ,            ,            ,            ,            ,            ,            ,            ,            ,            ,   20339.885,       1.001,            ,            ,            ,            ,            ,            ,            ,
                              ,   19687.595,       1.085,            ,            ,            ,            ,            ,            ,            ,            ,            ,            ,            ,            ,            ,            ,            ,            ,            ,            ,            ,            ,            ,            ,            ,            ,            ,   20059.880,       1.038,            ,            ,            ,            ,            ,            ,            ,            ,            ,            ,            ,            ,            ,            ,            ,            ,   20340.823,       0.938,            ,            ,            ,            ,            ,            ,            ,
                              ,   19688.729,       1.134,            ,            ,            ,            ,            ,            ,            ,            ,            ,            ,            ,            ,            ,            ,            ,            ,            ,            ,            ,            ,            ,            ,            ,            ,            ,   20060.857,       0.977,            ,            ,            ,            ,            ,            ,            ,            ,            ,            ,            ,            ,            ,            ,            ,            ,   20341.878,       1.055,            ,            ,            ,            ,            ,            ,            ,
                              ,   19689.864,       1.135,            ,            ,            ,            ,            ,            ,            ,            ,            ,            ,            ,            ,            ,            ,            ,            ,            ,            ,            ,            ,            ,            ,            ,            ,            ,   20061.784,       0.927,            ,            ,            ,            ,            ,            ,            ,            ,            ,            ,            ,            ,            ,            ,            ,            ,   20342.942,       1.064,            ,            ,            ,            ,            ,            ,            ,
                              ,   19690.989,       1.125,            ,            ,            ,            ,            ,            ,            ,            ,            ,            ,            ,            ,            ,            ,            ,            ,            ,            ,            ,            ,            ,            ,            ,            ,            ,   20062.693,       0.909,            ,            ,            ,            ,            ,            ,            ,            ,            ,            ,            ,            ,            ,            ,            ,            ,   20343.891,       0.949,            ,            ,            ,            ,            ,            ,            ,
                              ,   19692.171,       1.182,            ,            ,            ,            ,            ,            ,            ,            ,            ,            ,            ,            ,            ,            ,            ,            ,            ,            ,            ,            ,            ,            ,            ,            ,            ,   20063.593,       0.900,            ,            ,            ,            ,            ,            ,            ,            ,            ,            ,            ,            ,            ,            ,            ,            ,   20344.823,       0.932,            ,            ,            ,            ,            ,            ,            ,
                              ,   19693.313,       1.142,            ,            ,            ,            ,            ,            ,            ,            ,            ,            ,            ,            ,            ,            ,            ,            ,            ,            ,            ,            ,            ,            ,            ,            ,            ,   20064.493,       0.900,            ,            ,            ,            ,            ,            ,            ,            ,            ,            ,            ,            ,            ,            ,            ,            ,   20345.832,       1.009,            ,            ,            ,            ,            ,            ,            ,
                              ,   19694.411,       1.098,            ,            ,            ,            ,            ,            ,            ,            ,            ,            ,            ,            ,            ,            ,            ,            ,            ,            ,            ,            ,            ,            ,            ,            ,            ,   20065.391,       0.898,            ,            ,            ,            ,            ,            ,            ,            ,            ,            ,            ,            ,            ,            ,            ,            ,   20346.825,       0.993,            ,            ,            ,            ,            ,            ,            ,
                              ,   19695.552,       1.141,            ,            ,            ,            ,            ,            ,            ,            ,            ,            ,            ,            ,            ,            ,            ,            ,            ,            ,            ,            ,            ,            ,            ,            ,            ,   20066.322,       0.931,            ,            ,            ,            ,            ,            ,            ,            ,            ,            ,            ,            ,            ,            ,            ,            ,   20347.769,       0.944,            ,            ,            ,            ,            ,            ,            ,
                              ,   19696.676,       1.124,            ,            ,            ,            ,            ,            ,            ,            ,            ,            ,            ,            ,            ,            ,            ,            ,            ,            ,            ,            ,            ,            ,            ,            ,            ,   20067.235,       0.913,            ,            ,            ,            ,            ,            ,            ,            ,            ,            ,            ,            ,            ,            ,            ,            ,   20348.760,       0.991,            ,            ,            ,            ,            ,            ,            ,
                              ,   19697.747,       1.071,            ,            ,            ,            ,            ,            ,            ,            ,            ,            ,            ,            ,            ,            ,            ,            ,            ,            ,            ,            ,            ,            ,            ,            ,            ,   20068.147,       0.912,            ,            ,            ,            ,            ,            ,            ,            ,            ,            ,            ,            ,            ,            ,            ,            ,   20349.787,       1.027,            ,            ,            ,            ,            ,            ,            ,
                              ,   19698.850,       1.103,            ,            ,            ,            ,            ,            ,            ,            ,            ,            ,            ,            ,            ,            ,            ,            ,            ,            ,            ,            ,            ,            ,            ,            ,            ,   20069.072,       0.925,            ,            ,            ,            ,            ,            ,            ,            ,            ,            ,            ,            ,            ,            ,            ,            ,   20350.793,       1.006,            ,            ,            ,            ,            ,            ,            ,
                              ,   19699.931,       1.081,            ,            ,            ,            ,            ,            ,            ,            ,            ,            ,            ,            ,            ,            ,            ,            ,            ,            ,            ,            ,            ,            ,            ,            ,            ,   20070.000,       0.928,            ,            ,            ,            ,            ,            ,            ,            ,            ,            ,            ,            ,            ,            ,            ,            ,   20351.810,       1.017,            ,            ,            ,            ,            ,            ,            ,
                              ,   19700.943,       1.012,            ,            ,            ,            ,            ,            ,            ,            ,            ,            ,            ,            ,            ,            ,            ,            ,            ,            ,            ,            ,            ,            ,            ,            ,            ,   20070.935,       0.935,            ,            ,            ,            ,            ,            ,            ,            ,            ,            ,            ,            ,            ,            ,            ,            ,   20352.875,       1.065,            ,            ,            ,            ,            ,            ,            ,
                              ,   19701.955,       1.012,            ,            ,            ,            ,            ,            ,            ,            ,            ,            ,            ,            ,            ,            ,            ,            ,            ,            ,            ,            ,            ,            ,            ,            ,            ,   20071.859,       0.924,            ,            ,            ,            ,            ,            ,            ,            ,            ,            ,            ,            ,            ,            ,            ,            ,   20353.876,       1.001,            ,            ,            ,            ,            ,            ,            ,
                              ,   19702.979,       1.024,            ,            ,            ,            ,            ,            ,            ,            ,            ,            ,            ,            ,            ,            ,            ,            ,            ,            ,            ,            ,            ,            ,            ,            ,            ,   20072.749,       0.890,            ,            ,            ,            ,            ,            ,            ,            ,            ,            ,            ,            ,            ,            ,            ,            ,   20354.851,       0.975,            ,            ,            ,            ,            ,            ,            ,
                              ,   19703.995,       1.016,            ,            ,            ,            ,            ,            ,            ,            ,            ,            ,            ,            ,            ,            ,            ,            ,            ,            ,            ,            ,            ,            ,            ,            ,            ,   20073.624,       0.875,            ,            ,            ,            ,            ,            ,            ,            ,            ,            ,            ,            ,            ,            ,            ,            ,   20355.853,       1.002,            ,            ,            ,            ,            ,            ,            ,
                              ,   19704.990,       0.995,            ,            ,            ,            ,            ,            ,            ,            ,            ,            ,            ,            ,            ,            ,            ,            ,            ,            ,            ,            ,            ,            ,            ,            ,            ,   20074.480,       0.856,            ,            ,            ,            ,            ,            ,            ,            ,            ,            ,            ,            ,            ,            ,            ,            ,   20356.841,       0.988,            ,            ,            ,            ,            ,            ,            ,
                              ,   19706.020,       1.030,            ,            ,            ,            ,            ,            ,            ,            ,            ,            ,            ,            ,            ,            ,            ,            ,            ,            ,            ,            ,            ,            ,            ,            ,            ,   20075.337,       0.857,            ,            ,            ,            ,            ,            ,            ,            ,            ,            ,            ,            ,            ,            ,            ,            ,   20357.799,       0.958,            ,            ,            ,            ,            ,            ,            ,
                              ,   19707.066,       1.046,            ,            ,            ,            ,            ,            ,            ,            ,            ,            ,            ,            ,            ,            ,            ,            ,            ,            ,            ,            ,            ,            ,            ,            ,            ,   20076.196,       0.859,            ,            ,            ,            ,            ,            ,            ,            ,            ,            ,            ,            ,            ,            ,            ,            ,   20358.820,       1.021,            ,            ,            ,            ,            ,            ,            ,
                              ,   19708.067,       1.001,            ,            ,            ,            ,            ,            ,            ,            ,            ,            ,            ,            ,            ,            ,            ,            ,            ,            ,            ,            ,            ,            ,            ,            ,            ,   20077.051,       0.855,            ,            ,            ,            ,            ,            ,            ,            ,            ,            ,            ,            ,            ,            ,            ,            ,   20359.845,       1.025,            ,            ,            ,            ,            ,            ,            ,
                              ,   19709.075,       1.008,            ,            ,            ,            ,            ,            ,            ,            ,            ,            ,            ,            ,            ,            ,            ,            ,            ,            ,            ,            ,            ,            ,            ,            ,            ,   20077.937,       0.886,            ,            ,            ,            ,            ,            ,            ,            ,            ,            ,            ,            ,            ,            ,            ,            ,   20360.842,       0.997,            ,            ,            ,            ,            ,            ,            ,
                              ,   19710.150,       1.075,            ,            ,            ,            ,            ,            ,            ,            ,            ,            ,            ,            ,            ,            ,            ,            ,            ,            ,            ,            ,            ,            ,            ,            ,            ,   20078.840,       0.903,            ,            ,            ,            ,            ,            ,            ,            ,            ,            ,            ,            ,            ,            ,            ,            ,   20361.902,       1.060,            ,            ,            ,            ,            ,            ,            ,
                              ,   19711.190,       1.040,            ,            ,            ,            ,            ,            ,            ,            ,            ,            ,            ,            ,            ,            ,            ,            ,            ,            ,            ,            ,            ,            ,            ,            ,            ,   20079.801,       0.961,            ,            ,            ,            ,            ,            ,            ,            ,            ,            ,            ,            ,            ,            ,            ,            ,   20362.955,       1.053,            ,            ,            ,            ,            ,            ,            ,
                              ,   19712.182,       0.992,            ,            ,            ,            ,            ,            ,            ,            ,            ,            ,            ,            ,            ,            ,            ,            ,            ,            ,            ,            ,            ,            ,            ,            ,            ,   20080.795,       0.994,            ,            ,            ,            ,            ,            ,            ,            ,            ,            ,            ,            ,            ,            ,            ,            ,   20363.950,       0.995,            ,            ,            ,            ,            ,            ,            ,
                              ,   19713.215,       1.033,            ,            ,            ,            ,            ,            ,            ,            ,            ,            ,            ,            ,            ,            ,            ,            ,            ,            ,            ,            ,            ,            ,            ,            ,            ,   20081.776,       0.981,            ,            ,            ,            ,            ,            ,            ,            ,            ,            ,            ,            ,            ,            ,            ,            ,   20364.989,       1.039,            ,            ,            ,            ,            ,            ,            ,
                              ,   19714.260,       1.045,            ,            ,            ,            ,            ,            ,            ,            ,            ,            ,            ,            ,            ,            ,            ,            ,            ,            ,            ,            ,            ,            ,            ,            ,            ,   20082.689,       0.913,            ,            ,            ,            ,            ,            ,            ,            ,            ,            ,            ,            ,            ,            ,            ,            ,   20366.007,       1.018,            ,            ,            ,            ,            ,            ,            ,
                              ,   19715.228,       0.968,            ,            ,            ,            ,            ,            ,            ,            ,            ,            ,            ,            ,            ,            ,            ,            ,            ,            ,            ,            ,            ,            ,            ,            ,            ,   20083.584,       0.895,            ,            ,            ,            ,            ,            ,            ,            ,            ,            ,            ,            ,            ,            ,            ,            ,   20366.973,       0.966,            ,            ,            ,            ,            ,            ,            ,
                              ,   19716.183,       0.955,            ,            ,            ,            ,            ,            ,            ,            ,            ,            ,            ,            ,            ,            ,            ,            ,            ,            ,            ,            ,            ,            ,            ,            ,            ,   20084.446,       0.862,            ,            ,            ,            ,            ,            ,            ,            ,            ,            ,            ,            ,            ,            ,            ,            ,   20368.009,       1.036,            ,            ,            ,            ,            ,            ,            ,
                              ,   19717.171,       0.988,            ,            ,            ,            ,            ,            ,            ,            ,            ,            ,            ,            ,            ,            ,            ,            ,            ,            ,            ,            ,            ,            ,            ,            ,            ,   20085.292,       0.846,            ,            ,            ,            ,            ,            ,            ,            ,            ,            ,            ,            ,            ,            ,            ,            ,   20369.057,       1.048,            ,            ,            ,            ,            ,            ,            ,
                              ,   19718.144,       0.973,            ,            ,            ,            ,            ,            ,            ,            ,            ,            ,            ,            ,            ,            ,            ,            ,            ,            ,            ,            ,            ,            ,            ,            ,            ,   20086.132,       0.840,            ,            ,            ,            ,            ,            ,            ,            ,            ,            ,            ,            ,            ,            ,            ,            ,   20370.055,       0.998,            ,            ,            ,            ,            ,            ,            ,
                              ,   19719.102,       0.958,            ,            ,            ,            ,            ,            ,            ,            ,            ,            ,            ,            ,            ,            ,            ,            ,            ,            ,            ,            ,            ,            ,            ,            ,            ,   20086.982,       0.850,            ,            ,            ,            ,            ,            ,            ,            ,            ,            ,            ,            ,            ,            ,            ,            ,   20371.097,       1.042,            ,            ,            ,            ,            ,            ,            ,
                              ,   19720.139,       1.037,            ,            ,            ,            ,            ,            ,            ,            ,            ,            ,            ,            ,            ,            ,            ,            ,            ,            ,            ,            ,            ,            ,            ,            ,            ,   20087.889,       0.907,            ,            ,            ,            ,            ,            ,            ,            ,            ,            ,            ,            ,            ,            ,            ,            ,   20372.138,       1.041,            ,            ,            ,            ,            ,            ,            ,
                              ,   19721.182,       1.043,            ,            ,            ,            ,            ,            ,            ,            ,            ,            ,            ,            ,            ,            ,            ,            ,            ,            ,            ,            ,            ,            ,            ,            ,            ,   20088.851,       0.962,            ,            ,            ,            ,            ,            ,            ,            ,            ,            ,            ,            ,            ,            ,            ,            ,   20373.123,       0.985,            ,            ,            ,            ,            ,            ,            ,
                              ,   19722.154,       0.972,            ,            ,            ,            ,            ,            ,            ,            ,            ,            ,            ,            ,            ,            ,            ,            ,            ,            ,            ,            ,            ,            ,            ,            ,            ,   20089.872,       1.021,            ,            ,            ,            ,            ,            ,            ,            ,            ,            ,            ,            ,            ,            ,            ,            ,   20374.141,       1.018,            ,            ,            ,            ,            ,            ,            ,
                              ,   19723.156,       1.002,            ,            ,            ,            ,            ,            ,            ,            ,            ,            ,            ,            ,            ,            ,            ,            ,            ,            ,            ,            ,            ,            ,            ,            ,            ,   20090.875,       1.003,            ,            ,            ,            ,            ,            ,            ,            ,            ,            ,            ,            ,            ,            ,            ,            ,   20375.176,       1.035,            ,            ,            ,            ,            ,            ,            ,
                              ,   19724.178,       1.022,            ,            ,            ,            ,            ,            ,            ,            ,            ,            ,            ,            ,            ,            ,            ,            ,            ,            ,            ,            ,            ,            ,            ,            ,            ,   20091.864,       0.989,            ,            ,            ,            ,            ,            ,            ,            ,            ,            ,            ,            ,            ,            ,            ,            ,   20376.172,       0.996,            ,            ,            ,            ,            ,            ,            ,
                              ,   19725.180,       1.002,            ,            ,            ,            ,            ,            ,            ,            ,            ,            ,            ,            ,            ,            ,            ,            ,            ,            ,            ,            ,            ,            ,            ,            ,            ,   20092.805,       0.941,            ,            ,            ,            ,            ,            ,            ,            ,            ,            ,            ,            ,            ,            ,            ,            ,   20377.201,       1.029,            ,            ,            ,            ,            ,            ,            ,
                              ,   19726.132,       0.952,            ,            ,            ,            ,            ,            ,            ,            ,            ,            ,            ,            ,            ,            ,            ,            ,            ,            ,            ,            ,            ,            ,            ,            ,            ,   20093.703,       0.898,            ,            ,            ,            ,            ,            ,            ,            ,            ,            ,            ,            ,            ,            ,            ,            ,   20378.245,       1.044,            ,            ,            ,            ,            ,            ,            ,
                              ,   19727.155,       1.023,            ,            ,            ,            ,            ,            ,            ,            ,            ,            ,            ,            ,            ,            ,            ,            ,            ,            ,            ,            ,            ,            ,            ,            ,            ,   20094.550,       0.847,            ,            ,            ,            ,            ,            ,            ,            ,            ,            ,            ,            ,            ,            ,            ,            ,   20379.260,       1.015,            ,            ,            ,            ,            ,            ,            ,
                              ,   19728.188,       1.033,            ,            ,            ,            ,            ,            ,            ,            ,            ,            ,            ,            ,            ,            ,            ,            ,            ,            ,            ,            ,            ,            ,            ,            ,            ,   20095.360,       0.810,            ,            ,            ,            ,            ,            ,            ,            ,            ,            ,            ,            ,            ,            ,            ,            ,   20380.263,       1.003,            ,            ,            ,            ,            ,            ,            ,
                              ,   19729.168,       0.980,            ,            ,            ,            ,            ,            ,            ,            ,            ,            ,            ,            ,            ,            ,            ,            ,            ,            ,            ,            ,            ,            ,            ,            ,            ,   20096.150,       0.790,            ,            ,            ,            ,            ,            ,            ,            ,            ,            ,            ,            ,            ,            ,            ,            ,   20381.292,       1.029,            ,            ,            ,            ,            ,            ,            ,
                              ,   19730.240,       1.072,            ,            ,            ,            ,            ,            ,            ,            ,            ,            ,            ,            ,            ,            ,            ,            ,            ,            ,            ,            ,            ,            ,            ,            ,            ,   20096.924,       0.774,            ,            ,            ,            ,            ,            ,            ,            ,            ,            ,            ,            ,            ,            ,            ,            ,   20382.304,       1.012,            ,            ,            ,            ,            ,            ,            ,
                              ,   19731.314,       1.074,            ,            ,            ,            ,            ,            ,            ,            ,            ,            ,            ,            ,            ,            ,            ,            ,            ,            ,            ,            ,            ,            ,            ,            ,            ,   20097.696,       0.772,            ,            ,            ,            ,            ,            ,            ,            ,            ,            ,            ,            ,            ,            ,            ,            ,   20383.283,       0.979,            ,            ,            ,            ,            ,            ,            ,
                              ,   19732.302,       0.988,            ,            ,            ,            ,            ,            ,            ,            ,            ,            ,            ,            ,            ,            ,            ,            ,            ,            ,            ,            ,            ,            ,            ,            ,            ,   20098.477,       0.781,            ,            ,            ,            ,            ,            ,            ,            ,            ,            ,            ,            ,            ,            ,            ,            ,   20384.311,       1.028,            ,            ,            ,            ,            ,            ,            ,
                              ,   19733.331,       1.029,            ,            ,            ,            ,            ,            ,            ,            ,            ,            ,            ,            ,            ,            ,            ,            ,            ,            ,            ,            ,            ,            ,            ,            ,            ,   20099.267,       0.790,            ,            ,            ,            ,            ,            ,            ,            ,            ,            ,            ,            ,            ,            ,            ,            ,   20385.337,       1.026,            ,            ,            ,            ,            ,            ,            ,
                              ,   19734.422,       1.091,            ,            ,            ,            ,            ,            ,            ,            ,            ,            ,            ,            ,            ,            ,            ,            ,            ,            ,            ,            ,            ,            ,            ,            ,            ,   20100.077,       0.810,            ,            ,            ,            ,            ,            ,            ,            ,            ,            ,            ,            ,            ,            ,            ,            ,   20386.312,       0.975,            ,            ,            ,            ,            ,            ,            ,
                              ,   19735.488,       1.066,            ,            ,            ,            ,            ,            ,            ,            ,            ,            ,            ,            ,            ,            ,            ,            ,            ,            ,            ,            ,            ,            ,            ,            ,            ,   20100.991,       0.914,            ,            ,            ,            ,            ,            ,            ,            ,            ,            ,            ,            ,            ,            ,            ,            ,   20387.294,       0.982,            ,            ,            ,            ,            ,            ,            ,
                              ,   19736.552,       1.064,            ,            ,            ,            ,            ,            ,            ,            ,            ,            ,            ,            ,            ,            ,            ,            ,            ,            ,            ,            ,            ,            ,            ,            ,            ,   20101.936,       0.945,            ,            ,            ,            ,            ,            ,            ,            ,            ,            ,            ,            ,            ,            ,            ,            ,   20388.336,       1.042,            ,            ,            ,            ,            ,            ,            ,
                              ,   19737.631,       1.079,            ,            ,            ,            ,            ,            ,            ,            ,            ,            ,            ,            ,            ,            ,            ,            ,            ,            ,            ,            ,            ,            ,            ,            ,            ,   20102.867,       0.931,            ,            ,            ,            ,            ,            ,            ,            ,            ,            ,            ,            ,            ,            ,            ,            ,   20389.353,       1.017,            ,            ,            ,            ,            ,            ,            ,
                              ,   19738.673,       1.042,            ,            ,            ,            ,            ,            ,            ,            ,            ,            ,            ,            ,            ,            ,            ,            ,            ,            ,            ,            ,            ,            ,            ,            ,            ,   20103.788,       0.921,            ,            ,            ,            ,            ,            ,            ,            ,            ,            ,            ,            ,            ,            ,            ,            ,   20390.326,       0.973,            ,            ,            ,            ,            ,            ,            ,
                              ,   19739.668,       0.995,            ,            ,            ,            ,            ,            ,            ,            ,            ,            ,            ,            ,            ,            ,            ,            ,            ,            ,            ,            ,            ,            ,            ,            ,            ,   20104.701,       0.913,            ,            ,            ,            ,            ,            ,            ,            ,            ,            ,            ,            ,            ,            ,            ,            ,   20391.313,       0.987,            ,            ,            ,            ,            ,            ,            ,
                              ,   19740.682,       1.014,            ,            ,            ,            ,            ,            ,            ,            ,            ,            ,            ,            ,            ,            ,            ,            ,            ,            ,            ,            ,            ,            ,            ,            ,            ,   20105.581,       0.880,            ,            ,            ,            ,            ,            ,            ,            ,            ,            ,            ,            ,            ,            ,            ,            ,   20392.339,       1.026,            ,            ,            ,            ,            ,            ,            ,
                              ,   19741.723,       1.041,            ,            ,            ,            ,            ,            ,            ,            ,            ,            ,            ,            ,            ,            ,            ,            ,            ,            ,            ,            ,            ,            ,            ,            ,            ,   20106.427,       0.846,            ,            ,            ,            ,            ,            ,            ,            ,            ,            ,            ,            ,            ,            ,            ,            ,   20393.350,       1.011,            ,            ,            ,            ,            ,            ,            ,
                              ,   19742.742,       1.019,            ,            ,            ,            ,            ,            ,            ,            ,            ,            ,            ,            ,            ,            ,            ,            ,            ,            ,            ,            ,            ,            ,            ,            ,            ,   20107.249,       0.822,            ,            ,            ,            ,            ,            ,            ,            ,            ,            ,            ,            ,            ,            ,            ,            ,   20394.345,       0.995,            ,            ,            ,            ,            ,            ,            ,
                              ,   19743.747,       1.005,            ,            ,            ,            ,            ,            ,            ,            ,            ,            ,            ,            ,            ,            ,            ,            ,            ,            ,            ,            ,            ,            ,            ,            ,            ,   20108.070,       0.821,            ,            ,            ,            ,            ,            ,            ,            ,            ,            ,            ,            ,            ,            ,            ,            ,   20395.392,       1.047,            ,            ,            ,            ,            ,            ,            ,
                              ,   19744.811,       1.064,            ,            ,            ,            ,            ,            ,            ,            ,            ,            ,            ,            ,            ,            ,            ,            ,            ,            ,            ,            ,            ,            ,            ,            ,            ,   20108.902,       0.832,            ,            ,            ,            ,            ,            ,            ,            ,            ,            ,            ,            ,            ,            ,            ,            ,   20396.468,       1.076,            ,            ,            ,            ,            ,            ,            ,
                              ,   19745.886,       1.075,            ,            ,            ,            ,            ,            ,            ,            ,            ,            ,            ,            ,            ,            ,            ,            ,            ,            ,            ,            ,            ,            ,            ,            ,            ,   20109.747,       0.845,            ,            ,            ,            ,            ,            ,            ,            ,            ,            ,            ,            ,            ,            ,            ,            ,   20397.484,       1.016,            ,            ,            ,            ,            ,            ,            ,
                              ,   19746.886,       1.000,            ,            ,            ,            ,            ,            ,            ,            ,            ,            ,            ,            ,            ,            ,            ,            ,            ,            ,            ,            ,            ,            ,            ,            ,            ,   20110.611,       0.864,            ,            ,            ,            ,            ,            ,            ,            ,            ,            ,            ,            ,            ,            ,            ,            ,   20398.456,       0.972,            ,            ,            ,            ,            ,            ,            ,
                              ,   19747.836,       0.950,            ,            ,            ,            ,            ,            ,            ,            ,            ,            ,            ,            ,            ,            ,            ,            ,            ,            ,            ,            ,            ,            ,            ,            ,            ,   20111.499,       0.888,            ,            ,            ,            ,            ,            ,            ,            ,            ,            ,            ,            ,            ,            ,            ,            ,   20399.439,       0.983,            ,            ,            ,            ,            ,            ,            ,
                              ,   19748.811,       0.975,            ,            ,            ,            ,            ,            ,            ,            ,            ,            ,            ,            ,            ,            ,            ,            ,            ,            ,            ,            ,            ,            ,            ,            ,            ,   20112.382,       0.883,            ,            ,            ,            ,            ,            ,            ,            ,            ,            ,            ,            ,            ,            ,            ,            ,   20400.468,       1.029,            ,            ,            ,            ,            ,            ,            ,
                              ,   19749.813,       1.002,            ,            ,            ,            ,            ,            ,            ,            ,            ,            ,            ,            ,            ,            ,            ,            ,            ,            ,            ,            ,            ,            ,            ,            ,            ,   20113.265,       0.883,            ,            ,            ,            ,            ,            ,            ,            ,            ,            ,            ,            ,            ,            ,            ,            ,   20401.481,       1.013,            ,            ,            ,            ,            ,            ,            ,
                              ,   19750.778,       0.965,            ,            ,            ,            ,            ,            ,            ,            ,            ,            ,            ,            ,            ,            ,            ,            ,            ,            ,            ,            ,            ,            ,            ,            ,            ,   20114.149,       0.884,            ,            ,            ,            ,            ,            ,            ,            ,            ,            ,            ,            ,            ,            ,            ,            ,   20402.504,       1.023,            ,            ,            ,            ,            ,            ,            ,
                              ,   19751.799,       1.021,            ,            ,            ,            ,            ,            ,            ,            ,            ,            ,            ,            ,            ,            ,            ,            ,            ,            ,            ,            ,            ,            ,            ,            ,            ,   20115.042,       0.893,            ,            ,            ,            ,            ,            ,            ,            ,            ,            ,            ,            ,            ,            ,            ,            ,   20403.570,       1.066,            ,            ,            ,            ,            ,            ,            ,
                              ,   19752.837,       1.038,            ,            ,            ,            ,            ,            ,            ,            ,            ,            ,            ,            ,            ,            ,            ,            ,            ,            ,            ,            ,            ,            ,            ,            ,            ,   20115.950,       0.908,            ,            ,            ,            ,            ,            ,            ,            ,            ,            ,            ,            ,            ,            ,            ,            ,   20404.601,       1.031,            ,            ,            ,            ,            ,            ,            ,
                              ,   19753.838,       1.001,            ,            ,            ,            ,            ,            ,            ,            ,            ,            ,            ,            ,            ,            ,            ,            ,            ,            ,            ,            ,            ,            ,            ,            ,            ,   20116.844,       0.894,            ,            ,            ,            ,            ,            ,            ,            ,            ,            ,            ,            ,            ,            ,            ,            ,   20405.614,       1.013,            ,            ,            ,            ,            ,            ,            ,
                              ,   19754.835,       0.997,            ,            ,            ,            ,            ,            ,            ,            ,            ,            ,            ,            ,            ,            ,            ,            ,            ,            ,            ,            ,            ,            ,            ,            ,            ,   20117.727,       0.883,            ,            ,            ,            ,            ,            ,            ,            ,            ,            ,            ,            ,            ,            ,            ,            ,   20406.660,       1.046,            ,            ,            ,            ,            ,            ,            ,
                              ,   19755.892,       1.057,            ,            ,            ,            ,            ,            ,            ,            ,            ,            ,            ,            ,            ,            ,            ,            ,            ,            ,            ,            ,            ,            ,            ,            ,            ,   20118.622,       0.895,            ,            ,            ,            ,            ,            ,            ,            ,            ,            ,            ,            ,            ,            ,            ,            ,   20407.705,       1.045,            ,            ,            ,            ,            ,            ,            ,
                              ,   19756.915,       1.023,            ,            ,            ,            ,            ,            ,            ,            ,            ,            ,            ,            ,            ,            ,            ,            ,            ,            ,            ,            ,            ,            ,            ,            ,            ,   20119.529,       0.907,            ,            ,            ,            ,            ,            ,            ,            ,            ,            ,            ,            ,            ,            ,            ,            ,   20408.723,       1.018,            ,            ,            ,            ,            ,            ,            ,
                              ,   19757.836,       0.921,            ,            ,            ,            ,            ,            ,            ,            ,            ,            ,            ,            ,            ,            ,            ,            ,            ,            ,            ,            ,            ,            ,            ,            ,            ,   20120.438,       0.909,            ,            ,            ,            ,            ,            ,            ,            ,            ,            ,            ,            ,            ,            ,            ,            ,   20409.775,       1.052,            ,            ,            ,            ,            ,            ,            ,
                              ,   19758.776,       0.940,            ,            ,            ,            ,            ,            ,            ,            ,            ,            ,            ,            ,            ,            ,            ,            ,            ,            ,            ,            ,            ,            ,            ,            ,            ,   20121.357,       0.919,            ,            ,            ,            ,            ,            ,            ,            ,            ,            ,            ,            ,            ,            ,            ,            ,   20410.836,       1.061,            ,            ,            ,            ,            ,            ,            ,
                              ,            ,            ,            ,            ,            ,            ,            ,            ,            ,            ,            ,            ,            ,            ,            ,            ,            ,            ,            ,            ,            ,            ,            ,            ,            ,            ,            ,   20122.257,       0.900,            ,            ,            ,            ,            ,            ,            ,            ,            ,            ,            ,            ,            ,            ,            ,            ,   20411.849,       1.013,            ,            ,            ,            ,            ,            ,            ,
                              ,            ,            ,            ,            ,            ,            ,            ,            ,            ,            ,            ,            ,            ,            ,            ,            ,            ,            ,            ,            ,            ,            ,            ,            ,            ,            ,            ,   20123.136,       0.879,            ,            ,            ,            ,            ,            ,            ,            ,            ,            ,            ,            ,            ,            ,            ,            ,   20412.857,       1.008,            ,            ,            ,            ,            ,            ,            ,
                              ,            ,            ,            ,            ,            ,            ,            ,            ,            ,            ,            ,            ,            ,            ,            ,            ,            ,            ,            ,            ,            ,            ,            ,            ,            ,            ,            ,   20124.001,       0.865,            ,            ,            ,            ,            ,            ,            ,            ,            ,            ,            ,            ,            ,            ,            ,            ,   20413.931,       1.074,            ,            ,            ,            ,            ,            ,            ,
                              ,            ,            ,            ,            ,            ,            ,            ,            ,            ,            ,            ,            ,            ,            ,            ,            ,            ,            ,            ,            ,            ,            ,            ,            ,            ,            ,            ,   20124.850,       0.849,            ,            ,            ,            ,            ,            ,            ,            ,            ,            ,            ,            ,            ,            ,            ,            ,   20414.972,       1.041,            ,            ,            ,            ,            ,            ,            ,
                              ,            ,            ,            ,            ,            ,            ,            ,            ,            ,            ,            ,            ,            ,            ,            ,            ,            ,            ,            ,            ,            ,            ,            ,            ,            ,            ,            ,   20125.694,       0.844,            ,            ,            ,            ,            ,            ,            ,            ,            ,            ,            ,            ,            ,            ,            ,            ,   20415.966,       0.994,            ,            ,            ,            ,            ,            ,            ,
                              ,            ,            ,            ,            ,            ,            ,            ,            ,            ,            ,            ,            ,            ,            ,            ,            ,            ,            ,            ,            ,            ,            ,            ,            ,            ,            ,            ,   20126.548,       0.854,            ,            ,            ,            ,            ,            ,            ,            ,            ,            ,            ,            ,            ,            ,            ,            ,   20417.000,       1.034,            ,            ,            ,            ,            ,            ,            ,
                              ,            ,            ,            ,            ,            ,            ,            ,            ,            ,            ,            ,            ,            ,            ,            ,            ,            ,            ,            ,            ,            ,            ,            ,            ,            ,            ,            ,   20127.408,       0.860,            ,            ,            ,            ,            ,            ,            ,            ,            ,            ,            ,            ,            ,            ,            ,            ,   20418.063,       1.063,            ,            ,            ,            ,            ,            ,            ,
                              ,            ,            ,            ,            ,            ,            ,            ,            ,            ,            ,            ,            ,            ,            ,            ,            ,            ,            ,            ,            ,            ,            ,            ,            ,            ,            ,            ,   20128.271,       0.863,            ,            ,            ,            ,            ,            ,            ,            ,            ,            ,            ,            ,            ,            ,            ,            ,   20419.100,       1.037,            ,            ,            ,            ,            ,            ,            ,
                              ,            ,            ,            ,            ,            ,            ,            ,            ,            ,            ,            ,            ,            ,            ,            ,            ,            ,            ,            ,            ,            ,            ,            ,            ,            ,            ,            ,   20129.117,       0.846,            ,            ,            ,            ,            ,            ,            ,            ,            ,            ,            ,            ,            ,            ,            ,            ,   20420.084,       0.984,            ,            ,            ,            ,            ,            ,            ,
                              ,            ,            ,            ,            ,            ,            ,            ,            ,            ,            ,            ,            ,            ,            ,            ,            ,            ,            ,            ,            ,            ,            ,            ,            ,            ,            ,            ,   20129.950,       0.833,            ,            ,            ,            ,            ,            ,            ,            ,            ,            ,            ,            ,            ,            ,            ,            ,   20421.137,       1.053,            ,            ,            ,            ,            ,            ,            ,
                              ,            ,            ,            ,            ,            ,            ,            ,            ,            ,            ,            ,            ,            ,            ,            ,            ,            ,            ,            ,            ,            ,            ,            ,            ,            ,            ,            ,   20130.766,       0.816,            ,            ,            ,            ,            ,            ,            ,            ,            ,            ,            ,            ,            ,            ,            ,            ,   20422.202,       1.065,            ,            ,            ,            ,            ,            ,            ,
                              ,            ,            ,            ,            ,            ,            ,            ,            ,            ,            ,            ,            ,            ,            ,            ,            ,            ,            ,            ,            ,            ,            ,            ,            ,            ,            ,            ,   20131.553,       0.787,            ,            ,            ,            ,            ,            ,            ,            ,            ,            ,            ,            ,            ,            ,            ,            ,   20423.227,       1.025,            ,            ,            ,            ,            ,            ,            ,
                              ,            ,            ,            ,            ,            ,            ,            ,            ,            ,            ,            ,            ,            ,            ,            ,            ,            ,            ,            ,            ,            ,            ,            ,            ,            ,            ,            ,   20132.339,       0.786,            ,            ,            ,            ,            ,            ,            ,            ,            ,            ,            ,            ,            ,            ,            ,            ,   20424.247,       1.020,            ,            ,            ,            ,            ,            ,            ,
                              ,            ,            ,            ,            ,            ,            ,            ,            ,            ,            ,            ,            ,            ,            ,            ,            ,            ,            ,            ,            ,            ,            ,            ,            ,            ,            ,            ,   20133.104,       0.765,            ,            ,            ,            ,            ,            ,            ,            ,            ,            ,            ,            ,            ,            ,            ,            ,   20425.304,       1.057,            ,            ,            ,            ,            ,            ,            ,
                              ,            ,            ,            ,            ,            ,            ,            ,            ,            ,            ,            ,            ,            ,            ,            ,            ,            ,            ,            ,            ,            ,            ,            ,            ,            ,            ,            ,   20133.852,       0.748,            ,            ,            ,            ,            ,            ,            ,            ,            ,            ,            ,            ,            ,            ,            ,            ,   20426.328,       1.024,            ,            ,            ,            ,            ,            ,            ,
                              ,            ,            ,            ,            ,            ,            ,            ,            ,            ,            ,            ,            ,            ,            ,            ,            ,            ,            ,            ,            ,            ,            ,            ,            ,            ,            ,            ,   20134.594,       0.742,            ,            ,            ,            ,            ,            ,            ,            ,            ,            ,            ,            ,            ,            ,            ,            ,   20427.318,       0.990,            ,            ,            ,            ,            ,            ,            ,
                              ,            ,            ,            ,            ,            ,            ,            ,            ,            ,            ,            ,            ,            ,            ,            ,            ,            ,            ,            ,            ,            ,            ,            ,            ,            ,            ,            ,   20135.336,       0.742,            ,            ,            ,            ,            ,            ,            ,            ,            ,            ,            ,            ,            ,            ,            ,            ,   20428.326,       1.008,            ,            ,            ,            ,            ,            ,            ,
                              ,            ,            ,            ,            ,            ,            ,            ,            ,            ,            ,            ,            ,            ,            ,            ,            ,            ,            ,            ,            ,            ,            ,            ,            ,            ,            ,            ,            ,            ,            ,            ,            ,            ,            ,            ,            ,            ,            ,            ,            ,            ,            ,            ,            ,            ,   20429.304,       0.978,            ,            ,            ,            ,            ,            ,            ,
                              ,            ,            ,            ,            ,            ,            ,            ,            ,            ,            ,            ,            ,            ,            ,            ,            ,            ,            ,            ,            ,            ,            ,            ,            ,            ,            ,            ,            ,            ,            ,            ,            ,            ,            ,            ,            ,            ,            ,            ,            ,            ,            ,            ,            ,            ,   20430.256,       0.952,            ,            ,            ,            ,            ,            ,            ,
                              ,            ,            ,            ,            ,            ,            ,            ,            ,            ,            ,            ,            ,            ,            ,            ,            ,            ,            ,            ,            ,            ,            ,            ,            ,            ,            ,            ,            ,            ,            ,            ,            ,            ,            ,            ,            ,            ,            ,            ,            ,            ,            ,            ,            ,            ,   20431.235,       0.979,            ,            ,            ,            ,            ,            ,            ,
                              ,            ,            ,            ,            ,            ,            ,            ,            ,            ,            ,            ,            ,            ,            ,            ,            ,            ,            ,            ,            ,            ,            ,            ,            ,            ,            ,            ,            ,            ,            ,            ,            ,            ,            ,            ,            ,            ,            ,            ,            ,            ,            ,            ,            ,            ,   20432.245,       1.010,            ,            ,            ,            ,            ,            ,            ,
                              ,            ,            ,            ,            ,            ,            ,            ,            ,            ,            ,            ,            ,            ,            ,            ,            ,            ,            ,            ,            ,            ,            ,            ,            ,            ,            ,            ,            ,            ,            ,            ,            ,            ,            ,            ,            ,            ,            ,            ,            ,            ,            ,            ,            ,            ,   20433.218,       0.973,            ,            ,            ,            ,            ,            ,            ,
                              ,            ,            ,            ,            ,            ,            ,            ,            ,            ,            ,            ,            ,            ,            ,            ,            ,            ,            ,            ,            ,            ,            ,            ,            ,            ,            ,            ,            ,            ,            ,            ,            ,            ,            ,            ,            ,            ,            ,            ,            ,            ,            ,            ,            ,            ,   20434.188,       0.970,            ,            ,            ,            ,            ,            ,            ,
                              ,            ,            ,            ,            ,            ,            ,            ,            ,            ,            ,            ,            ,            ,            ,            ,            ,            ,            ,            ,            ,            ,            ,            ,            ,            ,            ,            ,            ,            ,            ,            ,            ,            ,            ,            ,            ,            ,            ,            ,            ,            ,            ,            ,            ,            ,   20435.215,       1.027,            ,            ,            ,            ,            ,            ,            ,
                              ,            ,            ,            ,            ,            ,            ,            ,            ,            ,            ,            ,            ,            ,            ,            ,            ,            ,            ,            ,            ,            ,            ,            ,            ,            ,            ,            ,            ,            ,            ,            ,            ,            ,            ,            ,            ,            ,            ,            ,            ,            ,            ,            ,            ,            ,   20436.210,       0.995,            ,            ,            ,            ,            ,            ,            ,
                              ,            ,            ,            ,            ,            ,            ,            ,            ,            ,            ,            ,            ,            ,            ,            ,            ,            ,            ,            ,            ,            ,            ,            ,            ,            ,            ,            ,            ,            ,            ,            ,            ,            ,            ,            ,            ,            ,            ,            ,            ,            ,            ,            ,            ,            ,   20437.194,       0.984,            ,            ,            ,            ,            ,            ,            ,
                              ,            ,            ,            ,            ,            ,            ,            ,            ,            ,            ,            ,            ,            ,            ,            ,            ,            ,            ,            ,            ,            ,            ,            ,            ,            ,            ,            ,            ,            ,            ,            ,            ,            ,            ,            ,            ,            ,            ,            ,            ,            ,            ,            ,            ,            ,   20438.221,       1.027,            ,            ,            ,            ,            ,            ,            ,
                              ,            ,            ,            ,            ,            ,            ,            ,            ,            ,            ,            ,            ,            ,            ,            ,            ,            ,            ,            ,            ,            ,            ,            ,            ,            ,            ,            ,            ,            ,            ,            ,            ,            ,            ,            ,            ,            ,            ,            ,            ,            ,            ,            ,            ,            ,   20439.228,       1.007,            ,            ,            ,            ,            ,            ,            ,
                              ,            ,            ,            ,            ,            ,            ,            ,            ,            ,            ,            ,            ,            ,            ,            ,            ,            ,            ,            ,            ,            ,            ,            ,            ,            ,            ,            ,            ,            ,            ,            ,            ,            ,            ,            ,            ,            ,            ,            ,            ,            ,            ,            ,            ,            ,   20440.188,       0.960,            ,            ,            ,            ,            ,            ,            ,
                              ,            ,            ,            ,            ,            ,            ,            ,            ,            ,            ,            ,            ,            ,            ,            ,            ,            ,            ,            ,            ,            ,            ,            ,            ,            ,            ,            ,            ,            ,            ,            ,            ,            ,            ,            ,            ,            ,            ,            ,            ,            ,            ,            ,            ,            ,   20441.148,       0.960,            ,            ,            ,            ,            ,            ,            ,
                              ,            ,            ,            ,            ,            ,            ,            ,            ,            ,            ,            ,            ,            ,            ,            ,            ,            ,            ,            ,            ,            ,            ,            ,            ,            ,            ,            ,            ,            ,            ,            ,            ,            ,            ,            ,            ,            ,            ,            ,            ,            ,            ,            ,            ,            ,   20442.180,       1.032,            ,            ,            ,            ,            ,            ,            ,
                              ,            ,            ,            ,            ,            ,            ,            ,            ,            ,            ,            ,            ,            ,            ,            ,            ,            ,            ,            ,            ,            ,            ,            ,            ,            ,            ,            ,            ,            ,            ,            ,            ,            ,            ,            ,            ,            ,            ,            ,            ,            ,            ,            ,            ,            ,   20443.227,       1.047,            ,            ,            ,            ,            ,            ,            ,
                              ,            ,            ,            ,            ,            ,            ,            ,            ,            ,            ,            ,            ,            ,            ,            ,            ,            ,            ,            ,            ,            ,            ,            ,            ,            ,            ,            ,            ,            ,            ,            ,            ,            ,            ,            ,            ,            ,            ,            ,            ,            ,            ,            ,            ,            ,   20444.213,       0.986,            ,            ,            ,            ,            ,            ,            ,
                              ,            ,            ,            ,            ,            ,            ,            ,            ,            ,            ,            ,            ,            ,            ,            ,            ,            ,            ,            ,            ,            ,            ,            ,            ,            ,            ,            ,            ,            ,            ,            ,            ,            ,            ,            ,            ,            ,            ,            ,            ,            ,            ,            ,            ,            ,   20445.181,       0.968,            ,            ,            ,            ,            ,            ,            ,
                              ,            ,            ,            ,            ,            ,            ,            ,            ,            ,            ,            ,            ,            ,            ,            ,            ,            ,            ,            ,            ,            ,            ,            ,            ,            ,            ,            ,            ,            ,            ,            ,            ,            ,            ,            ,            ,            ,            ,            ,            ,            ,            ,            ,            ,            ,   20446.189,       1.008,            ,            ,            ,            ,            ,            ,            ,
                              ,            ,            ,            ,            ,            ,            ,            ,            ,            ,            ,            ,            ,            ,            ,            ,            ,            ,            ,            ,            ,            ,            ,            ,            ,            ,            ,            ,            ,            ,            ,            ,            ,            ,            ,            ,            ,            ,            ,            ,            ,            ,            ,            ,            ,            ,   20447.253,       1.064,            ,            ,            ,            ,            ,            ,            ,
                              ,            ,            ,            ,            ,            ,            ,            ,            ,            ,            ,            ,            ,            ,            ,            ,            ,            ,            ,            ,            ,            ,            ,            ,            ,            ,            ,            ,            ,            ,            ,            ,            ,            ,            ,            ,            ,            ,            ,            ,            ,            ,            ,            ,            ,            ,   20448.274,       1.021,            ,            ,            ,            ,            ,            ,            ,
                              ,            ,            ,            ,            ,            ,            ,            ,            ,            ,            ,            ,            ,            ,            ,            ,            ,            ,            ,            ,            ,            ,            ,            ,            ,            ,            ,            ,            ,            ,            ,            ,            ,            ,            ,            ,            ,            ,            ,            ,            ,            ,            ,            ,            ,            ,   20449.277,       1.003,            ,            ,            ,            ,            ,            ,            ,
                              ,            ,            ,            ,            ,            ,            ,            ,            ,            ,            ,            ,            ,            ,            ,            ,            ,            ,            ,            ,            ,            ,            ,            ,            ,            ,            ,            ,            ,            ,            ,            ,            ,            ,            ,            ,            ,            ,            ,            ,            ,            ,            ,            ,            ,            ,   20450.323,       1.046,            ,            ,            ,            ,            ,            ,            ,
                              ,            ,            ,            ,            ,            ,            ,            ,            ,            ,            ,            ,            ,            ,            ,            ,            ,            ,            ,            ,            ,            ,            ,            ,            ,            ,            ,            ,            ,            ,            ,            ,            ,            ,            ,            ,            ,            ,            ,            ,            ,            ,            ,            ,            ,            ,   20451.372,       1.049,            ,            ,            ,            ,            ,            ,            ,
                              ,            ,            ,            ,            ,            ,            ,            ,            ,            ,            ,            ,            ,            ,            ,            ,            ,            ,            ,            ,            ,            ,            ,            ,            ,            ,            ,            ,            ,            ,            ,            ,            ,            ,            ,            ,            ,            ,            ,            ,            ,            ,            ,            ,            ,            ,   20452.465,       1.093,            ,            ,            ,            ,            ,            ,            ,
                              ,            ,            ,            ,            ,            ,            ,            ,            ,            ,            ,            ,            ,            ,            ,            ,            ,            ,            ,            ,            ,            ,            ,            ,            ,            ,            ,            ,            ,            ,            ,            ,            ,            ,            ,            ,            ,            ,            ,            ,            ,            ,            ,            ,            ,            ,   20453.581,       1.116,            ,            ,            ,            ,            ,            ,            ,
                              ,            ,            ,            ,            ,            ,            ,            ,            ,            ,            ,            ,            ,            ,            ,            ,            ,            ,            ,            ,            ,            ,            ,            ,            ,            ,            ,            ,            ,            ,            ,            ,            ,            ,            ,            ,            ,            ,            ,            ,            ,            ,            ,            ,            ,            ,   20454.729,       1.148,            ,            ,            ,            ,            ,            ,            ,
                              ,            ,            ,            ,            ,            ,            ,            ,            ,            ,            ,            ,            ,            ,            ,            ,            ,            ,            ,            ,            ,            ,            ,            ,            ,            ,            ,            ,            ,            ,            ,            ,            ,            ,            ,            ,            ,            ,            ,            ,            ,            ,            ,            ,            ,            ,   20455.830,       1.101,            ,            ,            ,            ,            ,            ,            ,
                              ,            ,            ,            ,            ,            ,            ,            ,            ,            ,            ,            ,            ,            ,            ,            ,            ,            ,            ,            ,            ,            ,            ,            ,            ,            ,            ,            ,            ,            ,            ,            ,            ,            ,            ,            ,            ,            ,            ,            ,            ,            ,            ,            ,            ,            ,   20456.865,       1.035,            ,            ,            ,            ,            ,            ,            ,
                              ,            ,            ,            ,            ,            ,            ,            ,            ,            ,            ,            ,            ,            ,            ,            ,            ,            ,            ,            ,            ,            ,            ,            ,            ,            ,            ,            ,            ,            ,            ,            ,            ,            ,            ,            ,            ,            ,            ,            ,            ,            ,            ,            ,            ,            ,   20457.853,       0.988,            ,            ,            ,            ,            ,            ,            ,
                              ,            ,            ,            ,            ,            ,            ,            ,            ,            ,            ,            ,            ,            ,            ,            ,            ,            ,            ,            ,            ,            ,            ,            ,            ,            ,            ,            ,            ,            ,            ,            ,            ,            ,            ,            ,            ,            ,            ,            ,            ,            ,            ,            ,            ,            ,   20458.897,       1.044,            ,            ,            ,            ,            ,            ,            ,
                              ,            ,            ,            ,            ,            ,            ,            ,            ,            ,            ,            ,            ,            ,            ,            ,            ,            ,            ,            ,            ,            ,            ,            ,            ,            ,            ,            ,            ,            ,            ,            ,            ,            ,            ,            ,            ,            ,            ,            ,            ,            ,            ,            ,            ,            ,   20459.993,       1.096,            ,            ,            ,            ,            ,            ,            ,
                              ,            ,            ,            ,            ,            ,            ,            ,            ,            ,            ,            ,            ,            ,            ,            ,            ,            ,            ,            ,            ,            ,            ,            ,            ,            ,            ,            ,            ,            ,            ,            ,            ,            ,            ,            ,            ,            ,            ,            ,            ,            ,            ,            ,            ,            ,   20461.059,       1.066,            ,            ,            ,            ,            ,            ,            ,
                              ,            ,            ,            ,            ,            ,            ,            ,            ,            ,            ,            ,            ,            ,            ,            ,            ,            ,            ,            ,            ,            ,            ,            ,            ,            ,            ,            ,            ,            ,            ,            ,            ,            ,            ,            ,            ,            ,            ,            ,            ,            ,            ,            ,            ,            ,   20462.085,       1.026,            ,            ,            ,            ,            ,            ,            ,
                              ,            ,            ,            ,            ,            ,            ,            ,            ,            ,            ,            ,            ,            ,            ,            ,            ,            ,            ,            ,            ,            ,            ,            ,            ,            ,            ,            ,            ,            ,            ,            ,            ,            ,            ,            ,            ,            ,            ,            ,            ,            ,            ,            ,            ,            ,   20463.168,       1.083,            ,            ,            ,            ,            ,            ,            ,
                              ,            ,            ,            ,            ,            ,            ,            ,            ,            ,            ,            ,            ,            ,            ,            ,            ,            ,            ,            ,            ,            ,            ,            ,            ,            ,            ,            ,            ,            ,            ,            ,            ,            ,            ,            ,            ,            ,            ,            ,            ,            ,            ,            ,            ,            ,   20464.283,       1.115,            ,            ,            ,            ,            ,            ,            ,
                              ,            ,            ,            ,            ,            ,            ,            ,            ,            ,            ,            ,            ,            ,            ,            ,            ,            ,            ,            ,            ,            ,            ,            ,            ,            ,            ,            ,            ,            ,            ,            ,            ,            ,            ,            ,            ,            ,            ,            ,            ,            ,            ,            ,            ,            ,   20465.359,       1.076,            ,            ,            ,            ,            ,            ,            ,
                              ,            ,            ,            ,            ,            ,            ,            ,            ,            ,            ,            ,            ,            ,            ,            ,            ,            ,            ,            ,            ,            ,            ,            ,            ,            ,            ,            ,            ,            ,            ,            ,            ,            ,            ,            ,            ,            ,            ,            ,            ,            ,            ,            ,            ,            ,   20466.397,       1.038,            ,            ,            ,            ,            ,            ,            ,
                              ,            ,            ,            ,            ,            ,            ,            ,            ,            ,            ,            ,            ,            ,            ,            ,            ,            ,            ,            ,            ,            ,            ,            ,            ,            ,            ,            ,            ,            ,            ,            ,            ,            ,            ,            ,            ,            ,            ,            ,            ,            ,            ,            ,            ,            ,   20467.492,       1.095,            ,            ,            ,            ,            ,            ,            ,
                              ,            ,            ,            ,            ,            ,            ,            ,            ,            ,            ,            ,            ,            ,            ,            ,            ,            ,            ,            ,            ,            ,            ,            ,            ,            ,            ,            ,            ,            ,            ,            ,            ,            ,            ,            ,            ,            ,            ,            ,            ,            ,            ,            ,            ,            ,   20468.599,       1.107,            ,            ,            ,            ,            ,            ,            ,
                              ,            ,            ,            ,            ,            ,            ,            ,            ,            ,            ,            ,            ,            ,            ,            ,            ,            ,            ,            ,            ,            ,            ,            ,            ,            ,            ,            ,            ,            ,            ,            ,            ,            ,            ,            ,            ,            ,            ,            ,            ,            ,            ,            ,            ,            ,   20469.674,       1.075,            ,            ,            ,            ,            ,            ,            ,
                              ,            ,            ,            ,            ,            ,            ,            ,            ,            ,            ,            ,            ,            ,            ,            ,            ,            ,            ,            ,            ,            ,            ,            ,            ,            ,            ,            ,            ,            ,            ,            ,            ,            ,            ,            ,            ,            ,            ,            ,            ,            ,            ,            ,            ,            ,   20470.703,       1.029,            ,            ,            ,            ,            ,            ,            ,
                              ,            ,            ,            ,            ,            ,            ,            ,            ,            ,            ,            ,            ,            ,            ,            ,            ,            ,            ,            ,            ,            ,            ,            ,            ,            ,            ,            ,            ,            ,            ,            ,            ,            ,            ,            ,            ,            ,            ,            ,            ,            ,            ,            ,            ,            ,   20471.773,       1.070,            ,            ,            ,            ,            ,            ,            ,
                              ,            ,            ,            ,            ,            ,            ,            ,            ,            ,            ,            ,            ,            ,            ,            ,            ,            ,            ,            ,            ,            ,            ,            ,            ,            ,            ,            ,            ,            ,            ,            ,            ,            ,            ,            ,            ,            ,            ,            ,            ,            ,            ,            ,            ,            ,   20472.820,       1.047,            ,            ,            ,            ,            ,            ,            ,
                              ,            ,            ,            ,            ,            ,            ,            ,            ,            ,            ,            ,            ,            ,            ,            ,            ,            ,            ,            ,            ,            ,            ,            ,            ,            ,            ,            ,            ,            ,            ,            ,            ,            ,            ,            ,            ,            ,            ,            ,            ,            ,            ,            ,            ,            ,   20473.832,       1.012,            ,            ,            ,            ,            ,            ,            ,
                              ,            ,            ,            ,            ,            ,            ,            ,            ,            ,            ,            ,            ,            ,            ,            ,            ,            ,            ,            ,            ,            ,            ,            ,            ,            ,            ,            ,            ,            ,            ,            ,            ,            ,            ,            ,            ,            ,            ,            ,            ,            ,            ,            ,            ,            ,   20474.882,       1.050,            ,            ,            ,            ,            ,            ,            ,
                              ,            ,            ,            ,            ,            ,            ,            ,            ,            ,            ,            ,            ,            ,            ,            ,            ,            ,            ,            ,            ,            ,            ,            ,            ,            ,            ,            ,            ,            ,            ,            ,            ,            ,            ,            ,            ,            ,            ,            ,            ,            ,            ,            ,            ,            ,   20475.963,       1.081,            ,            ,            ,            ,            ,            ,            ,
                              ,            ,            ,            ,            ,            ,            ,            ,            ,            ,            ,            ,            ,            ,            ,            ,            ,            ,            ,            ,            ,            ,            ,            ,            ,            ,            ,            ,            ,            ,            ,            ,            ,            ,            ,            ,            ,            ,            ,            ,            ,            ,            ,            ,            ,            ,   20477.019,       1.056,            ,            ,            ,            ,            ,            ,            ,
                              ,            ,            ,            ,            ,            ,            ,            ,            ,            ,            ,            ,            ,            ,            ,            ,            ,            ,            ,            ,            ,            ,            ,            ,            ,            ,            ,            ,            ,            ,            ,            ,            ,            ,            ,            ,            ,            ,            ,            ,            ,            ,            ,            ,            ,            ,   20478.097,       1.078,            ,            ,            ,            ,            ,            ,            ,
                              ,            ,            ,            ,            ,            ,            ,            ,            ,            ,            ,            ,            ,            ,            ,            ,            ,            ,            ,            ,            ,            ,            ,            ,            ,            ,            ,            ,            ,            ,            ,            ,            ,            ,            ,            ,            ,            ,            ,            ,            ,            ,            ,            ,            ,            ,   20479.185,       1.088,            ,            ,            ,            ,            ,            ,            ,
                              ,            ,            ,            ,            ,            ,            ,            ,            ,            ,            ,            ,            ,            ,            ,            ,            ,            ,            ,            ,            ,            ,            ,            ,            ,            ,            ,            ,            ,            ,            ,            ,            ,            ,            ,            ,            ,            ,            ,            ,            ,            ,            ,            ,            ,            ,   20480.233,       1.048,            ,            ,            ,            ,            ,            ,            ,
                              ,            ,            ,            ,            ,            ,            ,            ,            ,            ,            ,            ,            ,            ,            ,            ,            ,            ,            ,            ,            ,            ,            ,            ,            ,            ,            ,            ,            ,            ,            ,            ,            ,            ,            ,            ,            ,            ,            ,            ,            ,            ,            ,            ,            ,            ,   20481.269,       1.036,            ,            ,            ,            ,            ,            ,            ,
                              ,            ,            ,            ,            ,            ,            ,            ,            ,            ,            ,            ,            ,            ,            ,            ,            ,            ,            ,            ,            ,            ,            ,            ,            ,            ,            ,            ,            ,            ,            ,            ,            ,            ,            ,            ,            ,            ,            ,            ,            ,            ,            ,            ,            ,            ,   20482.311,       1.042,            ,            ,            ,            ,            ,            ,            ,


