sep=,
HRV ANALYSIS RESULTS - 31-Aug-2026 09:01:23
Kubios HRV Scientific Lite
4.3.0
released in March 2026

Analyzed by:  -  - 

File name: /Users/apc939/Downloads/24183166352_ACTIVITY.fit
Measurement date: 31.08.2026 07:04:39
File type: FIT
Channel label: RR data
Data length: 00:20:09 (h:min:s)
Measurement rate: - 

Parameters
 Number of samples: 6
 Detrending method: Smoothn priors (lambda: 500)
 Min/Max HR as average of: 5 beats
 Threshold for NNxx/pNNxx: 50 ms
 Frequency bands
  VLF: 0 - 0.04 Hz
  LF: 0.04 - 0.15 Hz
  HF: 0.15 - 0.4 Hz
 Interpolation rate: 4 Hz
 Points in frequency-domain: 300 points/Hz
 FFT spectrum options
  Window width: 300 s
  Window overlap: 50 %
 AR spectrum options
  AR model order: 16
  Use factorization: No
 Apply detrending for nonlinear analysis: 1
 Entropy, embedding dimension: 2
 Entropy, tolerance: 0.2 x SD
 DFA, short-term fluctuations: 4-12 beats
 DFA, long-term fluctuations: 13-64 beats

RR Interval Samples Selected for Analysis
                              ,       DS(1),     RC10(2),     RC12(3),      ORT(4),     RUFF(5),      REC(6),
  Sample limits (hh:mm:ss):   ,07:04:39-07:11:46,07:11:46-07:12:39,07:12:40-07:13:40,07:13:40-07:17:55,07:17:55-07:18:44,07:18:44-07:24:48,
  Sample Analysis Type: Single samples
  Beat correction: Threshold (medium)
  Beats total:                ,         429,          54,          61,         285,          76,         396,
  Beats corrected:            ,           0,           0,           0,           1,           0,           1,
  Beats corrected (%):        ,           0,           0,           0,       0.351,           0,       0.253,
  Effective data length (s):  ,         427,          53,          60,         255,          49,         364,
  Effective data length (%):  ,      100.00,      100.00,      100.00,      100.00,      100.00,      100.00,


RESULTS FOR SINGLE SAMPLES
                              ,       DS(1),            ,     RC10(2),            ,     RC12(3),            ,      ORT(4),            ,     RUFF(5),            ,      REC(6),            ,
Results Overview              ,
  PNS index:                  ,      0.1480,            ,      1.2300,            ,      1.7556,            ,     -0.5591,            ,     -2.1557,            ,     -0.0168,            ,
  SNS index:                  ,     -0.5406,            ,     -0.6319,            ,     -0.6536,            ,     -0.1030,            ,      3.1252,            ,     -0.2113,            ,
  Stress index:               ,      7.4739,            ,      7.6881,            ,      7.6326,            ,      7.3971,            ,     17.5153,            ,      8.1278,            ,

Time-Domain Results           ,
 Statistical parameters       ,
  Mean RR  (ms):              ,    993.0513,            ,    983.0556,            ,    972.5246,            ,    895.5078,            ,    653.5263,            ,    917.6689,            ,
  SDNN (ms):                  ,     58.8155,            ,     70.0608,            ,     77.3240,            ,     52.4337,            ,     31.1641,            ,     48.1379,            ,
  Mean HR (beats/min):        ,     60.4198,            ,     61.0342,            ,     61.6951,            ,     67.0011,            ,     91.8096,            ,     65.3831,            ,
  SD HR (beats/min):          ,      3.6005,            ,      4.2381,            ,      4.8391,            ,      4.0493,            ,      4.5094,            ,      3.4663,            ,
  Min HR (beats/min):         ,     53.0223,            ,     56.2114,            ,     56.8074,            ,     56.1482,            ,     71.2251,            ,     49.3178,            ,
  Max HR (beats/min):         ,     70.4391,            ,     67.2194,            ,     67.0241,            ,     98.3607,            ,    103.3414,            ,    100.7726,            ,
  RMSSD (ms):                 ,     39.1174,            ,     75.1763,            ,     94.5527,            ,     30.2295,            ,     13.8114,            ,     42.3428,            ,
  NNxx (beats):               ,          87,            ,          30,            ,          39,            ,          16,            ,           1,            ,          96,            ,
  pNNxx (%):                  ,     20.3271,            ,     56.6038,            ,     65.0000,            ,      5.6338,            ,      1.3333,            ,     24.3038,            ,
  SDANN (ms):                 ,         NaN,            ,         NaN,            ,         NaN,            ,         NaN,            ,         NaN,            ,         NaN,            ,
  SDNN index (ms):            ,         NaN,            ,         NaN,            ,         NaN,            ,         NaN,            ,         NaN,            ,         NaN,            ,
 Geometric parameters         ,
  RR tri index:               ,   17.875000,            ,    9.000000,            ,    8.714286,            ,    8.636364,            ,    5.428571,            ,   11.314286,            ,
  TINN (ms):                  ,    288.0000,            ,    211.0000,            ,    253.0000,            ,    324.0000,            ,    117.0000,            ,    256.0000,            ,

Frequency-Domain Results      ,FFT spectrum, AR spectrum,FFT spectrum, AR spectrum,FFT spectrum, AR spectrum,FFT spectrum, AR spectrum,FFT spectrum, AR spectrum,FFT spectrum, AR spectrum,
 Peak frequencies             ,
  VLF (Hz):                   ,    0.036667,    0.040000,    0.026667,    0.003333,    0.040000,    0.003333,    0.036667,    0.040000,    0.036667,    0.040000,    0.040000,    0.040000,
  LF (Hz):                    ,    0.090000,    0.093333,    0.150000,    0.150000,    0.056667,    0.150000,    0.093333,    0.070000,    0.040000,    0.050000,    0.136667,    0.103333,
  HF (Hz):                    ,    0.156667,    0.150000,    0.166667,    0.166667,    0.203333,    0.200000,    0.163333,    0.150000,    0.210000,    0.150000,    0.183333,    0.150000,
 Absolute powers              ,
  VLF (ms^2):                 ,     18.2714,     97.0207,     56.2623,     78.6265,     92.3305,    104.8165,     52.0201,    402.5800,    519.3909,    294.0370,     92.8497,     92.6533,
  LF (ms^2):                  ,   3120.0538,   3157.2060,    378.2307,    257.9029,    616.6120,    297.8526,    768.1560,   1755.6732,    907.8150,    586.7533,   1750.6811,   1725.2949,
  HF (ms^2):                  ,    148.7241,    185.9975,   5001.9797,   4167.0690,   6088.1830,   5619.6253,     51.6338,    265.6494,     46.9731,     31.7068,    939.9811,    621.3900,
  VLF (log):                  ,      2.9053,      4.5749,      4.0300,      4.3647,      4.5254,      4.6522,      3.9516,      5.9979,      6.2527,      5.6837,      4.5310,      4.5289,
  LF (log):                   ,      8.0456,      8.0574,      5.9355,      5.5526,      6.4242,      5.6966,      6.6440,      7.4706,      6.8110,      6.3746,      7.4678,      7.4532,
  HF (log):                   ,      5.0021,      5.2257,      8.5176,      8.3350,      8.7141,      8.6340,      3.9442,      5.5822,      3.8496,      3.4565,      6.8459,      6.4320,
 Relative powers              ,
  VLF (%):                    ,      0.5558,      2.8201,      1.0348,      1.7457,      1.3581,      1.7398,      5.9669,     16.6073,     35.2324,     32.2223,      3.3356,      3.7979,
  LF (%):                     ,     94.9173,     91.7692,      6.9568,      5.7261,      9.0697,      4.9438,     88.1102,     72.4255,     61.5808,     64.2999,     62.8932,     70.7203,
  HF (%):                     ,      4.5244,      5.4063,     92.0015,     92.5201,     89.5511,     93.2755,      5.9226,     10.9586,      3.1864,      3.4746,     33.7688,     25.4709,
 Normalized powers            ,
  LF (n.u.):                  ,     95.4479,     94.4322,      7.0296,      5.8279,      9.1946,      5.0313,     93.7012,     86.8488,     95.0796,     94.8689,     65.0635,     73.5122,
  HF (n.u.):                  ,      4.5497,      5.5632,     92.9636,     94.1639,     90.7840,     94.9270,      6.2984,     13.1410,      4.9197,      5.1265,     34.9341,     26.4765,
 Total power (ms^2):          ,   3287.1282,   3440.3783,   5436.8433,   4503.9621,   6798.5563,   6024.7624,    871.8129,   2424.1086,   1474.1855,    912.5255,   2783.5762,   2439.6036,
 LF/HF ratio:                 ,     20.9788,     16.9745,      0.0756,      0.0619,      0.1013,      0.0530,     14.8770,      6.6090,     19.3263,     18.5056,      1.8625,      2.7765,


Nonlinear Results             ,
 Poincare plot                ,
  SD1 (ms):                   ,   27.692726,            ,   53.695760,            ,   67.425278,            ,   21.415423,            ,    9.836863,            ,   29.978917,            ,
  SD2 (ms):                   ,   78.485817,            ,   83.192759,            ,   87.083481,            ,   70.787838,            ,   43.178021,            ,   61.147638,            ,
  SD2/SD1 ratio:              ,    2.834167,            ,    1.549336,            ,    1.291555,            ,    3.305461,            ,    4.389410,            ,    2.039688,            ,
 Approximate entropy (ApEn):  ,      1.1333,            ,         NaN,            ,         NaN,            ,      0.9054,            ,      0.4385,            ,      1.0716,            ,
 Sample entropy (SampEn):     ,      1.3419,            ,         NaN,            ,         NaN,            ,      1.0064,            ,      0.6783,            ,      1.2572,            ,
 Detrended fluctuation analysis (DFA),
  alpha 1:                    ,      1.4583,            ,         NaN,            ,         NaN,            ,      1.4600,            ,      1.8141,            ,      1.1311,            ,
  alpha 2:                    ,      0.1223,            ,         NaN,            ,         NaN,            ,      0.7372,            ,      1.3016,            ,      0.1596,            ,


RR INTERVAL DATA and SPECTRUM ESTIMATES,
                              ,       DS(1),            ,            ,            ,            ,            ,            ,            ,            ,     RC10(2),            ,            ,            ,            ,            ,            ,            ,            ,     RC12(3),            ,            ,            ,            ,            ,            ,            ,            ,      ORT(4),            ,            ,            ,            ,            ,            ,            ,            ,     RUFF(5),            ,            ,            ,            ,            ,            ,            ,            ,      REC(6),            ,            ,            ,            ,            ,            ,            ,            ,
                              ,     RR Data,            ,FFT spectrum,            , AR Spectrum,            ,            ,            ,            ,     RR Data,            ,FFT spectrum,            , AR Spectrum,            ,            ,            ,            ,     RR Data,            ,FFT spectrum,            , AR Spectrum,            ,            ,            ,            ,     RR Data,            ,FFT spectrum,            , AR Spectrum,            ,            ,            ,            ,     RR Data,            ,FFT spectrum,            , AR Spectrum,            ,            ,            ,            ,     RR Data,            ,FFT spectrum,            , AR Spectrum,            ,            ,            ,            ,
                              ,        Time, RR interval,   Frequency,         PSD,   Frequency,         PSD,   VLF comp.,    LF comp.,    HF comp.,        Time, RR interval,   Frequency,         PSD,   Frequency,         PSD,   VLF comp.,    LF comp.,    HF comp.,        Time, RR interval,   Frequency,         PSD,   Frequency,         PSD,   VLF comp.,    LF comp.,    HF comp.,        Time, RR interval,   Frequency,         PSD,   Frequency,         PSD,   VLF comp.,    LF comp.,    HF comp.,        Time, RR interval,   Frequency,         PSD,   Frequency,         PSD,   VLF comp.,    LF comp.,    HF comp.,        Time, RR interval,   Frequency,         PSD,   Frequency,         PSD,   VLF comp.,    LF comp.,    HF comp.,
                              ,         (s),         (s),        (Hz),   (ms^2/Hz),        (Hz),   (ms^2/Hz),   (ms^2/Hz),   (ms^2/Hz),   (ms^2/Hz),         (s),         (s),        (Hz),   (ms^2/Hz),        (Hz),   (ms^2/Hz),   (ms^2/Hz),   (ms^2/Hz),   (ms^2/Hz),         (s),         (s),        (Hz),   (ms^2/Hz),        (Hz),   (ms^2/Hz),   (ms^2/Hz),   (ms^2/Hz),   (ms^2/Hz),         (s),         (s),        (Hz),   (ms^2/Hz),        (Hz),   (ms^2/Hz),   (ms^2/Hz),   (ms^2/Hz),   (ms^2/Hz),         (s),         (s),        (Hz),   (ms^2/Hz),        (Hz),   (ms^2/Hz),   (ms^2/Hz),   (ms^2/Hz),   (ms^2/Hz),         (s),         (s),        (Hz),   (ms^2/Hz),        (Hz),   (ms^2/Hz),   (ms^2/Hz),   (ms^2/Hz),   (ms^2/Hz),
                              ,   25479.882,       0.882,       0.000,      0.1254,       0.000,   1039.0881,            ,            ,            ,   25906.144,       1.125,       0.000,     14.8056,       0.000,   1176.6332,            ,            ,            ,   25960.103,       0.978,       0.000,      9.2421,       0.000,   1408.5077,            ,            ,            ,   26019.656,       1.012,       0.000,     33.9750,       0.000,   4074.5971,            ,            ,            ,   26274.718,       0.854,       0.000,    598.5727,       0.000,   2437.9457,            ,            ,            ,   26324.121,       0.589,       0.000,      0.2394,       0.000,   1028.1153,            ,            ,            ,
                              ,   25480.804,       0.922,       0.003,      0.1907,       0.003,   2084.8395,            ,            ,            ,   25907.243,       1.099,       0.003,    115.6441,       0.003,   2342.9457,            ,            ,            ,   25961.014,       0.911,       0.003,     61.2567,       0.003,   2813.5704,            ,            ,            ,   26020.721,       1.065,       0.003,     30.5350,       0.003,   8183.7139,            ,            ,            ,   26275.554,       0.836,       0.003,   1682.5208,       0.003,   4910.8984,            ,            ,            ,   26324.719,       0.598,       0.003,      0.3637,       0.003,   2061.6489,            ,            ,            ,
                              ,   25481.753,       0.949,       0.007,      3.3234,       0.007,   2104.9968,            ,            ,            ,   25908.250,       1.007,       0.007,    359.9783,       0.007,   2312.6885,            ,            ,            ,   25961.883,       0.869,       0.007,    197.3692,       0.007,   2803.3368,            ,            ,            ,   26021.725,       1.004,       0.007,      6.0437,       0.007,   8288.3139,            ,            ,            ,   26276.397,       0.843,       0.007,   3089.4690,       0.007,   5017.8346,            ,            ,            ,   26325.315,       0.596,       0.007,      0.5756,       0.007,   2078.0111,            ,            ,            ,
                              ,   25482.657,       0.904,       0.010,      8.3099,       0.010,   2139.1606,            ,            ,            ,   25909.237,       0.987,       0.010,    724.3280,       0.010,   2264.4959,            ,            ,            ,   25962.762,       0.879,       0.010,    445.9098,       0.010,   2786.6119,            ,            ,            ,   26022.669,       0.944,       0.010,    121.9363,       0.010,   8466.1702,            ,            ,            ,   26277.234,       0.837,       0.010,   5276.2302,       0.010,   5202.6363,            ,            ,            ,   26325.912,       0.597,       0.010,      4.9828,       0.010,   2105.6434,            ,            ,            ,
                              ,   25483.530,       0.873,       0.013,     87.5833,       0.013,   2188.2149,            ,            ,            ,   25910.250,       1.013,       0.013,   1153.5866,       0.013,   2201.3607,            ,            ,            ,   25963.652,       0.890,       0.013,    825.6327,       0.013,   2763.8721,            ,            ,            ,   26023.504,       0.835,       0.013,    224.2361,       0.013,   8722.7573,            ,            ,            ,   26278.011,       0.777,       0.013,   8025.2205,       0.013,   5475.8533,            ,            ,            ,   26326.509,       0.597,       0.013,     66.1896,       0.013,   2145.1039,            ,            ,            ,
                              ,   25484.394,       0.864,       0.017,    122.4895,       0.017,   2253.4650,            ,            ,            ,   25911.310,       1.060,       0.017,   1585.1622,       0.017,   2126.8532,            ,            ,            ,   25964.579,       0.927,       0.017,   1340.2465,       0.017,   2735.7456,            ,            ,            ,   26024.316,       0.812,       0.017,    931.4702,       0.017,   9066.1282,            ,            ,            ,   26278.802,       0.791,       0.017,  11069.0320,       0.017,   5853.7014,            ,            ,            ,   26327.103,       0.594,       0.017,    426.1587,       0.017,   2197.2054,            ,            ,            ,
                              ,   25485.269,       0.875,       0.020,    271.4806,       0.020,   2336.7110,            ,            ,            ,   25912.335,       1.025,       0.020,   1957.2139,       0.020,   2044.6954,            ,            ,            ,   25965.643,       1.064,       0.020,   1967.7732,       0.020,   2702.9791,            ,            ,            ,   26025.087,       0.771,       0.020,    975.6432,       0.020,   9507.3205,            ,            ,            ,   26279.559,       0.757,       0.020,  14122.6845,       0.020,   6359.6543,            ,            ,            ,   26327.704,       0.601,       0.020,    722.4266,       0.020,   2263.0497,            ,            ,            ,
                              ,   25486.181,       0.912,       0.023,     65.7231,       0.023,   2440.3567,            ,            ,            ,   25913.290,       0.955,       0.023,   2215.0814,       0.023,   1958.4077,            ,            ,            ,   25966.602,       0.959,       0.023,   2661.3382,       0.023,   2666.4012,            ,            ,            ,   26025.834,       0.747,       0.023,    330.8052,       0.023,  10060.8975,            ,            ,            ,   26280.305,       0.746,       0.023,  16917.9710,       0.023,   7026.6047,            ,            ,            ,   26328.304,       0.600,       0.023,   3112.7729,       0.023,   2344.0747,            ,            ,            ,
                              ,   25487.133,       0.952,       0.027,    674.0779,       0.027,   2567.5613,            ,            ,            ,   25914.213,       0.923,       0.027,   2317.2270,       0.027,   1871.0678,            ,            ,            ,   25967.493,       0.891,       0.027,   3363.9084,       0.027,   2626.8851,            ,            ,            ,   26026.568,       0.734,       0.027,   1205.9700,       0.027,  10745.6180,            ,            ,            ,   26281.038,       0.733,       0.027,  19234.9647,       0.027,   7899.3732,            ,            ,            ,   26328.900,       0.596,       0.027,   1907.2364,       0.027,   2442.1192,            ,            ,            ,
                              ,   25488.087,       0.954,       0.030,    999.4107,       0.030,   2722.4542,            ,            ,            ,   25915.144,       0.931,       0.030,   2242.2603,       0.030,   1785.1897,            ,            ,            ,   25968.389,       0.896,       0.030,   4031.0095,       0.030,   2585.3154,            ,            ,            ,   26027.290,       0.722,       0.030,    776.9822,       0.030,  11585.1986,            ,            ,            ,   26281.762,       0.724,       0.030,  20925.7551,       0.030,   9036.5028,            ,            ,            ,   26329.506,       0.606,       0.030,   1116.0770,       0.030,   2559.5087,            ,            ,            ,
                              ,   25489.038,       0.951,       0.033,     79.7933,       0.033,   2910.4375,            ,            ,            ,   25916.098,       0.954,       0.033,   1996.5427,       0.033,   1702.7003,            ,            ,            ,   25969.303,       0.914,       0.033,   4648.7898,       0.033,   2542.5583,            ,            ,            ,   26027.998,       0.708,       0.033,   3313.4518,       0.033,  12609.0493,            ,            ,            ,   26282.461,       0.699,       0.033,  21926.5257,       0.033,  10507.8933,            ,            ,            ,   26330.128,       0.622,       0.033,   5971.0332,       0.033,   2699.1702,            ,            ,            ,
                              ,   25489.961,       0.923,       0.037,   2796.1550,       0.037,   3138.6156,            ,            ,            ,   25917.175,       1.077,       0.037,   1618.8620,       0.037,   1624.9845,            ,            ,            ,   25970.342,       1.039,       0.037,   5235.5409,       0.037,   2499.4391,            ,            ,            ,   26028.695,       0.697,       0.037,   7254.1363,       0.037,  13852.6967,            ,            ,            ,   26283.149,       0.688,       0.037,  22256.1311,       0.037,  12378.9266,            ,            ,            ,   26330.768,       0.640,       0.037,   9063.2809,       0.037,   2864.7834,            ,            ,            ,
                              ,   25490.860,       0.899,       0.040,    755.9582,       0.040,   3416.4162,            ,            ,            ,   25918.201,       1.026,       0.040,   1177.2368,       0.040,   1552.9662,            ,            ,            ,   25971.336,       0.994,       0.040,   5823.7447,       0.040,   2456.7256,            ,            ,            ,   26029.383,       0.688,       0.040,   1005.7928,       0.040,  15357.2725,            ,            ,            ,   26283.820,       0.671,       0.040,  22001.9934,       0.040,  14660.0337,            ,            ,            ,   26331.427,       0.659,       0.040,  11043.7322,       0.040,   3060.9834,            ,            ,            ,
                              ,   25491.776,       0.916,       0.043,   1298.3353,       0.043,   3756.4998,            ,            ,            ,   25919.171,       0.970,       0.043,    754.9723,       0.043,   1487.2035,            ,            ,            ,   25972.235,       0.899,       0.043,   6431.4822,       0.043,   2415.1185,            ,            ,            ,   26030.060,       0.677,       0.043,  11807.6540,       0.043,  17166.8106,            ,            ,            ,   26284.483,       0.663,       0.043,  21296.7389,       0.043,  17190.0091,            ,            ,            ,   26332.106,       0.679,       0.043,   5597.4901,       0.043,   3293.6307,            ,            ,            ,
                              ,   25492.718,       0.942,       0.047,   2581.6251,       0.047,   4176.1199,            ,            ,            ,   25920.073,       0.902,       0.047,    428.3373,       0.047,   1427.9805,            ,            ,            ,   25973.154,       0.919,       0.047,   7038.8685,       0.047,   2375.2465,            ,            ,            ,   26030.725,       0.665,       0.047,  23814.3409,       0.047,  19321.0332,            ,            ,            ,   26285.127,       0.644,       0.047,  20290.7981,       0.047,  19462.2120,            ,            ,            ,   26332.794,       0.688,       0.047,   3389.0048,       0.047,   3570.1748,            ,            ,            ,
                              ,   25493.715,       0.997,       0.050,   7343.1514,       0.050,   4699.2029,            ,            ,            ,   25920.974,       0.901,       0.050,    243.8372,       0.050,   1375.3895,            ,            ,            ,   25974.092,       0.938,       0.050,   7582.6616,       0.050,   2337.6674,            ,            ,            ,   26031.380,       0.655,       0.050,   1312.6207,       0.050,  21839.8075,            ,            ,            ,   26285.759,       0.632,       0.050,  19126.6735,       0.050,  20600.1476,            ,            ,            ,   26333.485,       0.691,       0.050,    854.8773,       0.050,   3900.1460,            ,            ,            ,
                              ,   25494.725,       1.010,       0.053,  10393.7289,       0.053,   5359.6082,            ,            ,            ,   25921.903,       0.929,       0.053,    205.2450,       0.053,   1329.3985,            ,            ,            ,   25975.198,       1.106,       0.053,   7972.4024,       0.053,   2302.8724,            ,            ,            ,   26032.031,       0.651,       0.053,   3930.7983,       0.053,  24694.3274,            ,            ,            ,   26286.378,       0.619,       0.053,  17919.6224,       0.053,  19864.7512,            ,            ,            ,   26334.175,       0.690,       0.053,   3591.4397,       0.053,   4295.8244,            ,            ,            ,
                              ,   25495.630,       0.905,       0.057,   4027.7677,       0.057,   6206.3880,            ,            ,            ,   25922.935,       1.032,       0.057,    277.0698,       0.057,   1289.9055,            ,            ,            ,   25976.214,       1.016,       0.057,   8120.8442,       0.057,   2271.2929,            ,            ,            ,   26032.674,       0.643,       0.057,   1148.5999,       0.057,  27762.2261,            ,            ,            ,   26286.991,       0.613,       0.057,  16747.4547,       0.057,  17415.9164,            ,            ,            ,   26334.853,       0.678,       0.057,   6463.1904,       0.057,   4773.1530,            ,            ,            ,
                              ,   25496.495,       0.865,       0.060,   3679.0482,       0.060,   7312.5455,            ,            ,            ,   25924.024,       1.089,       0.060,    403.2135,       0.060,   1256.7803,            ,            ,            ,   25977.141,       0.927,       0.060,   7975.9956,       0.060,   2243.3094,            ,            ,            ,   26033.308,       0.634,       0.060,   3822.1598,       0.060,  30775.7662,            ,            ,            ,   26287.598,       0.607,       0.060,  15649.6774,       0.060,  14209.3248,            ,            ,            ,   26335.525,       0.672,       0.060,  14591.5592,       0.060,   5352.9872,            ,            ,            ,
                              ,   25497.339,       0.844,       0.063,   4993.2491,       0.063,   8790.1497,            ,            ,            ,   25925.028,       1.004,       0.063,    531.5349,       0.063,   1229.8968,            ,            ,            ,   25978.079,       0.938,       0.063,   7543.4789,       0.063,   2219.2623,            ,            ,            ,   26033.936,       0.628,       0.063,   4203.4941,       0.063,  33299.8972,            ,            ,            ,   26288.195,       0.597,       0.063,  14634.0665,       0.063,  11141.7904,            ,            ,            ,   26336.190,       0.665,       0.063,  11977.1157,       0.063,   6062.7941,            ,            ,            ,
                              ,   25498.178,       0.839,       0.067,   7493.9510,       0.067,  10817.4703,            ,            ,            ,   25925.941,       0.913,       0.067,    631.9027,       0.067,   1209.1580,            ,            ,            ,   25979.031,       0.952,       0.067,   6893.3455,       0.067,   2199.4621,            ,            ,            ,   26034.557,       0.621,       0.067,   3088.9857,       0.067,  34804.9883,            ,            ,            ,   26288.783,       0.588,       0.067,  13687.4666,       0.067,   8619.5018,            ,            ,            ,   26336.851,       0.661,       0.067,   2596.8024,       0.067,   6938.9354,            ,            ,            ,
                              ,   25499.086,       0.908,       0.070,  16684.4178,       0.070,  13689.8302,            ,            ,            ,   25926.871,       0.930,       0.070,    699.3869,       0.070,   1194.5159,            ,            ,            ,   25980.094,       1.063,       0.070,   6150.8142,       0.070,   2184.2009,            ,            ,            ,   26035.170,       0.613,       0.070,   1420.1515,       0.070,  34867.7020,            ,            ,            ,   26289.359,       0.576,       0.070,  12787.3979,       0.070,   6686.3396,            ,            ,            ,   26337.517,       0.666,       0.070,  10280.7800,       0.070,   8029.6330,            ,            ,            ,
                              ,   25500.086,       1.000,       0.073,  20294.8657,       0.073,  17919.2024,            ,            ,            ,   25927.831,       0.960,       0.073,    743.2821,       0.073,   1185.9883,            ,            ,            ,   25981.111,       1.017,       0.073,   5473.2350,       0.073,   2173.7637,            ,            ,            ,   26035.778,       0.608,       0.073,   2802.1029,       0.073,  33401.8248,            ,            ,            ,   26289.938,       0.579,       0.073,  11911.7434,       0.073,   5244.2734,            ,            ,            ,   26338.196,       0.679,       0.073,  23595.6005,       0.073,   9398.5511,            ,            ,            ,
                              ,   25501.190,       1.104,       0.077,  15013.1928,       0.077,  24436.8135,            ,            ,            ,   25928.874,       1.043,       0.077,    771.0922,       0.077,   1183.6759,            ,            ,            ,   25982.019,       0.908,       0.077,   5016.6348,       0.077,   2168.4397,            ,            ,            ,   26036.382,       0.604,       0.077,   3649.3665,       0.077,  30721.4308,            ,            ,            ,   26290.517,       0.579,       0.077,  11044.9843,       0.077,   4173.5764,            ,            ,            ,   26338.899,       0.703,       0.077,  23935.5067,       0.077,  11128.3891,            ,            ,            ,
                              ,   25502.275,       1.085,       0.080,  25037.7696,       0.080,  35008.4845,            ,            ,            ,   25929.981,       1.107,       0.080,    778.9942,       0.080,   1187.7782,            ,            ,            ,   25982.928,       0.909,       0.080,   4896.8388,       0.080,   2168.5343,            ,            ,            ,   26036.986,       0.604,       0.080,  15623.9443,       0.080,  27368.6266,            ,            ,            ,   26291.098,       0.581,       0.080,  10180.7104,       0.080,   3373.5365,            ,            ,            ,   26339.625,       0.726,       0.080,   5975.3253,       0.080,  13322.4339,            ,            ,            ,
                              ,   25503.368,       1.093,       0.083,  41319.2956,       0.083,  52990.1084,            ,            ,            ,   25931.006,       1.025,       0.083,    755.1306,       0.083,   1198.6139,            ,            ,            ,   25983.863,       0.935,       0.083,   5153.6838,       0.083,   2174.3806,            ,            ,            ,   26037.607,       0.621,       0.083,  18656.4231,       0.083,  23865.1519,            ,            ,            ,   26291.691,       0.593,       0.083,   9321.0889,       0.083,   2768.8698,            ,            ,            ,   26340.369,       0.744,       0.083,  28384.2431,       0.083,  16098.6047,            ,            ,            ,
                              ,   25504.423,       1.055,       0.087, 123078.8281,       0.087,  83705.3857,            ,            ,            ,   25931.927,       0.921,       0.087,    692.9308,       0.087,   1216.6443,            ,            ,            ,   25985.013,       1.150,       0.087,   5730.5043,       0.087,   2186.3523,            ,            ,            ,   26038.300,       0.693,       0.087,   8899.3969,       0.087,  20566.9074,            ,            ,            ,   26292.272,       0.581,       0.087,   8474.4724,       0.087,   2305.7165,            ,            ,            ,   26341.106,       0.737,       0.087,  22672.9464,       0.087,  19563.5109,            ,            ,            ,
                              ,   25505.428,       1.005,       0.090, 221402.5173,       0.090, 127220.6395,            ,            ,            ,   25932.854,       0.927,       0.090,    604.8706,       0.090,   1242.5047,            ,            ,            ,   25986.076,       1.063,       0.090,   6480.6619,       0.090,   2204.8776,            ,            ,            ,   26039.197,       0.897,       0.090,  14241.8530,       0.090,  17650.3862,            ,            ,            ,   26292.893,       0.621,       0.090,   7652.3564,       0.090,   1946.0547,            ,            ,            ,   26341.840,       0.734,       0.090,   8860.4150,       0.090,  23743.4839,            ,            ,            ,
                              ,   25506.383,       0.955,       0.093, 145814.2121,       0.093, 150391.6819,            ,            ,            ,   25933.811,       0.957,       0.093,    527.2713,       0.093,   1277.0450,            ,            ,            ,   25987.027,       0.951,       0.093,   7205.1120,       0.093,   2230.4542,            ,            ,            ,   26040.323,       1.126,       0.093,  25601.7037,       0.093,  15164.5004,            ,            ,            ,   26293.502,       0.609,       0.093,   6866.6125,       0.093,   1663.0198,            ,            ,            ,   26342.562,       0.722,       0.093,  30878.8634,       0.093,  28446.8422,            ,            ,            ,
                              ,   25507.333,       0.950,       0.097,  96486.5819,       0.097, 120225.4778,            ,            ,            ,   25934.945,       1.134,       0.097,    513.4096,       0.097,   1321.3847,            ,            ,            ,   25987.986,       0.959,       0.097,   7711.3857,       0.097,   2263.6668,            ,            ,            ,   26041.346,       1.023,       0.097,  19240.9946,       0.097,  13088.2284,            ,            ,            ,   26294.169,       0.667,       0.097,   6127.4936,       0.097,   1437.4820,            ,            ,            ,   26343.278,       0.716,       0.097,  13761.4048,       0.097,  33080.4108,            ,            ,            ,
                              ,   25508.293,       0.960,       0.100,  31678.9746,       0.100,  77889.8380,            ,            ,            ,   25936.006,       1.061,       0.100,    619.8877,       0.100,   1376.9875,            ,            ,            ,   25989.144,       1.158,       0.100,   7872.1032,       0.100,   2305.2079,            ,            ,            ,   26042.340,       0.994,       0.100,  21492.9250,       0.100,  11371.0719,            ,            ,            ,   26294.856,       0.687,       0.100,   5442.5113,       0.100,   1255.6691,            ,            ,            ,   26343.985,       0.707,       0.100,  32013.1187,       0.100,  36600.6686,            ,            ,            ,
                              ,   25509.319,       1.026,       0.103,  29382.6123,       0.103,  49612.9488,            ,            ,            ,   25936.988,       0.982,       0.103,    893.5858,       0.103,   1445.7658,            ,            ,            ,   25990.196,       1.052,       0.103,   7658.8832,       0.103,   2355.9021,            ,            ,            ,   26043.374,       1.034,       0.103,   9665.1470,       0.103,   9955.6277,            ,            ,            ,   26295.578,       0.722,       0.103,   4816.0271,       0.103,   1107.5420,            ,            ,            ,   26344.685,       0.700,       0.103,  33986.0598,       0.103,  37906.1112,            ,            ,            ,
                              ,   25510.409,       1.090,       0.107,  35085.6850,       0.107,  33126.8505,            ,            ,            ,   25937.892,       0.904,       0.107,   1361.5312,       0.107,   1530.2254,            ,            ,            ,   25991.140,       0.944,       0.107,   7138.5160,       0.107,   2416.7362,            ,            ,            ,   26044.426,       1.052,       0.107,   2805.4178,       0.107,   8788.1031,            ,            ,            ,   26296.282,       0.704,       0.107,   4249.3108,       0.107,    985.6893,            ,            ,            ,   26345.381,       0.696,       0.107,  15982.3684,       0.107,  36588.3677,            ,            ,            ,
                              ,   25511.479,       1.070,       0.110,  14114.3961,       0.110,  23350.9771,            ,            ,            ,   25938.809,       0.917,       0.110,   2018.4054,       0.110,   1633.6740,            ,            ,            ,   25992.028,       0.888,       0.110,   6436.6165,       0.110,   2488.8964,            ,            ,            ,   26045.482,       1.056,       0.110,   7769.1504,       0.110,   7822.1542,            ,            ,            ,   26296.985,       0.703,       0.110,   3740.8612,       0.110,    884.5701,            ,            ,            ,   26346.079,       0.698,       0.110,  13667.7751,       0.110,  33252.6258,            ,            ,            ,
                              ,   25512.502,       1.023,       0.113,   4478.3103,       0.113,  17258.6831,            ,            ,            ,   25939.733,       0.924,       0.113,   2804.9326,       0.113,   1760.5220,            ,            ,            ,   25992.955,       0.927,       0.113,   5688.2336,       0.113,   2573.8150,            ,            ,            ,   26046.501,       1.019,       0.113,   8959.4632,       0.113,   7019.5009,            ,            ,            ,   26297.671,       0.686,       0.113,   3286.8815,       0.113,    799.9915,            ,            ,            ,   26346.788,       0.709,       0.113,   8402.2565,       0.113,  28998.4186,            ,            ,            ,
                              ,   25513.497,       0.995,       0.117,  17441.1835,       0.117,  13263.7266,            ,            ,            ,   25940.892,       1.159,       0.117,   3581.0740,       0.117,   1916.7297,            ,            ,            ,   25993.950,       0.995,       0.117,   4996.8339,       0.117,   2673.2301,            ,            ,            ,   26047.547,       1.046,       0.117,   3234.7019,       0.117,   6349.1991,            ,            ,            ,   26298.367,       0.696,       0.117,   2881.8798,       0.117,    728.7435,            ,            ,            ,   26347.511,       0.723,       0.117,  11285.0255,       0.117,  24736.9926,            ,            ,            ,
                              ,   25514.435,       0.938,       0.120,  15828.9945,       0.120,  10523.8892,            ,            ,            ,   25941.961,       1.069,       0.120,   4117.5608,       0.120,   2110.4839,            ,            ,            ,   25995.060,       1.110,       0.120,   4414.0031,       0.120,   2789.2619,            ,            ,            ,   26048.560,       1.013,       0.120,   1658.6226,       0.120,   5786.4900,            ,            ,            ,   26299.046,       0.679,       0.120,   2519.3814,       0.120,    668.3416,            ,            ,            ,   26348.244,       0.733,       0.120,   5552.2897,       0.120,  20948.4451,            ,            ,            ,
                              ,   25515.337,       0.902,       0.123,  12003.1322,       0.123,   8571.9773,            ,            ,            ,   25942.963,       1.002,       0.123,   4144.1096,       0.123,   2353.2522,            ,            ,            ,   25996.076,       1.016,       0.123,   3940.7091,       0.123,   2924.5130,            ,            ,            ,   26049.548,       0.988,       0.123,   4024.1219,       0.123,   5311.6328,            ,            ,            ,   26299.723,       0.677,       0.123,   2192.7094,       0.123,    616.8427,            ,            ,            ,   26348.978,       0.734,       0.123,   7144.7920,       0.123,  17779.4949,            ,            ,            ,
                              ,   25516.247,       0.910,       0.127,   9298.8457,       0.127,   7136.1087,            ,            ,            ,   25943.864,       0.901,       0.127,   3485.2258,       0.127,   2661.4720,            ,            ,            ,   25996.947,       0.871,       0.127,   3544.4437,       0.127,   3082.1998,            ,            ,            ,   26050.499,       0.951,       0.127,   1140.5674,       0.127,   4908.8770,            ,            ,            ,   26300.390,       0.667,       0.127,   1895.7406,       0.127,    572.7121,            ,            ,            ,   26349.701,       0.723,       0.127,  14832.0134,       0.127,  15205.4383,            ,            ,            ,
                              ,   25517.145,       0.898,       0.130,   6828.8920,       0.130,   6050.8169,            ,            ,            ,   25944.779,       0.915,       0.130,   2275.6318,       0.130,   3059.3550,            ,            ,            ,   25997.797,       0.850,       0.130,   3185.0802,       0.130,   3266.3283,            ,            ,            ,   26051.505,       1.006,       0.130,   3200.3419,       0.130,   4565.6118,            ,            ,            ,   26301.054,       0.664,       0.130,   1623.5268,       0.130,    534.7260,            ,            ,            ,   26350.417,       0.716,       0.130,   7806.6508,       0.130,  13139.2496,            ,            ,            ,
                              ,   25518.025,       0.880,       0.133,   4284.9471,       0.133,   5211.2985,            ,            ,            ,   25945.701,       0.922,       0.133,   1186.7735,       0.133,   3583.7320,            ,            ,            ,   25998.798,       1.001,       0.133,   2841.4138,       0.133,   3481.9312,            ,            ,            ,   26052.492,       0.987,       0.133,   1835.2701,       0.133,   4271.6850,            ,            ,            ,   26301.701,       0.647,       0.133,   1372.6952,       0.133,    501.8994,            ,            ,            ,   26351.115,       0.698,       0.133,  27033.6003,       0.133,  11484.6319,            ,            ,            ,
                              ,   25518.870,       0.845,       0.137,   1356.0383,       0.137,   4548.8038,            ,            ,            ,   25946.690,       0.989,       0.137,   1543.2935,       0.137,   4292.8283,            ,            ,            ,   25999.885,       1.087,       0.137,   2528.8247,       0.137,   3735.3935,            ,            ,            ,   26053.501,       1.009,       0.137,    152.6100,       0.137,   4018.8660,            ,            ,            ,   26302.356,       0.655,       0.137,   1141.5947,       0.137,    473.4327,            ,            ,            ,   26351.803,       0.688,       0.137,  61171.8412,       0.137,  10156.1846,            ,            ,            ,
                              ,   25519.698,       0.828,       0.140,   1860.9065,       0.140,   4016.8269,            ,            ,            ,   25947.755,       1.065,       0.140,   5201.5773,       0.140,   5283.0751,            ,            ,            ,   26000.904,       1.019,       0.140,   2300.8688,       0.140,   4034.9041,            ,            ,            ,   26054.623,       1.122,       0.140,     66.3117,       0.140,   3800.4257,            ,            ,            ,   26303.004,       0.648,       0.140,    930.2024,       0.140,    448.6701,            ,            ,            ,   26352.486,       0.683,       0.140,  36556.7267,       0.140,   9084.4036,            ,            ,            ,
                              ,   25520.535,       0.837,       0.143,   3353.0587,       0.143,   3583.0485,            ,            ,            ,   25948.761,       1.006,       0.143,  14125.7959,       0.143,   6723.5914,            ,            ,            ,   26001.832,       0.928,       0.143,   2236.9209,       0.143,   4391.0953,            ,            ,            ,   26055.731,       1.108,       0.143,    294.4443,       0.143,   3610.8095,            ,            ,            ,   26303.657,       0.653,       0.143,    739.8314,       0.143,    427.0694,            ,            ,            ,   26353.171,       0.685,       0.143,   8885.4233,       0.143,   8214.8304,            ,            ,            ,
                              ,   25521.404,       0.869,       0.147,    534.8183,       0.147,   3224.4675,            ,            ,            ,   25949.664,       0.903,       0.147,  29721.3420,       0.147,   8933.1316,            ,            ,            ,   26002.719,       0.887,       0.147,   2427.3744,       0.147,   4817.9614,            ,            ,            ,   26056.793,       1.062,       0.147,    365.5100,       0.147,   3445.3813,            ,            ,            ,   26304.320,       0.663,       0.147,    572.6802,       0.147,    408.1771,            ,            ,            ,   26353.862,       0.691,       0.147,  15336.8789,       0.147,   7505.4778,            ,            ,            ,
                              ,   25522.291,       0.887,       0.150,    329.8743,       0.150,   2924.3656,            ,            ,            ,   25950.548,       0.884,       0.150,  52123.7892,       0.150,  12571.2314,            ,            ,            ,   26003.657,       0.938,       0.150,   2964.1644,       0.150,   5334.2068,            ,            ,            ,   26057.835,       1.042,       0.150,    364.1210,       0.150,   3300.2242,            ,            ,            ,   26304.981,       0.661,       0.150,    431.2682,       0.150,    391.6098,            ,            ,            ,   26354.569,       0.707,       0.150,   7048.0187,       0.150,   6924.1319,            ,            ,            ,
                              ,   25523.252,       0.961,       0.153,   1110.7652,       0.153,   2670.3618,            ,            ,            ,   25951.433,       0.885,       0.153,  79724.3065,       0.153,  19184.8406,            ,            ,            ,   26004.824,       1.167,       0.153,   3925.4294,       0.153,   5965.2675,            ,            ,            ,   26058.835,       1.000,       0.153,    268.2436,       0.153,   3171.9842,            ,            ,            ,   26305.641,       0.660,       0.153,    317.8103,       0.153,    377.0396,            ,            ,            ,   26355.305,       0.736,       0.153,   1568.9666,       0.153,   6446.0466,            ,            ,            ,
                              ,   25524.267,       1.015,       0.157,   2986.0827,       0.157,   2453.1325,            ,            ,            ,   25952.370,       0.937,       0.157, 109182.7247,       0.157,  33103.4905,            ,            ,            ,   26005.895,       1.071,       0.157,   5330.3958,       0.157,   6746.4163,            ,            ,            ,   26059.814,       0.979,       0.157,    626.0637,       0.157,   3057.7499,            ,            ,            ,   26306.288,       0.647,       0.157,    233.6198,       0.157,    364.1816,            ,            ,            ,   26356.055,       0.750,       0.157,   2602.6625,       0.157,   6052.1219,            ,            ,            ,
                              ,   25525.311,       1.044,       0.160,    710.0415,       0.160,   2265.5516,            ,            ,            ,   25953.464,       1.094,       0.160, 136026.7146,       0.160,  70071.7351,            ,            ,            ,   26006.864,       0.969,       0.160,   7065.2720,       0.160,   7727.6637,            ,            ,            ,   26060.797,       0.983,       0.160,    732.2132,       0.160,   2954.9587,            ,            ,            ,   26306.934,       0.646,       0.160,    178.6493,       0.160,    352.7848,            ,            ,            ,   26356.807,       0.752,       0.160,   8817.3870,       0.160,   5727.5126,            ,            ,            ,
                              ,   25526.305,       0.994,       0.163,   1100.2668,       0.163,   2102.0997,            ,            ,            ,   25954.491,       1.027,       0.163, 155710.9605,       0.163, 211914.7547,            ,            ,            ,   26007.776,       0.912,       0.163,   8846.2047,       0.163,   8981.7396,            ,            ,            ,   26061.864,       1.067,       0.163,    945.4074,       0.163,   2861.3273,            ,            ,            ,   26307.569,       0.635,       0.163,    151.2783,       0.163,    342.6241,            ,            ,            ,   26357.551,       0.744,       0.163,   3066.6892,       0.163,   5460.5811,            ,            ,            ,
                              ,   25527.262,       0.957,       0.167,    943.0737,       0.167,   1958.4524,            ,            ,            ,   25955.421,       0.930,       0.167, 164809.5494,       0.167, 530895.4890,            ,            ,            ,   26008.713,       0.937,       0.167,  10339.5510,       0.167,  10617.5462,            ,            ,            ,   26062.915,       1.051,       0.167,    499.7963,       0.167,   2774.8023,            ,            ,            ,   26308.207,       0.638,       0.167,    148.4048,       0.167,    333.4942,            ,            ,            ,   26358.285,       0.734,       0.167,   5746.5938,       0.167,   5242.1090,            ,            ,            ,
                              ,   25528.179,       0.917,       0.170,    773.4508,       0.170,   1831.1866,            ,            ,            ,   25956.314,       0.893,       0.170, 161934.1118,       0.170, 166198.3090,            ,            ,            ,   26009.848,       1.135,       0.170,  11520.8897,       0.170,  12803.7642,            ,            ,            ,   26063.979,       1.064,       0.170,      0.4396,       0.170,   2693.5284,            ,            ,            ,   26308.845,       0.638,       0.170,    165.8235,       0.170,    325.2044,            ,            ,            ,   26359.011,       0.726,       0.170,   9444.4452,       0.170,   5064.7016,            ,            ,            ,
                              ,   25529.086,       0.907,       0.173,    731.2404,       0.173,   1717.5697,            ,            ,            ,   25957.201,       0.887,       0.173, 148056.1019,       0.173,  57854.4824,            ,            ,            ,   26010.905,       1.057,       0.173,  13185.4142,       0.173,  15812.1971,            ,            ,            ,   26065.058,       1.079,       0.173,     32.2761,       0.173,   2615.8321,            ,            ,            ,   26309.487,       0.642,       0.173,    198.7953,       0.173,    317.5749,            ,            ,            ,   26359.730,       0.719,       0.173,   6045.6809,       0.173,   4922.3319,            ,            ,            ,
                              ,   25530.010,       0.924,       0.177,   1239.0820,       0.177,   1615.4044,            ,            ,            ,   25958.104,       0.903,       0.177, 126133.1958,       0.177,  27961.7563,            ,            ,            ,   26011.855,       0.950,       0.177,  17300.3923,       0.177,  20101.6210,            ,            ,            ,   26066.120,       1.062,       0.177,     83.3856,       0.177,   2540.2196,            ,            ,            ,   26310.124,       0.637,       0.177,    242.6616,       0.177,    310.4343,            ,            ,            ,   26360.443,       0.713,       0.177,   6726.5966,       0.177,   4809.9847,            ,            ,            ,
                              ,   25530.989,       0.979,       0.180,   1321.5592,       0.180,   1522.9142,            ,            ,            ,            ,            ,       0.180, 100200.6435,       0.180,  16277.3872,            ,            ,            ,   26012.741,       0.886,       0.180,  26791.4682,       0.180,  26489.8236,            ,            ,            ,   26067.138,       1.018,       0.180,    498.0728,       0.180,   2465.3858,            ,            ,            ,   26310.751,       0.627,       0.180,    293.3543,       0.180,    303.6181,            ,            ,            ,   26361.155,       0.712,       0.180,  13385.5050,       0.180,   4723.3733,            ,            ,            ,
                              ,   25532.005,       1.016,       0.183,    779.6262,       0.183,   1438.6566,            ,            ,            ,            ,            ,       0.183,  74273.2585,       0.183,  10617.0891,            ,            ,            ,   26013.655,       0.914,       0.183,  44535.8136,       0.183,  36529.8512,            ,            ,            ,   26068.097,       0.959,       0.183,    403.4866,       0.183,   2390.2318,            ,            ,            ,   26311.381,       0.630,       0.183,    347.6857,       0.183,    296.9685,            ,            ,            ,   26361.873,       0.718,       0.183,  27276.4250,       0.183,   4658.7064,            ,            ,            ,
                              ,   25533.115,       1.110,       0.187,    216.5628,       0.187,   1361.4573,            ,            ,            ,            ,            ,       0.187,  51436.0118,       0.187,   7473.0947,            ,            ,            ,   26014.693,       1.038,       0.187,  71784.4291,       0.187,  53383.2371,            ,            ,            ,   26069.035,       0.938,       0.187,    515.0441,       0.187,   2313.8857,            ,            ,            ,   26311.997,       0.616,       0.187,    403.3617,       0.187,    290.3351,            ,            ,            ,   26362.608,       0.735,       0.187,  26641.3440,       0.187,   4612.4940,            ,            ,            ,
                              ,   25534.213,       1.098,       0.190,    260.9691,       0.190,   1290.3593,            ,            ,            ,            ,            ,       0.190,  33379.6171,       0.190,   5555.3126,            ,            ,            ,   26015.729,       1.036,       0.190, 106717.5726,       0.190,  83877.3631,            ,            ,            ,   26069.989,       0.954,       0.190,    319.8142,       0.190,   2235.7232,            ,            ,            ,   26312.619,       0.622,       0.190,    458.7289,       0.190,    283.5781,            ,            ,            ,   26363.346,       0.738,       0.190,  14337.9904,       0.190,   4581.3806,            ,            ,            ,
                              ,   25535.258,       1.045,       0.193,    585.6181,       0.193,   1224.5818,            ,            ,            ,            ,            ,       0.193,  20432.1075,       0.193,   4303.4132,            ,            ,            ,   26016.673,       0.944,       0.193, 144010.3424,       0.193, 142260.3916,            ,            ,            ,   26070.988,       0.999,       0.193,    133.8633,       0.193,   2155.3815,            ,            ,            ,   26313.235,       0.616,       0.193,    512.3374,       0.193,    276.5709,            ,            ,            ,   26364.089,       0.743,       0.193,   4980.7315,       0.193,   4562.0047,            ,            ,            ,
                              ,   25536.251,       0.993,       0.197,    962.6196,       0.197,   1163.4889,            ,            ,            ,            ,            ,       0.197,  11948.8614,       0.197,   3443.2589,            ,            ,            ,   26017.542,       0.869,       0.197, 175940.0849,       0.197, 242424.9041,            ,            ,            ,   26072.001,       1.013,       0.197,    699.1074,       0.197,   2072.7629,            ,            ,            ,   26313.850,       0.615,       0.197,    562.4553,       0.197,    269.2050,            ,            ,            ,   26364.827,       0.738,       0.197,    969.7261,       0.197,   4550.8855,            ,            ,            ,
                              ,   25537.197,       0.946,       0.200,   1075.3278,       0.200,   1106.5626,            ,            ,            ,            ,            ,       0.200,   6830.1307,       0.200,   2828.2156,            ,            ,            ,   26018.449,       0.907,       0.200, 194812.7997,       0.200, 306300.2998,            ,            ,            ,   26072.944,       0.943,       0.200,     53.9740,       0.200,   1988.0228,            ,            ,            ,   26314.468,       0.618,       0.200,    606.7086,       0.200,    261.3950,            ,            ,            ,   26365.556,       0.729,       0.200,   1868.9030,       0.200,   4544.3440,            ,            ,            ,
                              ,   25538.167,       0.970,       0.203,    875.2120,       0.203,   1053.3816,            ,            ,            ,            ,            ,       0.203,   3957.3624,       0.203,   2374.2237,            ,            ,            ,            ,            ,       0.203, 195731.5032,       0.203, 222784.8407,            ,            ,            ,   26073.867,       0.923,       0.203,    186.8829,       0.203,   1901.5435,            ,            ,            ,   26315.079,       0.611,       0.203,    642.0017,       0.203,    253.0830,            ,            ,            ,   26366.279,       0.723,       0.203,   1047.8950,       0.203,   4538.4686,            ,            ,            ,
                              ,   25539.127,       0.960,       0.207,   1375.1740,       0.207,   1003.6033,            ,            ,            ,            ,            ,       0.207,   2439.7649,       0.207,   2030.3545,            ,            ,            ,            ,            ,       0.207, 178442.3273,       0.207, 127872.9274,            ,            ,            ,   26074.724,       0.857,       0.207,    215.7532,       0.207,   1813.8924,            ,            ,            ,   26315.682,       0.603,       0.207,    664.8051,       0.207,    244.2421,            ,            ,            ,   26366.996,       0.717,       0.207,   2888.5751,       0.207,   4529.1414,            ,            ,            ,
                              ,   25540.106,       0.979,       0.210,   1489.8600,       0.210,    956.9485,            ,            ,            ,            ,            ,       0.210,   1674.8194,       0.210,   1764.3262,            ,            ,            ,            ,            ,       0.210, 147386.7450,       0.210,  75376.3025,            ,            ,            ,   26075.566,       0.842,       0.210,     77.3432,       0.210,   1725.7706,            ,            ,            ,   26316.293,       0.611,       0.210,    671.7785,       0.210,    234.8791,            ,            ,            ,   26367.711,       0.715,       0.210,   1865.8319,       0.210,   4512.1372,            ,            ,            ,
                              ,   25541.182,       1.076,       0.213,    585.1387,       0.213,    913.1888,            ,            ,            ,            ,            ,       0.213,   1296.2561,       0.213,   1554.8953,            ,            ,            ,            ,            ,       0.213, 109961.2518,       0.213,  48034.1035,            ,            ,            ,   26076.400,       0.834,       0.213,     24.3860,       0.213,   1637.9544,            ,            ,            ,   26316.905,       0.612,       0.213,    660.5651,       0.213,    225.0340,            ,            ,            ,   26368.452,       0.741,       0.213,   3702.4511,       0.213,   4483.3041,            ,            ,            ,
                              ,   25542.275,       1.093,       0.217,    429.2728,       0.217,    872.1359,            ,            ,            ,            ,            ,       0.217,   1092.4027,       0.217,   1387.6333,            ,            ,            ,            ,            ,       0.217,  73843.2936,       0.217,  32841.5542,            ,            ,            ,   26077.222,       0.822,       0.217,     51.0824,       0.217,   1551.2393,            ,            ,            ,   26317.506,       0.601,       0.217,    630.5109,       0.217,    214.7773,            ,            ,            ,   26369.233,       0.781,       0.217,   7456.0924,       0.217,   4438.8201,            ,            ,            ,
                              ,   25543.379,       1.104,       0.220,   1601.2248,       0.220,    833.6326,            ,            ,            ,            ,            ,       0.220,    944.9172,       0.220,   1252.4746,            ,            ,            ,            ,            ,       0.220,  44607.1760,       0.220,  23744.0228,            ,            ,            ,   26078.048,       0.826,       0.220,     53.0472,       0.220,   1466.3882,            ,            ,            ,   26318.115,       0.609,       0.220,    583.0639,       0.220,    204.2049,            ,            ,            ,   26370.039,       0.806,       0.220,   2179.6704,       0.220,   4375.5034,            ,            ,            ,
                              ,   25544.428,       1.049,       0.223,   1362.4058,       0.223,    797.5456,            ,            ,            ,            ,            ,       0.223,    796.7319,       0.223,   1142.2344,            ,            ,            ,            ,            ,       0.223,  24563.8490,       0.223,  17934.2811,            ,            ,            ,   26078.874,       0.826,       0.223,    620.8609,       0.223,   1384.0909,            ,            ,            ,   26318.728,       0.613,       0.223,    521.7050,       0.223,    193.4309,            ,            ,            ,   26370.836,       0.797,       0.223,   4161.2004,       0.223,   4291.1313,            ,            ,            ,
                              ,   25545.426,       0.998,       0.227,    438.1052,       0.227,    763.7594,            ,            ,            ,            ,            ,       0.227,    634.5946,       0.227,   1051.6833,            ,            ,            ,            ,            ,       0.227,  13043.8858,       0.227,  14024.4955,            ,            ,            ,   26079.706,       0.832,       0.227,    721.0372,       0.227,   1304.9353,            ,            ,            ,   26319.328,       0.600,       0.227,    451.4238,       0.227,    182.5797,            ,            ,            ,   26371.610,       0.774,       0.227,   6508.8377,       0.227,   4184.7081,            ,            ,            ,
                              ,   25546.381,       0.955,       0.230,    638.5503,       0.230,    732.1715,            ,            ,            ,            ,            ,       0.230,    471.5700,       0.230,    976.9516,            ,            ,            ,            ,            ,       0.230,   7647.3772,       0.230,  11279.1342,            ,            ,            ,   26080.548,       0.842,       0.230,     60.9627,       0.230,   1229.3908,            ,            ,            ,   26319.933,       0.605,       0.230,    377.8987,       0.230,    171.7773,            ,            ,            ,   26372.368,       0.758,       0.230,  14674.1954,       0.230,   4056.6199,            ,            ,            ,
                              ,   25547.373,       0.992,       0.233,   1137.3517,       0.233,    702.6891,            ,            ,            ,            ,            ,       0.233,    327.1360,       0.233,    915.1363,            ,            ,            ,            ,            ,       0.233,   5671.8164,       0.233,   9283.3051,            ,            ,            ,   26081.408,       0.860,       0.233,    389.2637,       0.233,   1157.8037,            ,            ,            ,   26320.538,       0.605,       0.233,    306.6268,       0.233,    161.1438,            ,            ,            ,   26373.113,       0.745,       0.233,  15352.3546,       0.233,   3908.6311,            ,            ,            ,
                              ,   25548.389,       1.016,       0.237,   1950.8500,       0.237,    675.2257,            ,            ,            ,            ,            ,       0.237,    212.1114,       0.237,    864.0361,            ,            ,            ,            ,            ,       0.237,   5080.4668,       0.237,   7790.1322,            ,            ,            ,   26082.307,       0.899,       0.237,    408.6058,       0.237,   1090.4015,            ,            ,            ,   26321.137,       0.599,       0.237,    242.2287,       0.237,    150.7873,            ,            ,            ,   26373.850,       0.737,       0.237,   4377.4544,       0.237,   3743.7101,            ,            ,            ,
                              ,   25549.453,       1.064,       0.240,    760.5501,       0.240,    649.6999,            ,            ,            ,            ,            ,       0.240,    125.1826,       0.240,    821.9696,            ,            ,            ,            ,            ,       0.240,   4793.2907,       0.240,   6645.8899,            ,            ,            ,   26083.230,       0.923,       0.240,    267.6191,       0.240,   1027.3032,            ,            ,            ,   26321.740,       0.603,       0.240,    188.0531,       0.240,    140.7997,            ,            ,            ,   26374.597,       0.747,       0.240,   1124.8257,       0.240,   3565.7114,            ,            ,            ,
                              ,   25550.579,       1.126,       0.243,    414.2533,       0.243,    626.0330,            ,            ,            ,            ,            ,       0.243,     60.1913,       0.243,    787.6473,            ,            ,            ,            ,            ,       0.243,   4473.1090,       0.243,   5751.0798,            ,            ,            ,   26084.166,       0.936,       0.243,     71.5542,       0.243,    968.5344,            ,            ,            ,   26322.340,       0.600,       0.243,    146.0811,       0.243,    131.2540,            ,            ,            ,   26375.352,       0.755,       0.243,   2265.6157,       0.243,   3378.9753,            ,            ,            ,
                              ,   25551.719,       1.140,       0.247,    289.6225,       0.247,    604.1489,            ,            ,            ,            ,            ,       0.247,     16.5258,       0.247,    760.0826,            ,            ,            ,            ,            ,       0.247,   4142.9038,       0.247,   5039.1300,            ,            ,            ,   26085.118,       0.952,       0.247,     89.4593,       0.247,    914.0433,            ,            ,            ,   26322.939,       0.599,       0.247,    117.0321,       0.247,    122.2040,            ,            ,            ,   26376.105,       0.753,       0.247,   2209.8737,       0.247,   3187.9169,            ,            ,            ,
                              ,   25552.812,       1.093,       0.250,    549.6322,       0.250,    583.9733,            ,            ,            ,            ,            ,       0.250,      4.4083,       0.250,    738.5272,            ,            ,            ,            ,            ,       0.250,   3897.1026,       0.250,   4464.2040,            ,            ,            ,   26086.118,       1.000,       0.250,    381.4828,       0.250,    863.7179,            ,            ,            ,   26323.532,       0.593,       0.250,    100.5463,       0.250,    113.6851,            ,            ,            ,   26376.851,       0.746,       0.250,   3787.3900,       0.250,   2996.6707,            ,            ,            ,
                              ,   25553.853,       1.041,       0.253,    426.9302,       0.253,    565.4330,            ,            ,            ,            ,            ,       0.253,     42.0439,       0.253,    722.4260,            ,            ,            ,            ,            ,       0.253,   3789.8022,       0.253,   3993.9458,            ,            ,            ,   26087.019,       0.901,       0.253,    483.8052,       0.253,    817.4008,            ,            ,            ,            ,            ,       0.253,     95.3581,       0.253,    105.7160,            ,            ,            ,   26377.589,       0.738,       0.253,   6252.8660,       0.253,   2808.8331,            ,            ,            ,
                              ,   25554.855,       1.002,       0.257,    171.9106,       0.257,    548.4561,            ,            ,            ,            ,            ,       0.257,    147.7153,       0.257,    711.3850,            ,            ,            ,            ,            ,       0.257,   3841.4756,       0.257,   3605.0107,            ,            ,            ,   26087.981,       0.962,       0.257,     34.0788,       0.257,    774.9031,            ,            ,            ,            ,            ,       0.257,     99.4434,       0.257,     98.3015,            ,            ,            ,   26378.321,       0.732,       0.257,   6309.1768,       0.257,   2627.3157,            ,            ,            ,
                              ,   25555.830,       0.975,       0.260,    324.5271,       0.260,    532.9716,            ,            ,            ,            ,            ,       0.260,    332.5339,       0.260,    705.1499,            ,            ,            ,            ,            ,       0.260,   4069.1252,       0.260,   3280.2281,            ,            ,            ,   26088.917,       0.936,       0.260,     92.6699,       0.260,    736.0162,            ,            ,            ,            ,            ,       0.260,    110.1810,       0.260,     91.4344,            ,            ,            ,   26379.050,       0.729,       0.260,   4873.2771,       0.260,   2454.3006,            ,            ,            ,
                              ,   25556.826,       0.996,       0.263,    295.7013,       0.263,    518.9096,            ,            ,            ,            ,            ,       0.263,    597.7426,       0.263,    703.5921,            ,            ,            ,            ,            ,       0.263,   4487.8477,       0.263,   3006.7513,            ,            ,            ,   26089.776,       0.859,       0.263,     23.4416,       0.263,    700.5206,            ,            ,            ,            ,            ,       0.263,    124.5813,       0.263,     85.0990,            ,            ,            ,   26379.775,       0.725,       0.263,   2746.6515,       0.263,   2291.2739,            ,            ,            ,
                              ,   25557.862,       1.036,       0.267,    213.7287,       0.267,    506.2005,            ,            ,            ,            ,            ,       0.267,    936.5665,       0.267,    706.7024,            ,            ,            ,            ,            ,       0.267,   5088.7555,       0.267,   2774.8218,            ,            ,            ,   26090.610,       0.834,       0.267,    326.1506,       0.267,    668.1937,            ,            ,            ,            ,            ,       0.267,    139.6033,       0.267,     79.2729,            ,            ,            ,   26380.504,       0.729,       0.267,   3020.1363,       0.267,   2139.1093,            ,            ,            ,
                              ,   25558.909,       1.047,       0.270,    270.5479,       0.270,    494.7752,            ,            ,            ,            ,            ,       0.270,   1337.7064,       0.270,    714.5899,            ,            ,            ,            ,            ,       0.270,   5822.6506,       0.270,   2576.9258,            ,            ,            ,   26091.426,       0.816,       0.270,     23.2595,       0.270,    638.8151,            ,            ,            ,            ,            ,       0.270,    152.5252,       0.270,     73.9292,            ,            ,            ,   26381.261,       0.757,       0.270,   3534.0873,       0.270,   1998.1754,            ,            ,            ,
                              ,   25560.040,       1.131,       0.273,    239.5747,       0.273,    484.5643,            ,            ,            ,            ,            ,       0.273,   1787.1920,       0.273,    727.4876,            ,            ,            ,            ,            ,       0.273,   6607.2673,       0.273,   2407.2076,            ,            ,            ,   26092.239,       0.813,       0.273,     37.4541,       0.273,    612.1704,            ,            ,            ,            ,            ,       0.273,    161.2882,       0.273,     69.0385,            ,            ,            ,   26382.038,       0.777,       0.273,   3501.5855,       0.273,   1868.4480,            ,            ,            ,
                              ,   25561.193,       1.153,       0.277,    142.1881,       0.277,    475.4978,            ,            ,            ,            ,            ,       0.277,   2266.9126,       0.277,    745.7636,            ,            ,            ,            ,            ,       0.277,   7352.4571,       0.277,   2261.0545,            ,            ,            ,   26093.049,       0.810,       0.277,     74.6057,       0.277,    588.0537,            ,            ,            ,            ,            ,       0.277,    164.7258,       0.277,     64.5702,            ,            ,            ,   26382.812,       0.774,       0.277,   3720.4535,       0.277,   1749.6151,            ,            ,            ,
                              ,   25562.305,       1.112,       0.280,    479.6011,       0.280,    467.5039,            ,            ,            ,            ,            ,       0.280,   2750.3452,       0.280,    769.9390,            ,            ,            ,            ,            ,       0.280,   7985.3727,       0.280,   2134.7978,            ,            ,            ,   26093.861,       0.812,       0.280,     53.4635,       0.280,    566.2694,            ,            ,            ,            ,            ,       0.280,    162.6159,       0.280,     60.4931,            ,            ,            ,   26383.581,       0.769,       0.280,    876.4052,       0.280,   1641.1658,            ,            ,            ,
                              ,   25563.333,       1.028,       0.283,    325.6038,       0.283,    460.5080,            ,            ,            ,            ,            ,       0.283,   3197.7990,       0.283,    800.7140,            ,            ,            ,            ,            ,       0.283,   8461.9764,       0.283,   2025.4952,            ,            ,            ,   26094.715,       0.854,       0.283,     29.1625,       0.283,    546.6325,            ,            ,            ,            ,            ,       0.283,    155.5519,       0.283,     56.7771,            ,            ,            ,   26384.337,       0.756,       0.283,    808.7702,       0.283,   1542.4635,            ,            ,            ,
                              ,   25564.295,       0.962,       0.287,    392.1060,       0.287,    454.4318,            ,            ,            ,            ,            ,       0.287,   3554.5778,       0.287,    839.0024,            ,            ,            ,            ,            ,       0.287,   8763.2329,       0.287,   1930.7695,            ,            ,            ,   26095.583,       0.868,       0.287,    205.5566,       0.287,    528.9690,            ,            ,            ,            ,            ,       0.287,    144.6799,       0.287,     53.3929,            ,            ,            ,   26385.090,       0.753,       0.287,   1887.4729,       0.287,   1452.8015,            ,            ,            ,
                              ,   25565.252,       0.957,       0.290,   1148.1394,       0.290,    449.1913,            ,            ,            ,            ,            ,       0.290,   3755.5746,       0.290,    885.9768,            ,            ,            ,            ,            ,       0.290,   8883.4114,       0.290,   1848.6888,            ,            ,            ,   26096.473,       0.890,       0.290,    315.8123,       0.290,    513.1149,            ,            ,            ,            ,            ,       0.290,    131.3831,       0.290,     50.3130,            ,            ,            ,   26385.839,       0.749,       0.290,   2568.6900,       0.290,   1371.4444,            ,            ,            ,
                              ,   25566.207,       0.955,       0.293,    813.1539,       0.293,    444.6955,            ,            ,            ,            ,            ,       0.293,   3738.4077,       0.293,    943.1253,            ,            ,            ,            ,            ,       0.293,   8819.7436,       0.293,   1777.6747,            ,            ,            ,   26097.369,       0.896,       0.293,     76.3783,       0.293,    498.9155,            ,            ,            ,            ,            ,       0.293,    116.9955,       0.293,     47.5115,            ,            ,            ,   26386.598,       0.759,       0.293,    546.2562,       0.293,   1297.6564,            ,            ,            ,
                              ,   25567.219,       1.012,       0.297,    813.2819,       0.297,    440.8446,            ,            ,            ,            ,            ,       0.297,   3463.8646,       0.297,   1012.3200,            ,            ,            ,            ,            ,       0.297,   8569.2284,       0.297,   1716.4336,            ,            ,            ,   26098.274,       0.905,       0.297,    148.5141,       0.297,    486.2244,            ,            ,            ,            ,            ,       0.297,    102.6021,       0.297,     44.9645,            ,            ,            ,   26387.375,       0.777,       0.297,   1622.2265,       0.297,   1230.7209,            ,            ,            ,
                              ,   25568.238,       1.019,       0.300,    270.6675,       0.300,    437.5281,            ,            ,            ,            ,            ,       0.300,   2937.8671,       0.300,   1095.8929,            ,            ,            ,            ,            ,       0.300,   8133.3679,       0.300,   1663.9027,            ,            ,            ,   26099.139,       0.865,       0.300,     89.0279,       0.300,    474.9015,            ,            ,            ,            ,            ,       0.300,     88.9471,       0.300,     42.6499,            ,            ,            ,   26388.166,       0.791,       0.300,    647.5016,       0.300,   1169.9520,            ,            ,            ,
                              ,   25569.334,       1.096,       0.303,    636.6179,       0.303,    434.6231,            ,            ,            ,            ,            ,       0.303,   2225.6190,       0.303,   1196.7089,            ,            ,            ,            ,            ,       0.303,   7527.4260,       0.303,   1619.2090,            ,            ,            ,   26099.997,       0.858,       0.303,    235.8639,       0.303,    464.8122,            ,            ,            ,            ,            ,       0.303,     76.4395,       0.303,     40.5475,            ,            ,            ,   26388.977,       0.811,       0.303,   1646.3458,       0.303,   1114.7005,            ,            ,            ,
                              ,   25570.454,       1.120,       0.307,    462.9736,       0.307,    431.9933,            ,            ,            ,            ,            ,       0.307,   1448.7473,       0.307,   1318.2081,            ,            ,            ,            ,            ,       0.307,   6788.4224,       0.307,   1581.6368,            ,            ,            ,   26100.854,       0.857,       0.307,    299.4907,       0.307,    455.8249,            ,            ,            ,            ,            ,       0.307,     65.2224,       0.307,     38.6390,            ,            ,            ,   26389.780,       0.803,       0.307,   3918.7123,       0.307,   1064.3570,            ,            ,            ,
                              ,   25571.556,       1.102,       0.310,    360.2860,       0.310,    429.4881,            ,            ,            ,            ,            ,       0.310,    761.4422,       0.310,   1464.3547,            ,            ,            ,            ,            ,       0.310,   5976.1375,       0.310,   1550.6021,            ,            ,            ,   26101.708,       0.854,       0.310,    196.2325,       0.310,    447.8100,            ,            ,            ,            ,            ,       0.310,     55.2721,       0.310,     36.9079,            ,            ,            ,   26390.568,       0.788,       0.310,   1382.3226,       0.310,   1018.3512,            ,            ,            ,
                              ,   25572.602,       1.046,       0.313,    554.7320,       0.313,    426.9430,            ,            ,            ,            ,            ,       0.313,    310.3488,       0.313,   1639.3696,            ,            ,            ,            ,            ,       0.313,   5164.1711,       0.313,   1525.6332,            ,            ,            ,   26102.569,       0.861,       0.313,    141.6642,       0.313,    440.6376,            ,            ,            ,            ,            ,       0.313,     46.4940,       0.313,     35.3390,            ,            ,            ,   26391.357,       0.789,       0.313,   1036.6793,       0.313,    976.1504,            ,            ,            ,
                              ,   25573.591,       0.989,       0.317,    605.1203,       0.317,    424.1814,            ,            ,            ,            ,            ,       0.317,    191.2258,       0.317,   1847.0119,            ,            ,            ,            ,            ,       0.317,   4422.7160,       0.317,   1506.3546,            ,            ,            ,   26103.433,       0.864,       0.317,     71.1609,       0.317,    434.1764,            ,            ,            ,            ,            ,       0.317,     38.7969,       0.317,     33.9191,            ,            ,            ,   26392.143,       0.786,       0.317,   1494.9461,       0.317,    937.2576,            ,            ,            ,
                              ,   25574.544,       0.953,       0.320,    115.8123,       0.320,    421.0178,            ,            ,            ,            ,            ,       0.320,    418.6739,       0.320,   2089.0235,            ,            ,            ,            ,            ,       0.320,   3799.1019,       0.320,   1492.4742,            ,            ,            ,   26104.330,       0.897,       0.320,     45.6818,       0.320,    428.2923,            ,            ,            ,            ,            ,       0.320,     32.1363,       0.320,     32.6359,            ,            ,            ,   26392.947,       0.804,       0.320,   1449.4730,       0.320,    901.2083,            ,            ,            ,
                              ,   25575.479,       0.935,       0.323,     75.5926,       0.323,    417.2636,            ,            ,            ,            ,            ,       0.323,    921.2407,       0.323,   2362.2282,            ,            ,            ,            ,            ,       0.323,   3304.1166,       0.323,   1483.7741,            ,            ,            ,   26105.280,       0.950,       0.323,    209.0602,       0.323,    422.8474,            ,            ,            ,            ,            ,       0.323,     26.5247,       0.323,     31.4788,            ,            ,            ,   26393.769,       0.822,       0.323,    373.5028,       0.323,    867.5688,            ,            ,            ,
                              ,   25576.425,       0.946,       0.327,    406.5960,       0.327,    412.7347,            ,            ,            ,            ,            ,       0.327,   1564.3605,       0.327,   2653.9990,            ,            ,            ,            ,            ,       0.327,   2910.5201,       0.327,   1480.1017,            ,            ,            ,   26106.258,       0.978,       0.327,    275.7292,       0.327,    417.6995,            ,            ,            ,            ,            ,       0.327,     22.0163,       0.327,     30.4382,            ,            ,            ,   26394.568,       0.799,       0.327,    445.5706,       0.327,    835.9338,            ,            ,            ,
                              ,   25577.390,       0.965,       0.330,    326.7707,       0.330,    407.2611,            ,            ,            ,            ,            ,       0.330,   2192.4213,       0.330,   2937.0589,            ,            ,            ,            ,            ,       0.330,   2565.5517,       0.330,   1481.3640,            ,            ,            ,   26107.245,       0.987,       0.330,    172.4992,       0.330,    412.7026,            ,            ,            ,            ,            ,       0.330,     18.6745,       0.330,     29.5056,            ,            ,            ,   26395.345,       0.777,       0.330,    550.5669,       0.330,    805.9265,            ,            ,            ,
                              ,   25578.398,       1.008,       0.333,     54.7203,       0.333,    400.6978,            ,            ,            ,            ,            ,       0.333,   2674.0180,       0.333,   3167.5126,            ,            ,            ,            ,            ,       0.333,   2213.3430,       0.333,   1487.5213,            ,            ,            ,   26108.219,       0.974,       0.333,    334.5015,       0.333,    407.7081,            ,            ,            ,            ,            ,       0.333,     16.5363,       0.333,     28.6735,            ,            ,            ,   26396.104,       0.759,       0.333,   1245.9194,       0.333,    777.1981,            ,            ,            ,
                              ,   25579.507,       1.109,       0.337,    161.2241,       0.337,    392.9368,            ,            ,            ,            ,            ,       0.337,   2934.3275,       0.337,   3292.9132,            ,            ,            ,            ,            ,       0.337,   1818.4015,       0.337,   1498.5828,            ,            ,            ,   26109.177,       0.958,       0.337,    235.5444,       0.337,    402.5668,            ,            ,            ,            ,            ,       0.337,     15.5863,       0.337,     27.9353,            ,            ,            ,   26396.849,       0.745,       0.337,   3488.5474,       0.337,    749.4301,            ,            ,            ,
                              ,   25580.577,       1.070,       0.340,    722.7008,       0.340,    383.9169,            ,            ,            ,            ,            ,       0.340,   2965.1303,       0.340,   3273.4813,            ,            ,            ,            ,            ,       0.340,   1380.1345,       0.340,   1514.6012,            ,            ,            ,   26110.126,       0.949,       0.340,      6.1019,       0.340,    397.1325,            ,            ,            ,            ,            ,       0.340,     15.7466,       0.340,     27.2855,            ,            ,            ,   26397.591,       0.742,       0.340,   3450.0295,       0.340,    722.3362,            ,            ,            ,
                              ,   25581.613,       1.036,       0.343,    627.6525,       0.343,    373.6318,            ,            ,            ,            ,            ,       0.343,   2812.7670,       0.343,   3105.2249,            ,            ,            ,            ,            ,       0.343,    932.1176,       0.343,   1535.6675,            ,            ,            ,   26111.053,       0.927,       0.343,    100.2691,       0.343,    391.2665,            ,            ,            ,            ,            ,       0.343,     16.8846,       0.343,     26.7189,            ,            ,            ,   26398.337,       0.746,       0.343,    351.8257,       0.343,    695.6662,            ,            ,            ,
                              ,   25582.609,       0.996,       0.347,    372.2632,       0.347,    362.1341,            ,            ,            ,            ,            ,       0.347,   2552.5987,       0.347,   2824.1159,            ,            ,            ,            ,            ,       0.347,    527.3480,       0.347,   1561.9040,            ,            ,            ,   26111.965,       0.912,       0.347,    162.4422,       0.347,    384.8428,            ,            ,            ,            ,            ,       0.347,     18.8286,       0.347,     26.2316,            ,            ,            ,   26399.105,       0.768,       0.347,    610.1327,       0.347,    669.2102,            ,            ,            ,
                              ,   25583.572,       0.963,       0.350,    319.1411,       0.350,    349.5336,            ,            ,            ,            ,            ,       0.350,   2261.9197,       0.350,   2486.2466,            ,            ,            ,            ,            ,       0.350,    218.0567,       0.350,   1593.4550,            ,            ,            ,   26112.903,       0.938,       0.350,    139.3607,       0.350,    377.7542,            ,            ,            ,            ,            ,       0.350,     21.3776,       0.350,     25.8199,            ,            ,            ,   26399.931,       0.826,       0.350,   1935.2321,       0.350,    642.8025,            ,            ,            ,
                              ,   25584.504,       0.932,       0.353,    611.3827,       0.353,    335.9910,            ,            ,            ,            ,            ,       0.353,   2001.0181,       0.353,   2142.4710,            ,            ,            ,            ,            ,       0.353,     40.7728,       0.353,   1630.4744,            ,            ,            ,   26113.875,       0.972,       0.353,    166.9383,       0.353,    369.9188,            ,            ,            ,            ,            ,       0.353,     24.2959,       0.353,     25.4810,            ,            ,            ,   26400.851,       0.920,       0.353,   1064.1559,       0.353,    616.3256,            ,            ,            ,
                              ,   25585.462,       0.958,       0.357,    469.3260,       0.357,    321.7068,            ,            ,            ,            ,            ,       0.357,   1806.1899,       0.357,   1825.3549,            ,            ,            ,            ,            ,       0.357,     12.0950,       0.357,   1673.1076,            ,            ,            ,   26114.896,       1.021,       0.357,    114.7179,       0.357,    361.2849,            ,            ,            ,            ,            ,       0.357,     27.2929,       0.357,     25.2127,            ,            ,            ,   26401.764,       0.913,       0.357,    319.0572,       0.357,    589.7122,            ,            ,            ,
                              ,   25586.434,       0.972,       0.360,    257.6083,       0.360,    306.9073,            ,            ,            ,            ,            ,       0.360,   1692.3290,       0.360,   1549.4923,            ,            ,            ,            ,            ,       0.360,    131.4721,       0.360,   1721.4664,            ,            ,            ,   26115.905,       1.009,       0.360,      0.5996,       0.360,    351.8360,            ,            ,            ,            ,            ,       0.360,     30.0048,       0.360,     25.0135,            ,            ,            ,   26402.617,       0.853,       0.360,    213.0566,       0.360,    562.9460,            ,            ,            ,
                              ,   25587.458,       1.024,       0.363,    170.5696,       0.363,    291.8288,            ,            ,            ,            ,            ,       0.363,   1659.2358,       0.363,   1317.5163,            ,            ,            ,            ,            ,       0.363,    381.7054,       0.363,   1775.5930,            ,            ,            ,   26116.905,       1.000,       0.363,     85.6490,       0.363,    341.5919,            ,            ,            ,            ,            ,       0.363,     32.0050,       0.363,     24.8821,            ,            ,            ,   26403.444,       0.827,       0.363,    166.4418,       0.363,    536.0596,            ,            ,            ,
                              ,   25588.521,       1.063,       0.367,    392.0066,       0.367,    276.7031,            ,            ,            ,            ,            ,       0.367,   1696.2107,       0.367,   1125.9596,            ,            ,            ,            ,            ,       0.367,    721.6161,       0.367,   1835.4116,            ,            ,            ,   26117.870,       0.965,       0.367,    109.0931,       0.367,    330.6094,            ,            ,            ,            ,            ,       0.367,     32.8608,       0.367,     24.8183,            ,            ,            ,   26404.238,       0.794,       0.367,    297.2155,       0.367,    509.1296,            ,            ,            ,
                              ,   25589.569,       1.048,       0.370,    407.7285,       0.370,    261.7449,            ,            ,            ,            ,            ,       0.370,   1782.8863,       0.370,    969.0878,            ,            ,            ,            ,            ,       0.370,   1076.6537,       0.370,   1900.6626,            ,            ,            ,   26118.808,       0.938,       0.370,     75.5073,       0.370,    318.9786,            ,            ,            ,            ,            ,       0.370,     32.2383,       0.370,     24.8221,            ,            ,            ,   26405.014,       0.776,       0.370,    165.5302,       0.370,    482.2698,            ,            ,            ,
                              ,   25590.592,       1.023,       0.373,     19.8642,       0.373,    247.1427,            ,            ,            ,            ,            ,       0.373,   1888.2295,       0.373,    840.9075,            ,            ,            ,            ,            ,       0.373,   1342.7002,       0.373,   1970.8170,            ,            ,            ,   26119.736,       0.928,       0.373,     18.3728,       0.373,    306.8175,            ,            ,            ,            ,            ,       0.373,     30.0223,       0.373,     24.8941,            ,            ,            ,   26405.799,       0.785,       0.373,    190.9191,       0.373,    455.6219,            ,            ,            ,
                              ,   25591.562,       0.970,       0.377,    158.3680,       0.377,    233.0535,            ,            ,            ,            ,            ,       0.377,   1971.7497,       0.377,    736.0276,            ,            ,            ,            ,            ,       0.377,   1415.5915,       0.377,   2044.9691,            ,            ,            ,   26120.645,       0.909,       0.377,     52.8190,       0.377,    294.2648,            ,            ,            ,            ,            ,       0.377,     26.3993,       0.377,     25.0359,            ,            ,            ,   26406.609,       0.810,       0.377,    226.5404,       0.377,    429.3446,            ,            ,            ,
                              ,   25592.536,       0.974,       0.380,    144.0225,       0.380,    219.6000,            ,            ,            ,            ,            ,       0.380,   1989.9946,       0.380,    649.9223,            ,            ,            ,            ,            ,       0.380,   1241.9185,       0.380,   2121.7111,            ,            ,            ,   26121.573,       0.928,       0.380,     47.5602,       0.380,    281.4709,            ,            ,            ,            ,            ,       0.380,     21.8534,       0.380,     25.2492,            ,            ,            ,   26407.473,       0.864,       0.380,    213.0957,       0.380,    403.6033,            ,            ,            ,
                              ,   25593.470,       0.934,       0.383,     45.5815,       0.383,    206.8720,            ,            ,            ,            ,            ,       0.383,   1908.0256,       0.383,    578.9228,            ,            ,            ,            ,            ,       0.383,    865.6848,       0.383,   2198.9973,            ,            ,            ,   26122.502,       0.929,       0.383,     21.4278,       0.383,    268.5897,            ,            ,            ,            ,            ,       0.383,     17.0587,       0.383,     25.5366,            ,            ,            ,   26408.318,       0.845,       0.383,    226.9144,       0.383,    378.5590,            ,            ,            ,
                              ,   25594.381,       0.911,       0.387,    232.6844,       0.387,    194.9289,            ,            ,            ,            ,            ,       0.387,   1711.8423,       0.387,    520.1080,            ,            ,            ,            ,            ,       0.387,    436.9618,       0.387,   2274.0225,            ,            ,            ,   26123.440,       0.938,       0.387,    225.0032,       0.387,    255.7702,            ,            ,            ,            ,            ,       0.387,     12.6994,       0.387,     25.9015,            ,            ,            ,   26409.172,       0.854,       0.387,    577.6834,       0.387,    354.3603,            ,            ,            ,
                              ,   25595.302,       0.921,       0.390,    355.5206,       0.390,    183.8036,            ,            ,            ,            ,            ,       0.390,   1415.9494,       0.390,    471.1713,            ,            ,            ,            ,            ,       0.390,    163.3289,       0.390,   2343.1503,            ,            ,            ,   26124.393,       0.953,       0.390,    268.2170,       0.390,    243.1500,            ,            ,            ,            ,            ,       0.390,      9.2929,       0.390,     26.3478,            ,            ,            ,   26410.028,       0.856,       0.390,    407.8473,       0.390,    331.1356,            ,            ,            ,
                              ,   25596.277,       0.975,       0.393,    212.0438,       0.393,    173.5073,            ,            ,            ,            ,            ,       0.393,   1061.6492,       0.393,    430.2974,            ,            ,            ,            ,            ,       0.393,    217.4884,       0.393,   2401.9463,            ,            ,            ,   26125.352,       0.959,       0.393,     76.0424,       0.393,    230.8501,            ,            ,            ,            ,            ,       0.393,      7.0954,       0.393,     26.8804,            ,            ,            ,   26410.923,       0.895,       0.393,    552.5446,       0.393,    308.9893,            ,            ,            ,
                              ,   25597.292,       1.015,       0.397,    108.4767,       0.397,    164.0338,            ,            ,            ,            ,            ,       0.397,    705.5973,       0.397,    396.0573,            ,            ,            ,            ,            ,       0.397,    645.4169,       0.397,   2445.3817,            ,            ,            ,   26126.322,       0.970,       0.397,      6.4312,       0.397,    218.9725,            ,            ,            ,            ,            ,       0.397,      6.1319,       0.397,     27.5047,            ,            ,            ,   26411.871,       0.948,       0.397,    345.0769,       0.397,    287.9988,            ,            ,            ,
                              ,   25598.382,       1.090,       0.400,     86.3275,       0.400,    155.3641,            ,            ,            ,            ,            ,       0.400,    402.6399,       0.400,    367.3249,            ,            ,            ,            ,            ,       0.400,   1327.1477,       0.400,   2468.2578,            ,            ,            ,   26127.285,       0.963,       0.400,      1.5403,       0.400,    207.5983,            ,            ,            ,            ,            ,       0.400,      6.3229,       0.400,     28.2274,            ,            ,            ,   26412.745,       0.874,       0.400,     53.5537,       0.400,    268.2151,            ,            ,            ,
                              ,   25599.449,       1.067,       0.403,     36.3730,       0.403,    147.4702,            ,            ,            ,            ,            ,       0.403,    189.6109,       0.403,    343.2112,            ,            ,            ,            ,            ,       0.403,   2018.3894,       0.403,   2465.8543,            ,            ,            ,   26128.210,       0.925,       0.403,     11.8828,       0.403,    196.7883,            ,            ,            ,            ,            ,       0.403,      7.6215,       0.403,     29.0558,            ,            ,            ,   26413.582,       0.837,       0.403,    125.1744,       0.403,    249.6631,            ,            ,            ,
                              ,   25600.491,       1.042,       0.407,    114.5588,       0.407,    140.3183,            ,            ,            ,            ,            ,       0.407,     76.2674,       0.407,    323.0139,            ,            ,            ,            ,            ,       0.407,   2457.6450,       0.407,   2434.7203,            ,            ,            ,   26129.114,       0.904,       0.407,    127.1902,       0.407,    186.5843,            ,            ,            ,            ,            ,       0.407,     10.0622,       0.407,     29.9983,            ,            ,            ,   26414.399,       0.817,       0.407,    132.6606,       0.407,    232.3454,            ,            ,            ,
                              ,   25601.484,       0.993,       0.410,    314.1720,       0.410,    133.8713,            ,            ,            ,            ,            ,       0.410,     46.2456,       0.410,    306.1786,            ,            ,            ,            ,            ,       0.410,   2485.9422,       0.410,   2373.4244,            ,            ,            ,   26130.001,       0.887,       0.410,    473.2332,       0.410,    177.0110,            ,            ,            ,            ,            ,       0.410,     13.6710,       0.410,     31.0642,            ,            ,            ,   26415.235,       0.836,       0.410,    155.5516,       0.410,    216.2445,            ,            ,            ,
                              ,   25602.413,       0.929,       0.413,    138.0903,       0.413,    128.0909,            ,            ,            ,            ,            ,       0.413,     66.5878,       0.413,    292.2695,            ,            ,            ,            ,            ,       0.413,   2117.7741,       0.413,   2283.0293,            ,            ,            ,   26130.897,       0.896,       0.413,    536.0246,       0.413,    168.0788,            ,            ,            ,            ,            ,       0.413,     18.2755,       0.413,     32.2638,            ,            ,            ,   26416.109,       0.874,       0.413,     74.8552,       0.413,    201.3271,            ,            ,            ,
                              ,   25603.280,       0.867,       0.417,     72.5320,       0.417,    122.9393,            ,            ,            ,            ,            ,       0.417,    101.1660,       0.417,    280.9476,            ,            ,            ,            ,            ,       0.417,   1527.9336,       0.417,   2167.0999,            ,            ,            ,   26131.798,       0.901,       0.417,    106.6499,       0.417,    159.7862,            ,            ,            ,            ,            ,       0.417,     23.3327,       0.417,     33.6081,            ,            ,            ,   26417.008,       0.899,       0.417,    202.2875,       0.417,    187.5476,            ,            ,            ,
                              ,   25604.144,       0.864,       0.420,    164.8159,       0.420,    118.3801,            ,            ,            ,            ,            ,       0.420,    122.5437,       0.420,    271.9540,            ,            ,            ,            ,            ,       0.420,    964.1324,       0.420,   2031.2006,            ,            ,            ,   26132.708,       0.910,       0.420,    260.1826,       0.420,    152.1223,            ,            ,            ,            ,            ,       0.420,     27.9094,       0.420,     35.1088,            ,            ,            ,   26417.855,       0.847,       0.420,    211.4728,       0.420,    174.8513,            ,            ,            ,
                              ,   25605.031,       0.887,       0.423,    143.4953,       0.423,    114.3792,            ,            ,            ,            ,            ,       0.423,    118.4634,       0.423,    265.0983,            ,            ,            ,            ,            ,       0.423,    633.1540,       0.423,   1882.0244,            ,            ,            ,   26133.639,       0.931,       0.423,     74.2057,       0.423,    145.0692,            ,            ,            ,            ,            ,       0.423,     30.8838,       0.423,     36.7781,            ,            ,            ,   26418.681,       0.826,       0.423,     66.9302,       0.423,    163.1773,            ,            ,            ,
                              ,   25605.974,       0.943,       0.427,     66.8631,       0.427,    110.9052,            ,            ,            ,            ,            ,       0.427,     92.0157,       0.427,    260.2507,            ,            ,            ,            ,            ,       0.427,    617.9072,       0.427,   1726.4149,            ,            ,            ,   26134.591,       0.952,       0.427,     78.2161,       0.427,    138.6039,            ,            ,            ,            ,            ,       0.427,     31.3211,       0.427,     38.6276,            ,            ,            ,   26419.533,       0.852,       0.427,    166.8988,       0.427,    152.4616,            ,            ,            ,
                              ,   25606.957,       0.983,       0.430,    141.7842,       0.430,    107.9300,            ,            ,            ,            ,            ,       0.430,     57.1062,       0.430,    257.3371,            ,            ,            ,            ,            ,       0.430,    861.0618,       0.430,   1570.5391,            ,            ,            ,   26135.536,       0.945,       0.430,     32.3159,       0.430,    132.7002,            ,            ,            ,            ,            ,       0.430,     28.8608,       0.430,     40.6681,            ,            ,            ,   26420.409,       0.876,       0.430,    155.1934,       0.430,    142.6386,            ,            ,            ,
                              ,   25607.988,       1.031,       0.433,    124.9014,       0.433,    105.4285,            ,            ,            ,            ,            ,       0.433,     32.0228,       0.433,    256.3373,            ,            ,            ,            ,            ,       0.433,   1213.1232,       0.433,   1419.3646,            ,            ,            ,   26136.484,       0.948,       0.433,     24.8530,       0.433,    127.3298,            ,            ,            ,            ,            ,       0.433,     23.9258,       0.433,     42.9080,            ,            ,            ,   26421.263,       0.854,       0.433,    171.0471,       0.433,    133.6431,            ,            ,            ,
                              ,   25609.056,       1.068,       0.437,     65.7232,       0.437,    103.3785,            ,            ,            ,            ,            ,       0.437,     33.5946,       0.437,    257.2870,            ,            ,            ,            ,            ,       0.437,   1511.4596,       0.437,   1276.4648,            ,            ,            ,   26137.438,       0.954,       0.437,     86.7181,       0.437,    122.4635,            ,            ,            ,            ,            ,       0.437,     17.6279,       0.437,     45.3520,            ,            ,            ,   26422.099,       0.836,       0.437,    206.7399,       0.437,    125.4113,            ,            ,            ,
                              ,   25610.160,       1.104,       0.440,      3.7601,       0.440,    101.7607,            ,            ,            ,            ,            ,       0.440,     73.2381,       0.440,    260.2816,            ,            ,            ,            ,            ,       0.440,   1647.8801,       0.440,   1144.0795,            ,            ,            ,   26138.362,       0.924,       0.440,    247.1679,       0.440,    118.0721,            ,            ,            ,            ,            ,       0.440,     11.3910,       0.440,     47.9982,            ,            ,            ,   26422.939,       0.840,       0.440,    283.0716,       0.440,    117.8819,            ,            ,            ,
                              ,   25611.256,       1.096,       0.443,     43.6384,       0.443,    100.5582,            ,            ,            ,            ,            ,       0.443,    154.9927,       0.443,    265.4860,            ,            ,            ,            ,            ,       0.443,   1596.8067,       0.443,   1023.3289,            ,            ,            ,   26139.269,       0.907,       0.443,     84.0514,       0.443,    114.1266,            ,            ,            ,            ,            ,       0.443,      6.4537,       0.443,     50.8356,            ,            ,            ,   26423.819,       0.880,       0.443,     65.4344,       0.443,    110.9967,            ,            ,            ,
                              ,   25612.317,       1.061,       0.447,    155.1664,       0.447,     99.7557,            ,            ,            ,            ,            ,       0.447,    275.0400,       0.447,    273.1480,            ,            ,            ,            ,            ,       0.447,   1401.6044,       0.447,    914.4823,            ,            ,            ,   26140.166,       0.897,       0.447,     49.7632,       0.447,    110.5988,            ,            ,            ,            ,            ,       0.447,      3.4739,       0.447,     53.8405,            ,            ,            ,   26424.698,       0.879,       0.447,     36.5973,       0.447,    104.7007,            ,            ,            ,
                              ,   25613.335,       1.018,       0.450,    189.6090,       0.450,     99.3387,            ,            ,            ,            ,            ,       0.450,    422.2652,       0.450,    283.6197,            ,            ,            ,            ,            ,       0.450,   1137.2254,       0.450,    817.2200,            ,            ,            ,   26141.038,       0.872,       0.450,     72.6471,       0.450,    107.4615,            ,            ,            ,            ,            ,       0.450,      2.4048,       0.450,     56.9717,            ,            ,            ,   26425.545,       0.847,       0.450,    266.7103,       0.450,     98.9427,            ,            ,            ,
                              ,   25614.307,       0.972,       0.453,     71.6387,       0.453,     99.2921,            ,            ,            ,            ,            ,       0.453,    579.8081,       0.453,    297.3877,            ,            ,            ,            ,            ,       0.453,    873.2253,       0.453,    730.8528,            ,            ,            ,   26141.909,       0.871,       0.453,     21.3387,       0.453,    104.6884,            ,            ,            ,            ,            ,       0.453,      2.6710,       0.453,     60.1670,            ,            ,            ,   26426.419,       0.874,       0.453,    150.6457,       0.453,     93.6750,            ,            ,            ,
                              ,   25615.242,       0.935,       0.457,     79.2118,       0.457,     99.5984,            ,            ,            ,            ,            ,       0.457,    727.8109,       0.457,    315.1183,            ,            ,            ,            ,            ,       0.457,    653.2155,       0.457,    654.4902,            ,            ,            ,   26142.775,       0.866,       0.457,     35.0777,       0.457,    102.2538,            ,            ,            ,            ,            ,       0.457,      3.5238,       0.457,     63.3392,            ,            ,            ,   26427.334,       0.915,       0.457,     21.2449,       0.457,     88.8535,            ,            ,            ,
                              ,   25616.149,       0.907,       0.460,     51.5823,       0.460,    100.2356,            ,            ,            ,            ,            ,       0.460,    847.4059,       0.460,    337.7219,            ,            ,            ,            ,            ,       0.460,    493.2459,       0.460,    587.1598,            ,            ,            ,   26143.637,       0.862,       0.460,     10.3732,       0.460,    100.1326,            ,            ,            ,            ,            ,       0.460,      4.3816,       0.460,     66.3753,            ,            ,            ,   26428.210,       0.876,       0.460,    123.9224,       0.460,     84.4375,            ,            ,            ,
                              ,   25617.070,       0.921,       0.463,     79.5646,       0.463,    101.1733,            ,            ,            ,            ,            ,       0.463,    925.4357,       0.463,    366.4476,            ,            ,            ,            ,            ,       0.463,    391.5453,       0.463,    527.8853,            ,            ,            ,   26144.538,       0.901,       0.463,    116.9941,       0.463,     98.3000,            ,            ,            ,            ,            ,       0.463,      4.9987,       0.463,     69.1386,            ,            ,            ,   26429.075,       0.865,       0.463,    265.9095,       0.463,     80.3895,            ,            ,            ,
                              ,   25617.986,       0.916,       0.467,     72.2043,       0.467,    102.3694,            ,            ,            ,            ,            ,       0.467,    958.7437,       0.467,    403.0197,            ,            ,            ,            ,            ,       0.467,    339.7244,       0.467,    475.7351,            ,            ,            ,   26145.451,       0.913,       0.467,    100.6723,       0.467,     96.7305,            ,            ,            ,            ,            ,       0.467,      5.4236,       0.467,     71.4772,            ,            ,            ,   26429.965,       0.890,       0.467,    264.5149,       0.467,     76.6752,            ,            ,            ,
                              ,   25618.941,       0.955,       0.470,     84.8877,       0.470,    103.7643,            ,            ,            ,            ,            ,       0.470,    956.5167,       0.470,    449.8359,            ,            ,            ,            ,            ,       0.470,    329.3929,       0.470,    429.8483,            ,            ,            ,   26146.402,       0.951,       0.470,     11.3002,       0.470,     95.3978,            ,            ,            ,            ,            ,       0.470,      5.8342,       0.470,     73.2376,            ,            ,            ,   26430.860,       0.895,       0.470,     92.0743,       0.470,     73.2628,            ,            ,            ,
                              ,   25619.920,       0.979,       0.473,     73.8835,       0.473,    105.2755,            ,            ,            ,            ,            ,       0.473,    939.3903,       0.473,    510.2442,            ,            ,            ,            ,            ,       0.473,    353.5680,       0.473,    389.4468,            ,            ,            ,   26147.349,       0.947,       0.473,     22.0574,       0.473,     94.2736,            ,            ,            ,            ,            ,       0.473,      6.3896,       0.473,     74.2840,            ,            ,            ,   26431.706,       0.846,       0.473,     14.8412,       0.473,     70.1232,            ,            ,            ,
                              ,   25621.037,       1.117,       0.477,     76.8005,       0.477,    106.7912,            ,            ,            ,            ,            ,       0.477,    934.8902,       0.477,    588.9008,            ,            ,            ,            ,            ,       0.477,    405.4872,       0.477,    353.8375,            ,            ,            ,   26148.293,       0.944,       0.477,    116.2211,       0.477,     93.3275,            ,            ,            ,            ,            ,       0.477,      7.1954,       0.477,     74.5193,            ,            ,            ,   26432.563,       0.857,       0.477,     44.9906,       0.477,     67.2295,            ,            ,            ,
                              ,   25622.096,       1.059,       0.480,    102.6787,       0.480,    108.1654,            ,            ,            ,            ,            ,       0.480,    970.0227,       0.480,    692.1332,            ,            ,            ,            ,            ,       0.480,    477.5565,       0.480,    322.4101,            ,            ,            ,   26149.225,       0.932,       0.480,    206.8210,       0.480,     92.5253,            ,            ,            ,            ,            ,       0.480,      8.3716,       0.480,     73.9024,            ,            ,            ,   26433.450,       0.887,       0.480,    209.7221,       0.480,     64.5571,            ,            ,            ,
                              ,   25623.136,       1.040,       0.483,    208.6437,       0.483,    109.2164,            ,            ,            ,            ,            ,       0.483,   1062.9916,       0.483,    827.9573,            ,            ,            ,            ,            ,       0.483,    561.5182,       0.483,    294.6308,            ,            ,            ,   26150.142,       0.917,       0.483,     87.0241,       0.483,     91.8287,            ,            ,            ,            ,            ,       0.483,     10.1258,       0.483,     72.4565,            ,            ,            ,   26434.303,       0.853,       0.483,    361.3386,       0.483,     62.0828,            ,            ,            ,
                              ,   25624.115,       0.979,       0.487,    252.4789,       0.487,    109.7310,            ,            ,            ,            ,            ,       0.487,   1216.6016,       0.487,   1004.5889,            ,            ,            ,            ,            ,       0.487,    649.3841,       0.487,    270.0349,            ,            ,            ,   26151.050,       0.908,       0.487,    139.8488,       0.487,     91.1945,            ,            ,            ,            ,            ,       0.487,     12.7195,       0.487,     70.2664,            ,            ,            ,   26435.149,       0.846,       0.487,     73.2702,       0.487,     59.7855,            ,            ,            ,
                              ,   25625.059,       0.944,       0.490,    222.2541,       0.490,    109.4787,            ,            ,            ,            ,            ,       0.490,   1415.6108,       0.490,   1224.3869,            ,            ,            ,            ,            ,       0.490,    734.1918,       0.490,    248.2195,            ,            ,            ,   26151.948,       0.898,       0.490,     78.7550,       0.490,     90.5736,            ,            ,            ,            ,            ,       0.490,     16.2996,       0.490,     67.4640,            ,            ,            ,   26436.061,       0.912,       0.490,     15.2794,       0.490,     57.6450,            ,            ,            ,
                              ,   25625.997,       0.938,       0.493,    103.0007,       0.493,    108.2381,            ,            ,            ,            ,            ,       0.493,   1629.1441,       0.493,   1467.8766,            ,            ,            ,            ,            ,       0.493,    810.0432,       0.493,    228.8357,            ,            ,            ,   26152.843,       0.895,       0.493,     61.4401,       0.493,     89.9116,            ,            ,            ,            ,            ,       0.493,     20.6773,       0.493,     64.2085,            ,            ,            ,   26436.983,       0.922,       0.493,     32.3824,       0.493,     55.6427,            ,            ,            ,
                              ,   25626.939,       0.942,       0.497,     35.9233,       0.497,    105.8331,            ,            ,            ,            ,            ,       0.497,   1817.6674,       0.497,   1669.3514,            ,            ,            ,            ,            ,       0.497,    871.5324,       0.497,    211.5817,            ,            ,            ,   26153.733,       0.890,       0.497,    188.5877,       0.497,     89.1490,            ,            ,            ,            ,            ,       0.497,     25.2091,       0.497,     60.6642,            ,            ,            ,   26437.850,       0.867,       0.497,     42.5934,       0.497,     53.7612,            ,            ,            ,
                              ,   25627.868,       0.929,       0.500,     38.8398,       0.500,    102.1724,            ,            ,            ,            ,            ,       0.500,   1942.5372,       0.500,   1722.5793,            ,            ,            ,            ,            ,       0.500,    913.0926,       0.500,    196.1968,            ,            ,            ,   26154.631,       0.898,       0.500,     38.5631,       0.500,     88.2225,            ,            ,            ,            ,            ,       0.500,     28.9018,       0.500,     56.9829,            ,            ,            ,   26438.716,       0.866,       0.500,    155.8290,       0.500,     51.9837,            ,            ,            ,
                              ,   25628.826,       0.958,            ,            ,            ,            ,            ,            ,            ,            ,            ,            ,            ,            ,            ,            ,            ,            ,            ,            ,            ,            ,            ,            ,            ,            ,            ,   26155.521,       0.890,            ,            ,            ,            ,            ,            ,            ,            ,            ,            ,            ,            ,            ,            ,            ,            ,   26439.630,       0.914,            ,            ,            ,            ,            ,            ,            ,
                              ,   25629.796,       0.970,            ,            ,            ,            ,            ,            ,            ,            ,            ,            ,            ,            ,            ,            ,            ,            ,            ,            ,            ,            ,            ,            ,            ,            ,            ,   26156.418,       0.897,            ,            ,            ,            ,            ,            ,            ,            ,            ,            ,            ,            ,            ,            ,            ,            ,   26440.605,       0.975,            ,            ,            ,            ,            ,            ,            ,
                              ,   25630.839,       1.043,            ,            ,            ,            ,            ,            ,            ,            ,            ,            ,            ,            ,            ,            ,            ,            ,            ,            ,            ,            ,            ,            ,            ,            ,            ,   26157.316,       0.898,            ,            ,            ,            ,            ,            ,            ,            ,            ,            ,            ,            ,            ,            ,            ,            ,   26441.503,       0.898,            ,            ,            ,            ,            ,            ,            ,
                              ,   25631.868,       1.029,            ,            ,            ,            ,            ,            ,            ,            ,            ,            ,            ,            ,            ,            ,            ,            ,            ,            ,            ,            ,            ,            ,            ,            ,            ,   26158.214,       0.898,            ,            ,            ,            ,            ,            ,            ,            ,            ,            ,            ,            ,            ,            ,            ,            ,   26442.376,       0.873,            ,            ,            ,            ,            ,            ,            ,
                              ,   25632.934,       1.066,            ,            ,            ,            ,            ,            ,            ,            ,            ,            ,            ,            ,            ,            ,            ,            ,            ,            ,            ,            ,            ,            ,            ,            ,            ,   26159.121,       0.907,            ,            ,            ,            ,            ,            ,            ,            ,            ,            ,            ,            ,            ,            ,            ,            ,   26443.289,       0.913,            ,            ,            ,            ,            ,            ,            ,
                              ,   25634.000,       1.066,            ,            ,            ,            ,            ,            ,            ,            ,            ,            ,            ,            ,            ,            ,            ,            ,            ,            ,            ,            ,            ,            ,            ,            ,            ,   26160.030,       0.909,            ,            ,            ,            ,            ,            ,            ,            ,            ,            ,            ,            ,            ,            ,            ,            ,   26444.245,       0.956,            ,            ,            ,            ,            ,            ,            ,
                              ,   25635.038,       1.038,            ,            ,            ,            ,            ,            ,            ,            ,            ,            ,            ,            ,            ,            ,            ,            ,            ,            ,            ,            ,            ,            ,            ,            ,            ,   26160.936,       0.906,            ,            ,            ,            ,            ,            ,            ,            ,            ,            ,            ,            ,            ,            ,            ,            ,   26445.211,       0.966,            ,            ,            ,            ,            ,            ,            ,
                              ,   25636.011,       0.973,            ,            ,            ,            ,            ,            ,            ,            ,            ,            ,            ,            ,            ,            ,            ,            ,            ,            ,            ,            ,            ,            ,            ,            ,            ,   26161.826,       0.890,            ,            ,            ,            ,            ,            ,            ,            ,            ,            ,            ,            ,            ,            ,            ,            ,   26446.096,       0.885,            ,            ,            ,            ,            ,            ,            ,
                              ,   25636.950,       0.939,            ,            ,            ,            ,            ,            ,            ,            ,            ,            ,            ,            ,            ,            ,            ,            ,            ,            ,            ,            ,            ,            ,            ,            ,            ,   26162.705,       0.879,            ,            ,            ,            ,            ,            ,            ,            ,            ,            ,            ,            ,            ,            ,            ,            ,   26446.972,       0.876,            ,            ,            ,            ,            ,            ,            ,
                              ,   25637.878,       0.928,            ,            ,            ,            ,            ,            ,            ,            ,            ,            ,            ,            ,            ,            ,            ,            ,            ,            ,            ,            ,            ,            ,            ,            ,            ,   26163.568,       0.863,            ,            ,            ,            ,            ,            ,            ,            ,            ,            ,            ,            ,            ,            ,            ,            ,   26447.897,       0.925,            ,            ,            ,            ,            ,            ,            ,
                              ,   25638.800,       0.922,            ,            ,            ,            ,            ,            ,            ,            ,            ,            ,            ,            ,            ,            ,            ,            ,            ,            ,            ,            ,            ,            ,            ,            ,            ,   26164.412,       0.844,            ,            ,            ,            ,            ,            ,            ,            ,            ,            ,            ,            ,            ,            ,            ,            ,   26448.856,       0.959,            ,            ,            ,            ,            ,            ,            ,
                              ,   25639.701,       0.901,            ,            ,            ,            ,            ,            ,            ,            ,            ,            ,            ,            ,            ,            ,            ,            ,            ,            ,            ,            ,            ,            ,            ,            ,            ,   26165.255,       0.843,            ,            ,            ,            ,            ,            ,            ,            ,            ,            ,            ,            ,            ,            ,            ,            ,   26449.752,       0.896,            ,            ,            ,            ,            ,            ,            ,
                              ,   25640.626,       0.925,            ,            ,            ,            ,            ,            ,            ,            ,            ,            ,            ,            ,            ,            ,            ,            ,            ,            ,            ,            ,            ,            ,            ,            ,            ,   26166.093,       0.838,            ,            ,            ,            ,            ,            ,            ,            ,            ,            ,            ,            ,            ,            ,            ,            ,   26450.639,       0.887,            ,            ,            ,            ,            ,            ,            ,
                              ,   25641.602,       0.976,            ,            ,            ,            ,            ,            ,            ,            ,            ,            ,            ,            ,            ,            ,            ,            ,            ,            ,            ,            ,            ,            ,            ,            ,            ,   26166.940,       0.847,            ,            ,            ,            ,            ,            ,            ,            ,            ,            ,            ,            ,            ,            ,            ,            ,   26451.541,       0.902,            ,            ,            ,            ,            ,            ,            ,
                              ,   25642.599,       0.997,            ,            ,            ,            ,            ,            ,            ,            ,            ,            ,            ,            ,            ,            ,            ,            ,            ,            ,            ,            ,            ,            ,            ,            ,            ,   26167.812,       0.872,            ,            ,            ,            ,            ,            ,            ,            ,            ,            ,            ,            ,            ,            ,            ,            ,   26452.513,       0.972,            ,            ,            ,            ,            ,            ,            ,
                              ,   25643.660,       1.061,            ,            ,            ,            ,            ,            ,            ,            ,            ,            ,            ,            ,            ,            ,            ,            ,            ,            ,            ,            ,            ,            ,            ,            ,            ,   26168.706,       0.894,            ,            ,            ,            ,            ,            ,            ,            ,            ,            ,            ,            ,            ,            ,            ,            ,   26453.504,       0.991,            ,            ,            ,            ,            ,            ,            ,
                              ,   25644.733,       1.073,            ,            ,            ,            ,            ,            ,            ,            ,            ,            ,            ,            ,            ,            ,            ,            ,            ,            ,            ,            ,            ,            ,            ,            ,            ,   26169.615,       0.909,            ,            ,            ,            ,            ,            ,            ,            ,            ,            ,            ,            ,            ,            ,            ,            ,   26454.425,       0.921,            ,            ,            ,            ,            ,            ,            ,
                              ,   25645.802,       1.069,            ,            ,            ,            ,            ,            ,            ,            ,            ,            ,            ,            ,            ,            ,            ,            ,            ,            ,            ,            ,            ,            ,            ,            ,            ,   26170.523,       0.908,            ,            ,            ,            ,            ,            ,            ,            ,            ,            ,            ,            ,            ,            ,            ,            ,   26455.311,       0.886,            ,            ,            ,            ,            ,            ,            ,
                              ,   25646.824,       1.022,            ,            ,            ,            ,            ,            ,            ,            ,            ,            ,            ,            ,            ,            ,            ,            ,            ,            ,            ,            ,            ,            ,            ,            ,            ,   26171.415,       0.892,            ,            ,            ,            ,            ,            ,            ,            ,            ,            ,            ,            ,            ,            ,            ,            ,   26456.231,       0.920,            ,            ,            ,            ,            ,            ,            ,
                              ,   25647.805,       0.981,            ,            ,            ,            ,            ,            ,            ,            ,            ,            ,            ,            ,            ,            ,            ,            ,            ,            ,            ,            ,            ,            ,            ,            ,            ,   26172.310,       0.895,            ,            ,            ,            ,            ,            ,            ,            ,            ,            ,            ,            ,            ,            ,            ,            ,   26457.266,       1.035,            ,            ,            ,            ,            ,            ,            ,
                              ,   25648.723,       0.918,            ,            ,            ,            ,            ,            ,            ,            ,            ,            ,            ,            ,            ,            ,            ,            ,            ,            ,            ,            ,            ,            ,            ,            ,            ,   26173.195,       0.885,            ,            ,            ,            ,            ,            ,            ,            ,            ,            ,            ,            ,            ,            ,            ,            ,   26458.263,       0.997,            ,            ,            ,            ,            ,            ,            ,
                              ,   25649.640,       0.917,            ,            ,            ,            ,            ,            ,            ,            ,            ,            ,            ,            ,            ,            ,            ,            ,            ,            ,            ,            ,            ,            ,            ,            ,            ,   26174.066,       0.871,            ,            ,            ,            ,            ,            ,            ,            ,            ,            ,            ,            ,            ,            ,            ,            ,   26459.254,       0.991,            ,            ,            ,            ,            ,            ,            ,
                              ,   25650.559,       0.919,            ,            ,            ,            ,            ,            ,            ,            ,            ,            ,            ,            ,            ,            ,            ,            ,            ,            ,            ,            ,            ,            ,            ,            ,            ,   26174.916,       0.850,            ,            ,            ,            ,            ,            ,            ,            ,            ,            ,            ,            ,            ,            ,            ,            ,   26460.198,       0.944,            ,            ,            ,            ,            ,            ,            ,
                              ,   25651.496,       0.937,            ,            ,            ,            ,            ,            ,            ,            ,            ,            ,            ,            ,            ,            ,            ,            ,            ,            ,            ,            ,            ,            ,            ,            ,            ,   26175.765,       0.849,            ,            ,            ,            ,            ,            ,            ,            ,            ,            ,            ,            ,            ,            ,            ,            ,   26461.123,       0.925,            ,            ,            ,            ,            ,            ,            ,
                              ,   25652.468,       0.972,            ,            ,            ,            ,            ,            ,            ,            ,            ,            ,            ,            ,            ,            ,            ,            ,            ,            ,            ,            ,            ,            ,            ,            ,            ,   26176.617,       0.852,            ,            ,            ,            ,            ,            ,            ,            ,            ,            ,            ,            ,            ,            ,            ,            ,   26462.059,       0.936,            ,            ,            ,            ,            ,            ,            ,
                              ,   25653.445,       0.977,            ,            ,            ,            ,            ,            ,            ,            ,            ,            ,            ,            ,            ,            ,            ,            ,            ,            ,            ,            ,            ,            ,            ,            ,            ,   26177.469,       0.852,            ,            ,            ,            ,            ,            ,            ,            ,            ,            ,            ,            ,            ,            ,            ,            ,   26463.023,       0.964,            ,            ,            ,            ,            ,            ,            ,
                              ,   25654.462,       1.017,            ,            ,            ,            ,            ,            ,            ,            ,            ,            ,            ,            ,            ,            ,            ,            ,            ,            ,            ,            ,            ,            ,            ,            ,            ,   26178.340,       0.871,            ,            ,            ,            ,            ,            ,            ,            ,            ,            ,            ,            ,            ,            ,            ,            ,   26464.058,       1.035,            ,            ,            ,            ,            ,            ,            ,
                              ,   25655.526,       1.064,            ,            ,            ,            ,            ,            ,            ,            ,            ,            ,            ,            ,            ,            ,            ,            ,            ,            ,            ,            ,            ,            ,            ,            ,            ,   26179.187,       0.847,            ,            ,            ,            ,            ,            ,            ,            ,            ,            ,            ,            ,            ,            ,            ,            ,   26465.166,       1.108,            ,            ,            ,            ,            ,            ,            ,
                              ,   25656.576,       1.050,            ,            ,            ,            ,            ,            ,            ,            ,            ,            ,            ,            ,            ,            ,            ,            ,            ,            ,            ,            ,            ,            ,            ,            ,            ,   26180.016,       0.829,            ,            ,            ,            ,            ,            ,            ,            ,            ,            ,            ,            ,            ,            ,            ,            ,   26466.191,       1.025,            ,            ,            ,            ,            ,            ,            ,
                              ,   25657.576,       1.000,            ,            ,            ,            ,            ,            ,            ,            ,            ,            ,            ,            ,            ,            ,            ,            ,            ,            ,            ,            ,            ,            ,            ,            ,            ,   26180.861,       0.845,            ,            ,            ,            ,            ,            ,            ,            ,            ,            ,            ,            ,            ,            ,            ,            ,   26467.124,       0.933,            ,            ,            ,            ,            ,            ,            ,
                              ,   25658.537,       0.961,            ,            ,            ,            ,            ,            ,            ,            ,            ,            ,            ,            ,            ,            ,            ,            ,            ,            ,            ,            ,            ,            ,            ,            ,            ,   26181.706,       0.845,            ,            ,            ,            ,            ,            ,            ,            ,            ,            ,            ,            ,            ,            ,            ,            ,   26468.036,       0.912,            ,            ,            ,            ,            ,            ,            ,
                              ,   25659.458,       0.921,            ,            ,            ,            ,            ,            ,            ,            ,            ,            ,            ,            ,            ,            ,            ,            ,            ,            ,            ,            ,            ,            ,            ,            ,            ,   26182.549,       0.843,            ,            ,            ,            ,            ,            ,            ,            ,            ,            ,            ,            ,            ,            ,            ,            ,   26468.974,       0.938,            ,            ,            ,            ,            ,            ,            ,
                              ,   25660.358,       0.900,            ,            ,            ,            ,            ,            ,            ,            ,            ,            ,            ,            ,            ,            ,            ,            ,            ,            ,            ,            ,            ,            ,            ,            ,            ,   26183.393,       0.844,            ,            ,            ,            ,            ,            ,            ,            ,            ,            ,            ,            ,            ,            ,            ,            ,   26469.962,       0.988,            ,            ,            ,            ,            ,            ,            ,
                              ,   25661.268,       0.910,            ,            ,            ,            ,            ,            ,            ,            ,            ,            ,            ,            ,            ,            ,            ,            ,            ,            ,            ,            ,            ,            ,            ,            ,            ,   26184.231,       0.838,            ,            ,            ,            ,            ,            ,            ,            ,            ,            ,            ,            ,            ,            ,            ,            ,   26471.001,       1.039,            ,            ,            ,            ,            ,            ,            ,
                              ,   25662.197,       0.929,            ,            ,            ,            ,            ,            ,            ,            ,            ,            ,            ,            ,            ,            ,            ,            ,            ,            ,            ,            ,            ,            ,            ,            ,            ,   26185.069,       0.838,            ,            ,            ,            ,            ,            ,            ,            ,            ,            ,            ,            ,            ,            ,            ,            ,   26472.015,       1.014,            ,            ,            ,            ,            ,            ,            ,
                              ,   25663.141,       0.944,            ,            ,            ,            ,            ,            ,            ,            ,            ,            ,            ,            ,            ,            ,            ,            ,            ,            ,            ,            ,            ,            ,            ,            ,            ,   26185.911,       0.842,            ,            ,            ,            ,            ,            ,            ,            ,            ,            ,            ,            ,            ,            ,            ,            ,   26472.960,       0.945,            ,            ,            ,            ,            ,            ,            ,
                              ,   25664.147,       1.006,            ,            ,            ,            ,            ,            ,            ,            ,            ,            ,            ,            ,            ,            ,            ,            ,            ,            ,            ,            ,            ,            ,            ,            ,            ,   26186.745,       0.834,            ,            ,            ,            ,            ,            ,            ,            ,            ,            ,            ,            ,            ,            ,            ,            ,   26473.891,       0.931,            ,            ,            ,            ,            ,            ,            ,
                              ,   25665.224,       1.077,            ,            ,            ,            ,            ,            ,            ,            ,            ,            ,            ,            ,            ,            ,            ,            ,            ,            ,            ,            ,            ,            ,            ,            ,            ,   26187.566,       0.821,            ,            ,            ,            ,            ,            ,            ,            ,            ,            ,            ,            ,            ,            ,            ,            ,   26474.890,       0.999,            ,            ,            ,            ,            ,            ,            ,
                              ,   25666.269,       1.045,            ,            ,            ,            ,            ,            ,            ,            ,            ,            ,            ,            ,            ,            ,            ,            ,            ,            ,            ,            ,            ,            ,            ,            ,            ,   26188.379,       0.813,            ,            ,            ,            ,            ,            ,            ,            ,            ,            ,            ,            ,            ,            ,            ,            ,   26475.897,       1.007,            ,            ,            ,            ,            ,            ,            ,
                              ,   25667.269,       1.000,            ,            ,            ,            ,            ,            ,            ,            ,            ,            ,            ,            ,            ,            ,            ,            ,            ,            ,            ,            ,            ,            ,            ,            ,            ,   26189.191,       0.812,            ,            ,            ,            ,            ,            ,            ,            ,            ,            ,            ,            ,            ,            ,            ,            ,   26476.832,       0.935,            ,            ,            ,            ,            ,            ,            ,
                              ,   25668.251,       0.982,            ,            ,            ,            ,            ,            ,            ,            ,            ,            ,            ,            ,            ,            ,            ,            ,            ,            ,            ,            ,            ,            ,            ,            ,            ,   26190.004,       0.813,            ,            ,            ,            ,            ,            ,            ,            ,            ,            ,            ,            ,            ,            ,            ,            ,   26477.725,       0.893,            ,            ,            ,            ,            ,            ,            ,
                              ,   25669.218,       0.967,            ,            ,            ,            ,            ,            ,            ,            ,            ,            ,            ,            ,            ,            ,            ,            ,            ,            ,            ,            ,            ,            ,            ,            ,            ,   26190.826,       0.822,            ,            ,            ,            ,            ,            ,            ,            ,            ,            ,            ,            ,            ,            ,            ,            ,   26478.656,       0.931,            ,            ,            ,            ,            ,            ,            ,
                              ,   25670.170,       0.952,            ,            ,            ,            ,            ,            ,            ,            ,            ,            ,            ,            ,            ,            ,            ,            ,            ,            ,            ,            ,            ,            ,            ,            ,            ,   26191.655,       0.829,            ,            ,            ,            ,            ,            ,            ,            ,            ,            ,            ,            ,            ,            ,            ,            ,   26479.637,       0.981,            ,            ,            ,            ,            ,            ,            ,
                              ,   25671.111,       0.941,            ,            ,            ,            ,            ,            ,            ,            ,            ,            ,            ,            ,            ,            ,            ,            ,            ,            ,            ,            ,            ,            ,            ,            ,            ,   26192.522,       0.867,            ,            ,            ,            ,            ,            ,            ,            ,            ,            ,            ,            ,            ,            ,            ,            ,   26480.675,       1.038,            ,            ,            ,            ,            ,            ,            ,
                              ,   25672.073,       0.962,            ,            ,            ,            ,            ,            ,            ,            ,            ,            ,            ,            ,            ,            ,            ,            ,            ,            ,            ,            ,            ,            ,            ,            ,            ,   26193.426,       0.904,            ,            ,            ,            ,            ,            ,            ,            ,            ,            ,            ,            ,            ,            ,            ,            ,   26481.636,       0.961,            ,            ,            ,            ,            ,            ,            ,
                              ,   25673.037,       0.964,            ,            ,            ,            ,            ,            ,            ,            ,            ,            ,            ,            ,            ,            ,            ,            ,            ,            ,            ,            ,            ,            ,            ,            ,            ,   26194.337,       0.911,            ,            ,            ,            ,            ,            ,            ,            ,            ,            ,            ,            ,            ,            ,            ,            ,   26482.575,       0.939,            ,            ,            ,            ,            ,            ,            ,
                              ,   25674.055,       1.018,            ,            ,            ,            ,            ,            ,            ,            ,            ,            ,            ,            ,            ,            ,            ,            ,            ,            ,            ,            ,            ,            ,            ,            ,            ,   26195.256,       0.919,            ,            ,            ,            ,            ,            ,            ,            ,            ,            ,            ,            ,            ,            ,            ,            ,   26483.473,       0.898,            ,            ,            ,            ,            ,            ,            ,
                              ,   25675.083,       1.028,            ,            ,            ,            ,            ,            ,            ,            ,            ,            ,            ,            ,            ,            ,            ,            ,            ,            ,            ,            ,            ,            ,            ,            ,            ,   26196.162,       0.906,            ,            ,            ,            ,            ,            ,            ,            ,            ,            ,            ,            ,            ,            ,            ,            ,   26484.377,       0.904,            ,            ,            ,            ,            ,            ,            ,
                              ,   25676.123,       1.040,            ,            ,            ,            ,            ,            ,            ,            ,            ,            ,            ,            ,            ,            ,            ,            ,            ,            ,            ,            ,            ,            ,            ,            ,            ,   26197.069,       0.907,            ,            ,            ,            ,            ,            ,            ,            ,            ,            ,            ,            ,            ,            ,            ,            ,   26485.305,       0.928,            ,            ,            ,            ,            ,            ,            ,
                              ,   25677.184,       1.061,            ,            ,            ,            ,            ,            ,            ,            ,            ,            ,            ,            ,            ,            ,            ,            ,            ,            ,            ,            ,            ,            ,            ,            ,            ,   26197.956,       0.887,            ,            ,            ,            ,            ,            ,            ,            ,            ,            ,            ,            ,            ,            ,            ,            ,   26486.336,       1.031,            ,            ,            ,            ,            ,            ,            ,
                              ,   25678.223,       1.039,            ,            ,            ,            ,            ,            ,            ,            ,            ,            ,            ,            ,            ,            ,            ,            ,            ,            ,            ,            ,            ,            ,            ,            ,            ,   26198.844,       0.888,            ,            ,            ,            ,            ,            ,            ,            ,            ,            ,            ,            ,            ,            ,            ,            ,   26487.405,       1.069,            ,            ,            ,            ,            ,            ,            ,
                              ,   25679.225,       1.002,            ,            ,            ,            ,            ,            ,            ,            ,            ,            ,            ,            ,            ,            ,            ,            ,            ,            ,            ,            ,            ,            ,            ,            ,            ,   26199.711,       0.867,            ,            ,            ,            ,            ,            ,            ,            ,            ,            ,            ,            ,            ,            ,            ,            ,   26488.379,       0.974,            ,            ,            ,            ,            ,            ,            ,
                              ,   25680.176,       0.951,            ,            ,            ,            ,            ,            ,            ,            ,            ,            ,            ,            ,            ,            ,            ,            ,            ,            ,            ,            ,            ,            ,            ,            ,            ,   26200.569,       0.858,            ,            ,            ,            ,            ,            ,            ,            ,            ,            ,            ,            ,            ,            ,            ,            ,   26489.307,       0.928,            ,            ,            ,            ,            ,            ,            ,
                              ,   25681.095,       0.919,            ,            ,            ,            ,            ,            ,            ,            ,            ,            ,            ,            ,            ,            ,            ,            ,            ,            ,            ,            ,            ,            ,            ,            ,            ,   26201.422,       0.853,            ,            ,            ,            ,            ,            ,            ,            ,            ,            ,            ,            ,            ,            ,            ,            ,   26490.229,       0.922,            ,            ,            ,            ,            ,            ,            ,
                              ,   25682.010,       0.915,            ,            ,            ,            ,            ,            ,            ,            ,            ,            ,            ,            ,            ,            ,            ,            ,            ,            ,            ,            ,            ,            ,            ,            ,            ,   26202.280,       0.858,            ,            ,            ,            ,            ,            ,            ,            ,            ,            ,            ,            ,            ,            ,            ,            ,   26491.214,       0.985,            ,            ,            ,            ,            ,            ,            ,
                              ,   25682.915,       0.905,            ,            ,            ,            ,            ,            ,            ,            ,            ,            ,            ,            ,            ,            ,            ,            ,            ,            ,            ,            ,            ,            ,            ,            ,            ,   26203.143,       0.863,            ,            ,            ,            ,            ,            ,            ,            ,            ,            ,            ,            ,            ,            ,            ,            ,   26492.342,       1.128,            ,            ,            ,            ,            ,            ,            ,
                              ,   25683.837,       0.922,            ,            ,            ,            ,            ,            ,            ,            ,            ,            ,            ,            ,            ,            ,            ,            ,            ,            ,            ,            ,            ,            ,            ,            ,            ,   26204.010,       0.867,            ,            ,            ,            ,            ,            ,            ,            ,            ,            ,            ,            ,            ,            ,            ,            ,   26493.677,       1.131,            ,            ,            ,            ,            ,            ,            ,
                              ,   25684.821,       0.984,            ,            ,            ,            ,            ,            ,            ,            ,            ,            ,            ,            ,            ,            ,            ,            ,            ,            ,            ,            ,            ,            ,            ,            ,            ,   26204.891,       0.881,            ,            ,            ,            ,            ,            ,            ,            ,            ,            ,            ,            ,            ,            ,            ,            ,   26494.799,       1.122,            ,            ,            ,            ,            ,            ,            ,
                              ,   25685.884,       1.063,            ,            ,            ,            ,            ,            ,            ,            ,            ,            ,            ,            ,            ,            ,            ,            ,            ,            ,            ,            ,            ,            ,            ,            ,            ,   26205.760,       0.869,            ,            ,            ,            ,            ,            ,            ,            ,            ,            ,            ,            ,            ,            ,            ,            ,   26495.998,       1.199,            ,            ,            ,            ,            ,            ,            ,
                              ,   25686.947,       1.063,            ,            ,            ,            ,            ,            ,            ,            ,            ,            ,            ,            ,            ,            ,            ,            ,            ,            ,            ,            ,            ,            ,            ,            ,            ,   26206.640,       0.880,            ,            ,            ,            ,            ,            ,            ,            ,            ,            ,            ,            ,            ,            ,            ,            ,   26497.087,       1.089,            ,            ,            ,            ,            ,            ,            ,
                              ,   25688.070,       1.123,            ,            ,            ,            ,            ,            ,            ,            ,            ,            ,            ,            ,            ,            ,            ,            ,            ,            ,            ,            ,            ,            ,            ,            ,            ,   26207.503,       0.863,            ,            ,            ,            ,            ,            ,            ,            ,            ,            ,            ,            ,            ,            ,            ,            ,   26498.105,       1.018,            ,            ,            ,            ,            ,            ,            ,
                              ,   25689.190,       1.120,            ,            ,            ,            ,            ,            ,            ,            ,            ,            ,            ,            ,            ,            ,            ,            ,            ,            ,            ,            ,            ,            ,            ,            ,            ,   26208.377,       0.874,            ,            ,            ,            ,            ,            ,            ,            ,            ,            ,            ,            ,            ,            ,            ,            ,   26499.071,       0.966,            ,            ,            ,            ,            ,            ,            ,
                              ,   25690.284,       1.094,            ,            ,            ,            ,            ,            ,            ,            ,            ,            ,            ,            ,            ,            ,            ,            ,            ,            ,            ,            ,            ,            ,            ,            ,            ,   26209.246,       0.869,            ,            ,            ,            ,            ,            ,            ,            ,            ,            ,            ,            ,            ,            ,            ,            ,   26500.016,       0.945,            ,            ,            ,            ,            ,            ,            ,
                              ,   25691.321,       1.037,            ,            ,            ,            ,            ,            ,            ,            ,            ,            ,            ,            ,            ,            ,            ,            ,            ,            ,            ,            ,            ,            ,            ,            ,            ,   26210.109,       0.863,            ,            ,            ,            ,            ,            ,            ,            ,            ,            ,            ,            ,            ,            ,            ,            ,   26500.991,       0.975,            ,            ,            ,            ,            ,            ,            ,
                              ,   25692.279,       0.958,            ,            ,            ,            ,            ,            ,            ,            ,            ,            ,            ,            ,            ,            ,            ,            ,            ,            ,            ,            ,            ,            ,            ,            ,            ,   26210.957,       0.848,            ,            ,            ,            ,            ,            ,            ,            ,            ,            ,            ,            ,            ,            ,            ,            ,   26501.954,       0.963,            ,            ,            ,            ,            ,            ,            ,
                              ,   25693.209,       0.930,            ,            ,            ,            ,            ,            ,            ,            ,            ,            ,            ,            ,            ,            ,            ,            ,            ,            ,            ,            ,            ,            ,            ,            ,            ,   26211.813,       0.856,            ,            ,            ,            ,            ,            ,            ,            ,            ,            ,            ,            ,            ,            ,            ,            ,   26502.931,       0.977,            ,            ,            ,            ,            ,            ,            ,
                              ,   25694.144,       0.935,            ,            ,            ,            ,            ,            ,            ,            ,            ,            ,            ,            ,            ,            ,            ,            ,            ,            ,            ,            ,            ,            ,            ,            ,            ,   26212.685,       0.872,            ,            ,            ,            ,            ,            ,            ,            ,            ,            ,            ,            ,            ,            ,            ,            ,   26503.930,       0.999,            ,            ,            ,            ,            ,            ,            ,
                              ,   25695.092,       0.948,            ,            ,            ,            ,            ,            ,            ,            ,            ,            ,            ,            ,            ,            ,            ,            ,            ,            ,            ,            ,            ,            ,            ,            ,            ,   26213.571,       0.886,            ,            ,            ,            ,            ,            ,            ,            ,            ,            ,            ,            ,            ,            ,            ,            ,   26505.021,       1.091,            ,            ,            ,            ,            ,            ,            ,
                              ,   25696.113,       1.021,            ,            ,            ,            ,            ,            ,            ,            ,            ,            ,            ,            ,            ,            ,            ,            ,            ,            ,            ,            ,            ,            ,            ,            ,            ,   26214.453,       0.882,            ,            ,            ,            ,            ,            ,            ,            ,            ,            ,            ,            ,            ,            ,            ,            ,   26506.110,       1.089,            ,            ,            ,            ,            ,            ,            ,
                              ,   25697.187,       1.074,            ,            ,            ,            ,            ,            ,            ,            ,            ,            ,            ,            ,            ,            ,            ,            ,            ,            ,            ,            ,            ,            ,            ,            ,            ,   26215.352,       0.899,            ,            ,            ,            ,            ,            ,            ,            ,            ,            ,            ,            ,            ,            ,            ,            ,   26507.242,       1.132,            ,            ,            ,            ,            ,            ,            ,
                              ,   25698.253,       1.066,            ,            ,            ,            ,            ,            ,            ,            ,            ,            ,            ,            ,            ,            ,            ,            ,            ,            ,            ,            ,            ,            ,            ,            ,            ,   26216.264,       0.912,            ,            ,            ,            ,            ,            ,            ,            ,            ,            ,            ,            ,            ,            ,            ,            ,   26508.345,       1.103,            ,            ,            ,            ,            ,            ,            ,
                              ,   25699.344,       1.091,            ,            ,            ,            ,            ,            ,            ,            ,            ,            ,            ,            ,            ,            ,            ,            ,            ,            ,            ,            ,            ,            ,            ,            ,            ,   26217.211,       0.947,            ,            ,            ,            ,            ,            ,            ,            ,            ,            ,            ,            ,            ,            ,            ,            ,   26509.356,       1.011,            ,            ,            ,            ,            ,            ,            ,
                              ,   25700.391,       1.047,            ,            ,            ,            ,            ,            ,            ,            ,            ,            ,            ,            ,            ,            ,            ,            ,            ,            ,            ,            ,            ,            ,            ,            ,            ,   26218.137,       0.926,            ,            ,            ,            ,            ,            ,            ,            ,            ,            ,            ,            ,            ,            ,            ,            ,   26510.281,       0.925,            ,            ,            ,            ,            ,            ,            ,
                              ,   25701.386,       0.995,            ,            ,            ,            ,            ,            ,            ,            ,            ,            ,            ,            ,            ,            ,            ,            ,            ,            ,            ,            ,            ,            ,            ,            ,            ,   26219.050,       0.913,            ,            ,            ,            ,            ,            ,            ,            ,            ,            ,            ,            ,            ,            ,            ,            ,   26511.173,       0.892,            ,            ,            ,            ,            ,            ,            ,
                              ,   25702.357,       0.971,            ,            ,            ,            ,            ,            ,            ,            ,            ,            ,            ,            ,            ,            ,            ,            ,            ,            ,            ,            ,            ,            ,            ,            ,            ,   26219.967,       0.917,            ,            ,            ,            ,            ,            ,            ,            ,            ,            ,            ,            ,            ,            ,            ,            ,   26512.118,       0.945,            ,            ,            ,            ,            ,            ,            ,
                              ,   25703.281,       0.924,            ,            ,            ,            ,            ,            ,            ,            ,            ,            ,            ,            ,            ,            ,            ,            ,            ,            ,            ,            ,            ,            ,            ,            ,            ,   26220.869,       0.902,            ,            ,            ,            ,            ,            ,            ,            ,            ,            ,            ,            ,            ,            ,            ,            ,   26513.197,       1.079,            ,            ,            ,            ,            ,            ,            ,
                              ,   25704.182,       0.901,            ,            ,            ,            ,            ,            ,            ,            ,            ,            ,            ,            ,            ,            ,            ,            ,            ,            ,            ,            ,            ,            ,            ,            ,            ,   26221.788,       0.919,            ,            ,            ,            ,            ,            ,            ,            ,            ,            ,            ,            ,            ,            ,            ,            ,   26514.276,       1.079,            ,            ,            ,            ,            ,            ,            ,
                              ,   25705.102,       0.920,            ,            ,            ,            ,            ,            ,            ,            ,            ,            ,            ,            ,            ,            ,            ,            ,            ,            ,            ,            ,            ,            ,            ,            ,            ,   26222.700,       0.912,            ,            ,            ,            ,            ,            ,            ,            ,            ,            ,            ,            ,            ,            ,            ,            ,   26515.345,       1.069,            ,            ,            ,            ,            ,            ,            ,
                              ,   25706.040,       0.938,            ,            ,            ,            ,            ,            ,            ,            ,            ,            ,            ,            ,            ,            ,            ,            ,            ,            ,            ,            ,            ,            ,            ,            ,            ,   26223.628,       0.928,            ,            ,            ,            ,            ,            ,            ,            ,            ,            ,            ,            ,            ,            ,            ,            ,   26516.353,       1.008,            ,            ,            ,            ,            ,            ,            ,
                              ,   25707.013,       0.973,            ,            ,            ,            ,            ,            ,            ,            ,            ,            ,            ,            ,            ,            ,            ,            ,            ,            ,            ,            ,            ,            ,            ,            ,            ,   26224.546,       0.918,            ,            ,            ,            ,            ,            ,            ,            ,            ,            ,            ,            ,            ,            ,            ,            ,   26517.340,       0.987,            ,            ,            ,            ,            ,            ,            ,
                              ,   25708.056,       1.043,            ,            ,            ,            ,            ,            ,            ,            ,            ,            ,            ,            ,            ,            ,            ,            ,            ,            ,            ,            ,            ,            ,            ,            ,            ,   26225.450,       0.904,            ,            ,            ,            ,            ,            ,            ,            ,            ,            ,            ,            ,            ,            ,            ,            ,   26518.389,       1.049,            ,            ,            ,            ,            ,            ,            ,
                              ,   25709.129,       1.073,            ,            ,            ,            ,            ,            ,            ,            ,            ,            ,            ,            ,            ,            ,            ,            ,            ,            ,            ,            ,            ,            ,            ,            ,            ,   26226.345,       0.895,            ,            ,            ,            ,            ,            ,            ,            ,            ,            ,            ,            ,            ,            ,            ,            ,   26519.427,       1.038,            ,            ,            ,            ,            ,            ,            ,
                              ,   25710.200,       1.071,            ,            ,            ,            ,            ,            ,            ,            ,            ,            ,            ,            ,            ,            ,            ,            ,            ,            ,            ,            ,            ,            ,            ,            ,            ,   26227.231,       0.886,            ,            ,            ,            ,            ,            ,            ,            ,            ,            ,            ,            ,            ,            ,            ,            ,   26520.376,       0.949,            ,            ,            ,            ,            ,            ,            ,
                              ,   25711.264,       1.064,            ,            ,            ,            ,            ,            ,            ,            ,            ,            ,            ,            ,            ,            ,            ,            ,            ,            ,            ,            ,            ,            ,            ,            ,            ,   26228.112,       0.881,            ,            ,            ,            ,            ,            ,            ,            ,            ,            ,            ,            ,            ,            ,            ,            ,   26521.350,       0.974,            ,            ,            ,            ,            ,            ,            ,
                              ,   25712.268,       1.004,            ,            ,            ,            ,            ,            ,            ,            ,            ,            ,            ,            ,            ,            ,            ,            ,            ,            ,            ,            ,            ,            ,            ,            ,            ,   26229.003,       0.891,            ,            ,            ,            ,            ,            ,            ,            ,            ,            ,            ,            ,            ,            ,            ,            ,   26522.393,       1.043,            ,            ,            ,            ,            ,            ,            ,
                              ,   25713.200,       0.932,            ,            ,            ,            ,            ,            ,            ,            ,            ,            ,            ,            ,            ,            ,            ,            ,            ,            ,            ,            ,            ,            ,            ,            ,            ,   26229.883,       0.880,            ,            ,            ,            ,            ,            ,            ,            ,            ,            ,            ,            ,            ,            ,            ,            ,   26523.447,       1.054,            ,            ,            ,            ,            ,            ,            ,
                              ,   25714.111,       0.911,            ,            ,            ,            ,            ,            ,            ,            ,            ,            ,            ,            ,            ,            ,            ,            ,            ,            ,            ,            ,            ,            ,            ,            ,            ,   26230.783,       0.900,            ,            ,            ,            ,            ,            ,            ,            ,            ,            ,            ,            ,            ,            ,            ,            ,   26524.454,       1.007,            ,            ,            ,            ,            ,            ,            ,
                              ,   25714.990,       0.879,            ,            ,            ,            ,            ,            ,            ,            ,            ,            ,            ,            ,            ,            ,            ,            ,            ,            ,            ,            ,            ,            ,            ,            ,            ,   26231.696,       0.913,            ,            ,            ,            ,            ,            ,            ,            ,            ,            ,            ,            ,            ,            ,            ,            ,   26525.400,       0.946,            ,            ,            ,            ,            ,            ,            ,
                              ,   25715.870,       0.880,            ,            ,            ,            ,            ,            ,            ,            ,            ,            ,            ,            ,            ,            ,            ,            ,            ,            ,            ,            ,            ,            ,            ,            ,            ,   26232.606,       0.910,            ,            ,            ,            ,            ,            ,            ,            ,            ,            ,            ,            ,            ,            ,            ,            ,   26526.333,       0.933,            ,            ,            ,            ,            ,            ,            ,
                              ,   25716.765,       0.895,            ,            ,            ,            ,            ,            ,            ,            ,            ,            ,            ,            ,            ,            ,            ,            ,            ,            ,            ,            ,            ,            ,            ,            ,            ,   26233.538,       0.932,            ,            ,            ,            ,            ,            ,            ,            ,            ,            ,            ,            ,            ,            ,            ,            ,   26527.313,       0.980,            ,            ,            ,            ,            ,            ,            ,
                              ,   25717.729,       0.964,            ,            ,            ,            ,            ,            ,            ,            ,            ,            ,            ,            ,            ,            ,            ,            ,            ,            ,            ,            ,            ,            ,            ,            ,            ,   26234.465,       0.927,            ,            ,            ,            ,            ,            ,            ,            ,            ,            ,            ,            ,            ,            ,            ,            ,   26528.311,       0.998,            ,            ,            ,            ,            ,            ,            ,
                              ,   25718.709,       0.980,            ,            ,            ,            ,            ,            ,            ,            ,            ,            ,            ,            ,            ,            ,            ,            ,            ,            ,            ,            ,            ,            ,            ,            ,            ,   26235.394,       0.929,            ,            ,            ,            ,            ,            ,            ,            ,            ,            ,            ,            ,            ,            ,            ,            ,   26529.255,       0.944,            ,            ,            ,            ,            ,            ,            ,
                              ,   25719.756,       1.047,            ,            ,            ,            ,            ,            ,            ,            ,            ,            ,            ,            ,            ,            ,            ,            ,            ,            ,            ,            ,            ,            ,            ,            ,            ,   26236.304,       0.910,            ,            ,            ,            ,            ,            ,            ,            ,            ,            ,            ,            ,            ,            ,            ,            ,   26530.262,       1.007,            ,            ,            ,            ,            ,            ,            ,
                              ,   25720.834,       1.078,            ,            ,            ,            ,            ,            ,            ,            ,            ,            ,            ,            ,            ,            ,            ,            ,            ,            ,            ,            ,            ,            ,            ,            ,            ,   26237.203,       0.899,            ,            ,            ,            ,            ,            ,            ,            ,            ,            ,            ,            ,            ,            ,            ,            ,   26531.312,       1.050,            ,            ,            ,            ,            ,            ,            ,
                              ,   25721.843,       1.009,            ,            ,            ,            ,            ,            ,            ,            ,            ,            ,            ,            ,            ,            ,            ,            ,            ,            ,            ,            ,            ,            ,            ,            ,            ,   26238.106,       0.903,            ,            ,            ,            ,            ,            ,            ,            ,            ,            ,            ,            ,            ,            ,            ,            ,   26532.271,       0.959,            ,            ,            ,            ,            ,            ,            ,
                              ,   25722.809,       0.966,            ,            ,            ,            ,            ,            ,            ,            ,            ,            ,            ,            ,            ,            ,            ,            ,            ,            ,            ,            ,            ,            ,            ,            ,            ,   26238.998,       0.892,            ,            ,            ,            ,            ,            ,            ,            ,            ,            ,            ,            ,            ,            ,            ,            ,   26533.202,       0.931,            ,            ,            ,            ,            ,            ,            ,
                              ,   25723.738,       0.929,            ,            ,            ,            ,            ,            ,            ,            ,            ,            ,            ,            ,            ,            ,            ,            ,            ,            ,            ,            ,            ,            ,            ,            ,            ,   26239.885,       0.887,            ,            ,            ,            ,            ,            ,            ,            ,            ,            ,            ,            ,            ,            ,            ,            ,   26534.196,       0.994,            ,            ,            ,            ,            ,            ,            ,
                              ,   25724.636,       0.898,            ,            ,            ,            ,            ,            ,            ,            ,            ,            ,            ,            ,            ,            ,            ,            ,            ,            ,            ,            ,            ,            ,            ,            ,            ,   26240.764,       0.879,            ,            ,            ,            ,            ,            ,            ,            ,            ,            ,            ,            ,            ,            ,            ,            ,   26535.192,       0.996,            ,            ,            ,            ,            ,            ,            ,
                              ,   25725.521,       0.885,            ,            ,            ,            ,            ,            ,            ,            ,            ,            ,            ,            ,            ,            ,            ,            ,            ,            ,            ,            ,            ,            ,            ,            ,            ,   26241.646,       0.882,            ,            ,            ,            ,            ,            ,            ,            ,            ,            ,            ,            ,            ,            ,            ,            ,   26536.158,       0.966,            ,            ,            ,            ,            ,            ,            ,
                              ,   25726.391,       0.870,            ,            ,            ,            ,            ,            ,            ,            ,            ,            ,            ,            ,            ,            ,            ,            ,            ,            ,            ,            ,            ,            ,            ,            ,            ,   26242.542,       0.896,            ,            ,            ,            ,            ,            ,            ,            ,            ,            ,            ,            ,            ,            ,            ,            ,   26537.130,       0.972,            ,            ,            ,            ,            ,            ,            ,
                              ,   25727.276,       0.885,            ,            ,            ,            ,            ,            ,            ,            ,            ,            ,            ,            ,            ,            ,            ,            ,            ,            ,            ,            ,            ,            ,            ,            ,            ,   26243.432,       0.890,            ,            ,            ,            ,            ,            ,            ,            ,            ,            ,            ,            ,            ,            ,            ,            ,   26538.160,       1.030,            ,            ,            ,            ,            ,            ,            ,
                              ,   25728.190,       0.914,            ,            ,            ,            ,            ,            ,            ,            ,            ,            ,            ,            ,            ,            ,            ,            ,            ,            ,            ,            ,            ,            ,            ,            ,            ,   26244.329,       0.897,            ,            ,            ,            ,            ,            ,            ,            ,            ,            ,            ,            ,            ,            ,            ,            ,   26539.155,       0.995,            ,            ,            ,            ,            ,            ,            ,
                              ,   25729.110,       0.920,            ,            ,            ,            ,            ,            ,            ,            ,            ,            ,            ,            ,            ,            ,            ,            ,            ,            ,            ,            ,            ,            ,            ,            ,            ,   26245.243,       0.914,            ,            ,            ,            ,            ,            ,            ,            ,            ,            ,            ,            ,            ,            ,            ,            ,   26540.111,       0.956,            ,            ,            ,            ,            ,            ,            ,
                              ,   25730.061,       0.951,            ,            ,            ,            ,            ,            ,            ,            ,            ,            ,            ,            ,            ,            ,            ,            ,            ,            ,            ,            ,            ,            ,            ,            ,            ,   26246.165,       0.922,            ,            ,            ,            ,            ,            ,            ,            ,            ,            ,            ,            ,            ,            ,            ,            ,   26541.132,       1.021,            ,            ,            ,            ,            ,            ,            ,
                              ,   25731.093,       1.032,            ,            ,            ,            ,            ,            ,            ,            ,            ,            ,            ,            ,            ,            ,            ,            ,            ,            ,            ,            ,            ,            ,            ,            ,            ,   26247.061,       0.896,            ,            ,            ,            ,            ,            ,            ,            ,            ,            ,            ,            ,            ,            ,            ,            ,   26542.163,       1.031,            ,            ,            ,            ,            ,            ,            ,
                              ,   25732.170,       1.077,            ,            ,            ,            ,            ,            ,            ,            ,            ,            ,            ,            ,            ,            ,            ,            ,            ,            ,            ,            ,            ,            ,            ,            ,            ,   26247.964,       0.903,            ,            ,            ,            ,            ,            ,            ,            ,            ,            ,            ,            ,            ,            ,            ,            ,   26543.172,       1.009,            ,            ,            ,            ,            ,            ,            ,
                              ,   25733.216,       1.046,            ,            ,            ,            ,            ,            ,            ,            ,            ,            ,            ,            ,            ,            ,            ,            ,            ,            ,            ,            ,            ,            ,            ,            ,            ,   26248.867,       0.903,            ,            ,            ,            ,            ,            ,            ,            ,            ,            ,            ,            ,            ,            ,            ,            ,   26544.235,       1.063,            ,            ,            ,            ,            ,            ,            ,
                              ,   25734.234,       1.018,            ,            ,            ,            ,            ,            ,            ,            ,            ,            ,            ,            ,            ,            ,            ,            ,            ,            ,            ,            ,            ,            ,            ,            ,            ,   26249.778,       0.911,            ,            ,            ,            ,            ,            ,            ,            ,            ,            ,            ,            ,            ,            ,            ,            ,   26545.335,       1.100,            ,            ,            ,            ,            ,            ,            ,
                              ,   25735.177,       0.943,            ,            ,            ,            ,            ,            ,            ,            ,            ,            ,            ,            ,            ,            ,            ,            ,            ,            ,            ,            ,            ,            ,            ,            ,            ,   26250.672,       0.894,            ,            ,            ,            ,            ,            ,            ,            ,            ,            ,            ,            ,            ,            ,            ,            ,   26546.420,       1.085,            ,            ,            ,            ,            ,            ,            ,
                              ,   25736.054,       0.877,            ,            ,            ,            ,            ,            ,            ,            ,            ,            ,            ,            ,            ,            ,            ,            ,            ,            ,            ,            ,            ,            ,            ,            ,            ,   26251.582,       0.910,            ,            ,            ,            ,            ,            ,            ,            ,            ,            ,            ,            ,            ,            ,            ,            ,   26547.433,       1.013,            ,            ,            ,            ,            ,            ,            ,
                              ,   25736.911,       0.857,            ,            ,            ,            ,            ,            ,            ,            ,            ,            ,            ,            ,            ,            ,            ,            ,            ,            ,            ,            ,            ,            ,            ,            ,            ,   26252.542,       0.960,            ,            ,            ,            ,            ,            ,            ,            ,            ,            ,            ,            ,            ,            ,            ,            ,   26548.408,       0.975,            ,            ,            ,            ,            ,            ,            ,
                              ,   25737.771,       0.860,            ,            ,            ,            ,            ,            ,            ,            ,            ,            ,            ,            ,            ,            ,            ,            ,            ,            ,            ,            ,            ,            ,            ,            ,            ,   26253.548,       1.006,            ,            ,            ,            ,            ,            ,            ,            ,            ,            ,            ,            ,            ,            ,            ,            ,   26549.390,       0.982,            ,            ,            ,            ,            ,            ,            ,
                              ,   25738.645,       0.874,            ,            ,            ,            ,            ,            ,            ,            ,            ,            ,            ,            ,            ,            ,            ,            ,            ,            ,            ,            ,            ,            ,            ,            ,            ,   26254.542,       0.994,            ,            ,            ,            ,            ,            ,            ,            ,            ,            ,            ,            ,            ,            ,            ,            ,   26550.396,       1.006,            ,            ,            ,            ,            ,            ,            ,
                              ,   25739.541,       0.896,            ,            ,            ,            ,            ,            ,            ,            ,            ,            ,            ,            ,            ,            ,            ,            ,            ,            ,            ,            ,            ,            ,            ,            ,            ,   26255.535,       0.993,            ,            ,            ,            ,            ,            ,            ,            ,            ,            ,            ,            ,            ,            ,            ,            ,   26551.459,       1.063,            ,            ,            ,            ,            ,            ,            ,
                              ,   25740.490,       0.949,            ,            ,            ,            ,            ,            ,            ,            ,            ,            ,            ,            ,            ,            ,            ,            ,            ,            ,            ,            ,            ,            ,            ,            ,            ,   26256.491,       0.956,            ,            ,            ,            ,            ,            ,            ,            ,            ,            ,            ,            ,            ,            ,            ,            ,   26552.544,       1.085,            ,            ,            ,            ,            ,            ,            ,
                              ,   25741.540,       1.050,            ,            ,            ,            ,            ,            ,            ,            ,            ,            ,            ,            ,            ,            ,            ,            ,            ,            ,            ,            ,            ,            ,            ,            ,            ,   26257.435,       0.944,            ,            ,            ,            ,            ,            ,            ,            ,            ,            ,            ,            ,            ,            ,            ,            ,   26553.591,       1.047,            ,            ,            ,            ,            ,            ,            ,
                              ,   25742.592,       1.052,            ,            ,            ,            ,            ,            ,            ,            ,            ,            ,            ,            ,            ,            ,            ,            ,            ,            ,            ,            ,            ,            ,            ,            ,            ,   26258.334,       0.899,            ,            ,            ,            ,            ,            ,            ,            ,            ,            ,            ,            ,            ,            ,            ,            ,   26554.579,       0.988,            ,            ,            ,            ,            ,            ,            ,
                              ,   25743.607,       1.015,            ,            ,            ,            ,            ,            ,            ,            ,            ,            ,            ,            ,            ,            ,            ,            ,            ,            ,            ,            ,            ,            ,            ,            ,            ,   26259.224,       0.890,            ,            ,            ,            ,            ,            ,            ,            ,            ,            ,            ,            ,            ,            ,            ,            ,   26555.543,       0.964,            ,            ,            ,            ,            ,            ,            ,
                              ,   25744.586,       0.979,            ,            ,            ,            ,            ,            ,            ,            ,            ,            ,            ,            ,            ,            ,            ,            ,            ,            ,            ,            ,            ,            ,            ,            ,            ,   26260.087,       0.863,            ,            ,            ,            ,            ,            ,            ,            ,            ,            ,            ,            ,            ,            ,            ,            ,   26556.506,       0.963,            ,            ,            ,            ,            ,            ,            ,
                              ,   25745.579,       0.993,            ,            ,            ,            ,            ,            ,            ,            ,            ,            ,            ,            ,            ,            ,            ,            ,            ,            ,            ,            ,            ,            ,            ,            ,            ,   26260.947,       0.860,            ,            ,            ,            ,            ,            ,            ,            ,            ,            ,            ,            ,            ,            ,            ,            ,   26557.502,       0.996,            ,            ,            ,            ,            ,            ,            ,
                              ,   25746.563,       0.984,            ,            ,            ,            ,            ,            ,            ,            ,            ,            ,            ,            ,            ,            ,            ,            ,            ,            ,            ,            ,            ,            ,            ,            ,            ,   26261.803,       0.856,            ,            ,            ,            ,            ,            ,            ,            ,            ,            ,            ,            ,            ,            ,            ,            ,   26558.523,       1.021,            ,            ,            ,            ,            ,            ,            ,
                              ,   25747.580,       1.017,            ,            ,            ,            ,            ,            ,            ,            ,            ,            ,            ,            ,            ,            ,            ,            ,            ,            ,            ,            ,            ,            ,            ,            ,            ,   26262.689,       0.886,            ,            ,            ,            ,            ,            ,            ,            ,            ,            ,            ,            ,            ,            ,            ,            ,   26559.588,       1.065,            ,            ,            ,            ,            ,            ,            ,
                              ,   25748.598,       1.018,            ,            ,            ,            ,            ,            ,            ,            ,            ,            ,            ,            ,            ,            ,            ,            ,            ,            ,            ,            ,            ,            ,            ,            ,            ,   26263.615,       0.926,            ,            ,            ,            ,            ,            ,            ,            ,            ,            ,            ,            ,            ,            ,            ,            ,   26560.680,       1.092,            ,            ,            ,            ,            ,            ,            ,
                              ,   25749.594,       0.996,            ,            ,            ,            ,            ,            ,            ,            ,            ,            ,            ,            ,            ,            ,            ,            ,            ,            ,            ,            ,            ,            ,            ,            ,            ,   26264.552,       0.937,            ,            ,            ,            ,            ,            ,            ,            ,            ,            ,            ,            ,            ,            ,            ,            ,   26561.748,       1.068,            ,            ,            ,            ,            ,            ,            ,
                              ,   25750.594,       1.000,            ,            ,            ,            ,            ,            ,            ,            ,            ,            ,            ,            ,            ,            ,            ,            ,            ,            ,            ,            ,            ,            ,            ,            ,            ,   26265.518,       0.966,            ,            ,            ,            ,            ,            ,            ,            ,            ,            ,            ,            ,            ,            ,            ,            ,   26562.763,       1.015,            ,            ,            ,            ,            ,            ,            ,
                              ,   25751.597,       1.003,            ,            ,            ,            ,            ,            ,            ,            ,            ,            ,            ,            ,            ,            ,            ,            ,            ,            ,            ,            ,            ,            ,            ,            ,            ,   26266.482,       0.964,            ,            ,            ,            ,            ,            ,            ,            ,            ,            ,            ,            ,            ,            ,            ,            ,   26563.761,       0.998,            ,            ,            ,            ,            ,            ,            ,
                              ,   25752.570,       0.973,            ,            ,            ,            ,            ,            ,            ,            ,            ,            ,            ,            ,            ,            ,            ,            ,            ,            ,            ,            ,            ,            ,            ,            ,            ,   26267.439,       0.957,            ,            ,            ,            ,            ,            ,            ,            ,            ,            ,            ,            ,            ,            ,            ,            ,   26564.801,       1.040,            ,            ,            ,            ,            ,            ,            ,
                              ,   25753.567,       0.997,            ,            ,            ,            ,            ,            ,            ,            ,            ,            ,            ,            ,            ,            ,            ,            ,            ,            ,            ,            ,            ,            ,            ,            ,            ,   26268.396,       0.957,            ,            ,            ,            ,            ,            ,            ,            ,            ,            ,            ,            ,            ,            ,            ,            ,   26565.822,       1.021,            ,            ,            ,            ,            ,            ,            ,
                              ,   25754.567,       1.000,            ,            ,            ,            ,            ,            ,            ,            ,            ,            ,            ,            ,            ,            ,            ,            ,            ,            ,            ,            ,            ,            ,            ,            ,            ,   26269.374,       0.978,            ,            ,            ,            ,            ,            ,            ,            ,            ,            ,            ,            ,            ,            ,            ,            ,   26566.876,       1.054,            ,            ,            ,            ,            ,            ,            ,
                              ,   25755.587,       1.020,            ,            ,            ,            ,            ,            ,            ,            ,            ,            ,            ,            ,            ,            ,            ,            ,            ,            ,            ,            ,            ,            ,            ,            ,            ,   26270.307,       0.933,            ,            ,            ,            ,            ,            ,            ,            ,            ,            ,            ,            ,            ,            ,            ,            ,   26567.916,       1.040,            ,            ,            ,            ,            ,            ,            ,
                              ,   25756.637,       1.050,            ,            ,            ,            ,            ,            ,            ,            ,            ,            ,            ,            ,            ,            ,            ,            ,            ,            ,            ,            ,            ,            ,            ,            ,            ,   26271.230,       0.923,            ,            ,            ,            ,            ,            ,            ,            ,            ,            ,            ,            ,            ,            ,            ,            ,   26568.933,       1.017,            ,            ,            ,            ,            ,            ,            ,
                              ,   25757.700,       1.063,            ,            ,            ,            ,            ,            ,            ,            ,            ,            ,            ,            ,            ,            ,            ,            ,            ,            ,            ,            ,            ,            ,            ,            ,            ,   26272.160,       0.930,            ,            ,            ,            ,            ,            ,            ,            ,            ,            ,            ,            ,            ,            ,            ,            ,   26569.909,       0.976,            ,            ,            ,            ,            ,            ,            ,
                              ,   25758.737,       1.037,            ,            ,            ,            ,            ,            ,            ,            ,            ,            ,            ,            ,            ,            ,            ,            ,            ,            ,            ,            ,            ,            ,            ,            ,            ,   26273.023,       0.863,            ,            ,            ,            ,            ,            ,            ,            ,            ,            ,            ,            ,            ,            ,            ,            ,   26570.876,       0.967,            ,            ,            ,            ,            ,            ,            ,
                              ,   25759.740,       1.003,            ,            ,            ,            ,            ,            ,            ,            ,            ,            ,            ,            ,            ,            ,            ,            ,            ,            ,            ,            ,            ,            ,            ,            ,            ,   26273.864,       0.841,            ,            ,            ,            ,            ,            ,            ,            ,            ,            ,            ,            ,            ,            ,            ,            ,   26571.892,       1.016,            ,            ,            ,            ,            ,            ,            ,
                              ,   25760.722,       0.982,            ,            ,            ,            ,            ,            ,            ,            ,            ,            ,            ,            ,            ,            ,            ,            ,            ,            ,            ,            ,            ,            ,            ,            ,            ,            ,            ,            ,            ,            ,            ,            ,            ,            ,            ,            ,            ,            ,            ,            ,            ,            ,            ,   26572.934,       1.042,            ,            ,            ,            ,            ,            ,            ,
                              ,   25761.710,       0.988,            ,            ,            ,            ,            ,            ,            ,            ,            ,            ,            ,            ,            ,            ,            ,            ,            ,            ,            ,            ,            ,            ,            ,            ,            ,            ,            ,            ,            ,            ,            ,            ,            ,            ,            ,            ,            ,            ,            ,            ,            ,            ,            ,   26574.032,       1.098,            ,            ,            ,            ,            ,            ,            ,
                              ,   25762.699,       0.989,            ,            ,            ,            ,            ,            ,            ,            ,            ,            ,            ,            ,            ,            ,            ,            ,            ,            ,            ,            ,            ,            ,            ,            ,            ,            ,            ,            ,            ,            ,            ,            ,            ,            ,            ,            ,            ,            ,            ,            ,            ,            ,            ,   26575.155,       1.123,            ,            ,            ,            ,            ,            ,            ,
                              ,   25763.692,       0.993,            ,            ,            ,            ,            ,            ,            ,            ,            ,            ,            ,            ,            ,            ,            ,            ,            ,            ,            ,            ,            ,            ,            ,            ,            ,            ,            ,            ,            ,            ,            ,            ,            ,            ,            ,            ,            ,            ,            ,            ,            ,            ,            ,   26576.226,       1.071,            ,            ,            ,            ,            ,            ,            ,
                              ,   25764.726,       1.034,            ,            ,            ,            ,            ,            ,            ,            ,            ,            ,            ,            ,            ,            ,            ,            ,            ,            ,            ,            ,            ,            ,            ,            ,            ,            ,            ,            ,            ,            ,            ,            ,            ,            ,            ,            ,            ,            ,            ,            ,            ,            ,            ,   26577.266,       1.040,            ,            ,            ,            ,            ,            ,            ,
                              ,   25765.766,       1.040,            ,            ,            ,            ,            ,            ,            ,            ,            ,            ,            ,            ,            ,            ,            ,            ,            ,            ,            ,            ,            ,            ,            ,            ,            ,            ,            ,            ,            ,            ,            ,            ,            ,            ,            ,            ,            ,            ,            ,            ,            ,            ,            ,   26578.269,       1.003,            ,            ,            ,            ,            ,            ,            ,
                              ,   25766.806,       1.040,            ,            ,            ,            ,            ,            ,            ,            ,            ,            ,            ,            ,            ,            ,            ,            ,            ,            ,            ,            ,            ,            ,            ,            ,            ,            ,            ,            ,            ,            ,            ,            ,            ,            ,            ,            ,            ,            ,            ,            ,            ,            ,            ,   26579.273,       1.004,            ,            ,            ,            ,            ,            ,            ,
                              ,   25767.811,       1.005,            ,            ,            ,            ,            ,            ,            ,            ,            ,            ,            ,            ,            ,            ,            ,            ,            ,            ,            ,            ,            ,            ,            ,            ,            ,            ,            ,            ,            ,            ,            ,            ,            ,            ,            ,            ,            ,            ,            ,            ,            ,            ,            ,   26580.307,       1.034,            ,            ,            ,            ,            ,            ,            ,
                              ,   25768.797,       0.986,            ,            ,            ,            ,            ,            ,            ,            ,            ,            ,            ,            ,            ,            ,            ,            ,            ,            ,            ,            ,            ,            ,            ,            ,            ,            ,            ,            ,            ,            ,            ,            ,            ,            ,            ,            ,            ,            ,            ,            ,            ,            ,            ,   26581.402,       1.095,            ,            ,            ,            ,            ,            ,            ,
                              ,   25769.776,       0.979,            ,            ,            ,            ,            ,            ,            ,            ,            ,            ,            ,            ,            ,            ,            ,            ,            ,            ,            ,            ,            ,            ,            ,            ,            ,            ,            ,            ,            ,            ,            ,            ,            ,            ,            ,            ,            ,            ,            ,            ,            ,            ,            ,   26582.496,       1.094,            ,            ,            ,            ,            ,            ,            ,
                              ,   25770.778,       1.002,            ,            ,            ,            ,            ,            ,            ,            ,            ,            ,            ,            ,            ,            ,            ,            ,            ,            ,            ,            ,            ,            ,            ,            ,            ,            ,            ,            ,            ,            ,            ,            ,            ,            ,            ,            ,            ,            ,            ,            ,            ,            ,            ,   26583.523,       1.027,            ,            ,            ,            ,            ,            ,            ,
                              ,   25771.791,       1.013,            ,            ,            ,            ,            ,            ,            ,            ,            ,            ,            ,            ,            ,            ,            ,            ,            ,            ,            ,            ,            ,            ,            ,            ,            ,            ,            ,            ,            ,            ,            ,            ,            ,            ,            ,            ,            ,            ,            ,            ,            ,            ,            ,   26584.523,       1.000,            ,            ,            ,            ,            ,            ,            ,
                              ,   25772.847,       1.056,            ,            ,            ,            ,            ,            ,            ,            ,            ,            ,            ,            ,            ,            ,            ,            ,            ,            ,            ,            ,            ,            ,            ,            ,            ,            ,            ,            ,            ,            ,            ,            ,            ,            ,            ,            ,            ,            ,            ,            ,            ,            ,            ,   26585.489,       0.966,            ,            ,            ,            ,            ,            ,            ,
                              ,   25773.903,       1.056,            ,            ,            ,            ,            ,            ,            ,            ,            ,            ,            ,            ,            ,            ,            ,            ,            ,            ,            ,            ,            ,            ,            ,            ,            ,            ,            ,            ,            ,            ,            ,            ,            ,            ,            ,            ,            ,            ,            ,            ,            ,            ,            ,   26586.502,       1.013,            ,            ,            ,            ,            ,            ,            ,
                              ,   25774.952,       1.049,            ,            ,            ,            ,            ,            ,            ,            ,            ,            ,            ,            ,            ,            ,            ,            ,            ,            ,            ,            ,            ,            ,            ,            ,            ,            ,            ,            ,            ,            ,            ,            ,            ,            ,            ,            ,            ,            ,            ,            ,            ,            ,            ,   26587.575,       1.073,            ,            ,            ,            ,            ,            ,            ,
                              ,   25775.979,       1.027,            ,            ,            ,            ,            ,            ,            ,            ,            ,            ,            ,            ,            ,            ,            ,            ,            ,            ,            ,            ,            ,            ,            ,            ,            ,            ,            ,            ,            ,            ,            ,            ,            ,            ,            ,            ,            ,            ,            ,            ,            ,            ,            ,   26588.652,       1.077,            ,            ,            ,            ,            ,            ,            ,
                              ,   25776.969,       0.990,            ,            ,            ,            ,            ,            ,            ,            ,            ,            ,            ,            ,            ,            ,            ,            ,            ,            ,            ,            ,            ,            ,            ,            ,            ,            ,            ,            ,            ,            ,            ,            ,            ,            ,            ,            ,            ,            ,            ,            ,            ,            ,            ,   26589.765,       1.113,            ,            ,            ,            ,            ,            ,            ,
                              ,   25777.940,       0.971,            ,            ,            ,            ,            ,            ,            ,            ,            ,            ,            ,            ,            ,            ,            ,            ,            ,            ,            ,            ,            ,            ,            ,            ,            ,            ,            ,            ,            ,            ,            ,            ,            ,            ,            ,            ,            ,            ,            ,            ,            ,            ,            ,   26590.862,       1.097,            ,            ,            ,            ,            ,            ,            ,
                              ,   25778.948,       1.008,            ,            ,            ,            ,            ,            ,            ,            ,            ,            ,            ,            ,            ,            ,            ,            ,            ,            ,            ,            ,            ,            ,            ,            ,            ,            ,            ,            ,            ,            ,            ,            ,            ,            ,            ,            ,            ,            ,            ,            ,            ,            ,            ,   26591.905,       1.043,            ,            ,            ,            ,            ,            ,            ,
                              ,   25779.988,       1.040,            ,            ,            ,            ,            ,            ,            ,            ,            ,            ,            ,            ,            ,            ,            ,            ,            ,            ,            ,            ,            ,            ,            ,            ,            ,            ,            ,            ,            ,            ,            ,            ,            ,            ,            ,            ,            ,            ,            ,            ,            ,            ,            ,   26592.914,       1.009,            ,            ,            ,            ,            ,            ,            ,
                              ,   25781.067,       1.079,            ,            ,            ,            ,            ,            ,            ,            ,            ,            ,            ,            ,            ,            ,            ,            ,            ,            ,            ,            ,            ,            ,            ,            ,            ,            ,            ,            ,            ,            ,            ,            ,            ,            ,            ,            ,            ,            ,            ,            ,            ,            ,            ,   26593.871,       0.957,            ,            ,            ,            ,            ,            ,            ,
                              ,   25782.158,       1.091,            ,            ,            ,            ,            ,            ,            ,            ,            ,            ,            ,            ,            ,            ,            ,            ,            ,            ,            ,            ,            ,            ,            ,            ,            ,            ,            ,            ,            ,            ,            ,            ,            ,            ,            ,            ,            ,            ,            ,            ,            ,            ,            ,   26594.847,       0.976,            ,            ,            ,            ,            ,            ,            ,
                              ,   25783.223,       1.065,            ,            ,            ,            ,            ,            ,            ,            ,            ,            ,            ,            ,            ,            ,            ,            ,            ,            ,            ,            ,            ,            ,            ,            ,            ,            ,            ,            ,            ,            ,            ,            ,            ,            ,            ,            ,            ,            ,            ,            ,            ,            ,            ,   26595.958,       1.111,            ,            ,            ,            ,            ,            ,            ,
                              ,   25784.274,       1.051,            ,            ,            ,            ,            ,            ,            ,            ,            ,            ,            ,            ,            ,            ,            ,            ,            ,            ,            ,            ,            ,            ,            ,            ,            ,            ,            ,            ,            ,            ,            ,            ,            ,            ,            ,            ,            ,            ,            ,            ,            ,            ,            ,   26596.943,       0.985,            ,            ,            ,            ,            ,            ,            ,
                              ,   25785.287,       1.013,            ,            ,            ,            ,            ,            ,            ,            ,            ,            ,            ,            ,            ,            ,            ,            ,            ,            ,            ,            ,            ,            ,            ,            ,            ,            ,            ,            ,            ,            ,            ,            ,            ,            ,            ,            ,            ,            ,            ,            ,            ,            ,            ,   26597.828,       0.885,            ,            ,            ,            ,            ,            ,            ,
                              ,   25786.312,       1.025,            ,            ,            ,            ,            ,            ,            ,            ,            ,            ,            ,            ,            ,            ,            ,            ,            ,            ,            ,            ,            ,            ,            ,            ,            ,            ,            ,            ,            ,            ,            ,            ,            ,            ,            ,            ,            ,            ,            ,            ,            ,            ,            ,   26598.778,       0.950,            ,            ,            ,            ,            ,            ,            ,
                              ,   25787.361,       1.049,            ,            ,            ,            ,            ,            ,            ,            ,            ,            ,            ,            ,            ,            ,            ,            ,            ,            ,            ,            ,            ,            ,            ,            ,            ,            ,            ,            ,            ,            ,            ,            ,            ,            ,            ,            ,            ,            ,            ,            ,            ,            ,            ,   26599.766,       0.988,            ,            ,            ,            ,            ,            ,            ,
                              ,   25788.424,       1.063,            ,            ,            ,            ,            ,            ,            ,            ,            ,            ,            ,            ,            ,            ,            ,            ,            ,            ,            ,            ,            ,            ,            ,            ,            ,            ,            ,            ,            ,            ,            ,            ,            ,            ,            ,            ,            ,            ,            ,            ,            ,            ,            ,   26600.772,       1.006,            ,            ,            ,            ,            ,            ,            ,
                              ,   25789.503,       1.079,            ,            ,            ,            ,            ,            ,            ,            ,            ,            ,            ,            ,            ,            ,            ,            ,            ,            ,            ,            ,            ,            ,            ,            ,            ,            ,            ,            ,            ,            ,            ,            ,            ,            ,            ,            ,            ,            ,            ,            ,            ,            ,            ,   26601.821,       1.049,            ,            ,            ,            ,            ,            ,            ,
                              ,   25790.633,       1.130,            ,            ,            ,            ,            ,            ,            ,            ,            ,            ,            ,            ,            ,            ,            ,            ,            ,            ,            ,            ,            ,            ,            ,            ,            ,            ,            ,            ,            ,            ,            ,            ,            ,            ,            ,            ,            ,            ,            ,            ,            ,            ,            ,   26602.908,       1.087,            ,            ,            ,            ,            ,            ,            ,
                              ,   25791.757,       1.124,            ,            ,            ,            ,            ,            ,            ,            ,            ,            ,            ,            ,            ,            ,            ,            ,            ,            ,            ,            ,            ,            ,            ,            ,            ,            ,            ,            ,            ,            ,            ,            ,            ,            ,            ,            ,            ,            ,            ,            ,            ,            ,            ,   26604.028,       1.120,            ,            ,            ,            ,            ,            ,            ,
                              ,   25792.825,       1.068,            ,            ,            ,            ,            ,            ,            ,            ,            ,            ,            ,            ,            ,            ,            ,            ,            ,            ,            ,            ,            ,            ,            ,            ,            ,            ,            ,            ,            ,            ,            ,            ,            ,            ,            ,            ,            ,            ,            ,            ,            ,            ,            ,   26605.110,       1.082,            ,            ,            ,            ,            ,            ,            ,
                              ,   25793.812,       0.987,            ,            ,            ,            ,            ,            ,            ,            ,            ,            ,            ,            ,            ,            ,            ,            ,            ,            ,            ,            ,            ,            ,            ,            ,            ,            ,            ,            ,            ,            ,            ,            ,            ,            ,            ,            ,            ,            ,            ,            ,            ,            ,            ,   26606.154,       1.044,            ,            ,            ,            ,            ,            ,            ,
                              ,   25794.777,       0.965,            ,            ,            ,            ,            ,            ,            ,            ,            ,            ,            ,            ,            ,            ,            ,            ,            ,            ,            ,            ,            ,            ,            ,            ,            ,            ,            ,            ,            ,            ,            ,            ,            ,            ,            ,            ,            ,            ,            ,            ,            ,            ,            ,   26607.181,       1.027,            ,            ,            ,            ,            ,            ,            ,
                              ,   25795.735,       0.958,            ,            ,            ,            ,            ,            ,            ,            ,            ,            ,            ,            ,            ,            ,            ,            ,            ,            ,            ,            ,            ,            ,            ,            ,            ,            ,            ,            ,            ,            ,            ,            ,            ,            ,            ,            ,            ,            ,            ,            ,            ,            ,            ,   26608.149,       0.968,            ,            ,            ,            ,            ,            ,            ,
                              ,   25796.718,       0.983,            ,            ,            ,            ,            ,            ,            ,            ,            ,            ,            ,            ,            ,            ,            ,            ,            ,            ,            ,            ,            ,            ,            ,            ,            ,            ,            ,            ,            ,            ,            ,            ,            ,            ,            ,            ,            ,            ,            ,            ,            ,            ,            ,   26609.128,       0.979,            ,            ,            ,            ,            ,            ,            ,
                              ,   25797.688,       0.970,            ,            ,            ,            ,            ,            ,            ,            ,            ,            ,            ,            ,            ,            ,            ,            ,            ,            ,            ,            ,            ,            ,            ,            ,            ,            ,            ,            ,            ,            ,            ,            ,            ,            ,            ,            ,            ,            ,            ,            ,            ,            ,            ,   26610.169,       1.041,            ,            ,            ,            ,            ,            ,            ,
                              ,   25798.725,       1.037,            ,            ,            ,            ,            ,            ,            ,            ,            ,            ,            ,            ,            ,            ,            ,            ,            ,            ,            ,            ,            ,            ,            ,            ,            ,            ,            ,            ,            ,            ,            ,            ,            ,            ,            ,            ,            ,            ,            ,            ,            ,            ,            ,   26611.274,       1.105,            ,            ,            ,            ,            ,            ,            ,
                              ,   25799.830,       1.105,            ,            ,            ,            ,            ,            ,            ,            ,            ,            ,            ,            ,            ,            ,            ,            ,            ,            ,            ,            ,            ,            ,            ,            ,            ,            ,            ,            ,            ,            ,            ,            ,            ,            ,            ,            ,            ,            ,            ,            ,            ,            ,            ,   26612.371,       1.097,            ,            ,            ,            ,            ,            ,            ,
                              ,   25800.937,       1.107,            ,            ,            ,            ,            ,            ,            ,            ,            ,            ,            ,            ,            ,            ,            ,            ,            ,            ,            ,            ,            ,            ,            ,            ,            ,            ,            ,            ,            ,            ,            ,            ,            ,            ,            ,            ,            ,            ,            ,            ,            ,            ,            ,   26613.535,       1.164,            ,            ,            ,            ,            ,            ,            ,
                              ,   25802.067,       1.130,            ,            ,            ,            ,            ,            ,            ,            ,            ,            ,            ,            ,            ,            ,            ,            ,            ,            ,            ,            ,            ,            ,            ,            ,            ,            ,            ,            ,            ,            ,            ,            ,            ,            ,            ,            ,            ,            ,            ,            ,            ,            ,            ,   26614.693,       1.158,            ,            ,            ,            ,            ,            ,            ,
                              ,   25803.235,       1.168,            ,            ,            ,            ,            ,            ,            ,            ,            ,            ,            ,            ,            ,            ,            ,            ,            ,            ,            ,            ,            ,            ,            ,            ,            ,            ,            ,            ,            ,            ,            ,            ,            ,            ,            ,            ,            ,            ,            ,            ,            ,            ,            ,   26615.819,       1.126,            ,            ,            ,            ,            ,            ,            ,
                              ,   25804.383,       1.148,            ,            ,            ,            ,            ,            ,            ,            ,            ,            ,            ,            ,            ,            ,            ,            ,            ,            ,            ,            ,            ,            ,            ,            ,            ,            ,            ,            ,            ,            ,            ,            ,            ,            ,            ,            ,            ,            ,            ,            ,            ,            ,            ,   26616.885,       1.066,            ,            ,            ,            ,            ,            ,            ,
                              ,   25805.478,       1.095,            ,            ,            ,            ,            ,            ,            ,            ,            ,            ,            ,            ,            ,            ,            ,            ,            ,            ,            ,            ,            ,            ,            ,            ,            ,            ,            ,            ,            ,            ,            ,            ,            ,            ,            ,            ,            ,            ,            ,            ,            ,            ,            ,   26617.889,       1.004,            ,            ,            ,            ,            ,            ,            ,
                              ,   25806.474,       0.996,            ,            ,            ,            ,            ,            ,            ,            ,            ,            ,            ,            ,            ,            ,            ,            ,            ,            ,            ,            ,            ,            ,            ,            ,            ,            ,            ,            ,            ,            ,            ,            ,            ,            ,            ,            ,            ,            ,            ,            ,            ,            ,            ,   26618.917,       1.028,            ,            ,            ,            ,            ,            ,            ,
                              ,   25807.412,       0.938,            ,            ,            ,            ,            ,            ,            ,            ,            ,            ,            ,            ,            ,            ,            ,            ,            ,            ,            ,            ,            ,            ,            ,            ,            ,            ,            ,            ,            ,            ,            ,            ,            ,            ,            ,            ,            ,            ,            ,            ,            ,            ,            ,   26619.940,       1.023,            ,            ,            ,            ,            ,            ,            ,
                              ,   25808.355,       0.943,            ,            ,            ,            ,            ,            ,            ,            ,            ,            ,            ,            ,            ,            ,            ,            ,            ,            ,            ,            ,            ,            ,            ,            ,            ,            ,            ,            ,            ,            ,            ,            ,            ,            ,            ,            ,            ,            ,            ,            ,            ,            ,            ,   26621.096,       1.156,            ,            ,            ,            ,            ,            ,            ,
                              ,   25809.317,       0.962,            ,            ,            ,            ,            ,            ,            ,            ,            ,            ,            ,            ,            ,            ,            ,            ,            ,            ,            ,            ,            ,            ,            ,            ,            ,            ,            ,            ,            ,            ,            ,            ,            ,            ,            ,            ,            ,            ,            ,            ,            ,            ,            ,   26622.313,       1.217,            ,            ,            ,            ,            ,            ,            ,
                              ,   25810.289,       0.972,            ,            ,            ,            ,            ,            ,            ,            ,            ,            ,            ,            ,            ,            ,            ,            ,            ,            ,            ,            ,            ,            ,            ,            ,            ,            ,            ,            ,            ,            ,            ,            ,            ,            ,            ,            ,            ,            ,            ,            ,            ,            ,            ,   26623.561,       1.248,            ,            ,            ,            ,            ,            ,            ,
                              ,   25811.250,       0.961,            ,            ,            ,            ,            ,            ,            ,            ,            ,            ,            ,            ,            ,            ,            ,            ,            ,            ,            ,            ,            ,            ,            ,            ,            ,            ,            ,            ,            ,            ,            ,            ,            ,            ,            ,            ,            ,            ,            ,            ,            ,            ,            ,   26624.839,       1.278,            ,            ,            ,            ,            ,            ,            ,
                              ,   25812.287,       1.037,            ,            ,            ,            ,            ,            ,            ,            ,            ,            ,            ,            ,            ,            ,            ,            ,            ,            ,            ,            ,            ,            ,            ,            ,            ,            ,            ,            ,            ,            ,            ,            ,            ,            ,            ,            ,            ,            ,            ,            ,            ,            ,            ,   26626.023,       1.184,            ,            ,            ,            ,            ,            ,            ,
                              ,   25813.373,       1.086,            ,            ,            ,            ,            ,            ,            ,            ,            ,            ,            ,            ,            ,            ,            ,            ,            ,            ,            ,            ,            ,            ,            ,            ,            ,            ,            ,            ,            ,            ,            ,            ,            ,            ,            ,            ,            ,            ,            ,            ,            ,            ,            ,   26627.124,       1.101,            ,            ,            ,            ,            ,            ,            ,
                              ,   25814.444,       1.071,            ,            ,            ,            ,            ,            ,            ,            ,            ,            ,            ,            ,            ,            ,            ,            ,            ,            ,            ,            ,            ,            ,            ,            ,            ,            ,            ,            ,            ,            ,            ,            ,            ,            ,            ,            ,            ,            ,            ,            ,            ,            ,            ,   26628.147,       1.023,            ,            ,            ,            ,            ,            ,            ,
                              ,   25815.530,       1.086,            ,            ,            ,            ,            ,            ,            ,            ,            ,            ,            ,            ,            ,            ,            ,            ,            ,            ,            ,            ,            ,            ,            ,            ,            ,            ,            ,            ,            ,            ,            ,            ,            ,            ,            ,            ,            ,            ,            ,            ,            ,            ,            ,   26629.096,       0.949,            ,            ,            ,            ,            ,            ,            ,
                              ,   25816.586,       1.056,            ,            ,            ,            ,            ,            ,            ,            ,            ,            ,            ,            ,            ,            ,            ,            ,            ,            ,            ,            ,            ,            ,            ,            ,            ,            ,            ,            ,            ,            ,            ,            ,            ,            ,            ,            ,            ,            ,            ,            ,            ,            ,            ,   26630.022,       0.926,            ,            ,            ,            ,            ,            ,            ,
                              ,   25817.599,       1.013,            ,            ,            ,            ,            ,            ,            ,            ,            ,            ,            ,            ,            ,            ,            ,            ,            ,            ,            ,            ,            ,            ,            ,            ,            ,            ,            ,            ,            ,            ,            ,            ,            ,            ,            ,            ,            ,            ,            ,            ,            ,            ,            ,   26631.000,       0.978,            ,            ,            ,            ,            ,            ,            ,
                              ,   25818.571,       0.972,            ,            ,            ,            ,            ,            ,            ,            ,            ,            ,            ,            ,            ,            ,            ,            ,            ,            ,            ,            ,            ,            ,            ,            ,            ,            ,            ,            ,            ,            ,            ,            ,            ,            ,            ,            ,            ,            ,            ,            ,            ,            ,            ,   26632.073,       1.073,            ,            ,            ,            ,            ,            ,            ,
                              ,   25819.532,       0.961,            ,            ,            ,            ,            ,            ,            ,            ,            ,            ,            ,            ,            ,            ,            ,            ,            ,            ,            ,            ,            ,            ,            ,            ,            ,            ,            ,            ,            ,            ,            ,            ,            ,            ,            ,            ,            ,            ,            ,            ,            ,            ,            ,   26633.257,       1.184,            ,            ,            ,            ,            ,            ,            ,
                              ,   25820.512,       0.980,            ,            ,            ,            ,            ,            ,            ,            ,            ,            ,            ,            ,            ,            ,            ,            ,            ,            ,            ,            ,            ,            ,            ,            ,            ,            ,            ,            ,            ,            ,            ,            ,            ,            ,            ,            ,            ,            ,            ,            ,            ,            ,            ,   26634.402,       1.145,            ,            ,            ,            ,            ,            ,            ,
                              ,   25821.503,       0.991,            ,            ,            ,            ,            ,            ,            ,            ,            ,            ,            ,            ,            ,            ,            ,            ,            ,            ,            ,            ,            ,            ,            ,            ,            ,            ,            ,            ,            ,            ,            ,            ,            ,            ,            ,            ,            ,            ,            ,            ,            ,            ,            ,   26635.530,       1.128,            ,            ,            ,            ,            ,            ,            ,
                              ,   25822.540,       1.037,            ,            ,            ,            ,            ,            ,            ,            ,            ,            ,            ,            ,            ,            ,            ,            ,            ,            ,            ,            ,            ,            ,            ,            ,            ,            ,            ,            ,            ,            ,            ,            ,            ,            ,            ,            ,            ,            ,            ,            ,            ,            ,            ,   26636.610,       1.080,            ,            ,            ,            ,            ,            ,            ,
                              ,   25823.661,       1.121,            ,            ,            ,            ,            ,            ,            ,            ,            ,            ,            ,            ,            ,            ,            ,            ,            ,            ,            ,            ,            ,            ,            ,            ,            ,            ,            ,            ,            ,            ,            ,            ,            ,            ,            ,            ,            ,            ,            ,            ,            ,            ,            ,   26637.682,       1.072,            ,            ,            ,            ,            ,            ,            ,
                              ,   25824.735,       1.074,            ,            ,            ,            ,            ,            ,            ,            ,            ,            ,            ,            ,            ,            ,            ,            ,            ,            ,            ,            ,            ,            ,            ,            ,            ,            ,            ,            ,            ,            ,            ,            ,            ,            ,            ,            ,            ,            ,            ,            ,            ,            ,            ,   26638.717,       1.035,            ,            ,            ,            ,            ,            ,            ,
                              ,   25825.782,       1.047,            ,            ,            ,            ,            ,            ,            ,            ,            ,            ,            ,            ,            ,            ,            ,            ,            ,            ,            ,            ,            ,            ,            ,            ,            ,            ,            ,            ,            ,            ,            ,            ,            ,            ,            ,            ,            ,            ,            ,            ,            ,            ,            ,   26639.764,       1.047,            ,            ,            ,            ,            ,            ,            ,
                              ,   25826.767,       0.985,            ,            ,            ,            ,            ,            ,            ,            ,            ,            ,            ,            ,            ,            ,            ,            ,            ,            ,            ,            ,            ,            ,            ,            ,            ,            ,            ,            ,            ,            ,            ,            ,            ,            ,            ,            ,            ,            ,            ,            ,            ,            ,            ,   26640.814,       1.050,            ,            ,            ,            ,            ,            ,            ,
                              ,   25827.724,       0.957,            ,            ,            ,            ,            ,            ,            ,            ,            ,            ,            ,            ,            ,            ,            ,            ,            ,            ,            ,            ,            ,            ,            ,            ,            ,            ,            ,            ,            ,            ,            ,            ,            ,            ,            ,            ,            ,            ,            ,            ,            ,            ,            ,   26641.865,       1.051,            ,            ,            ,            ,            ,            ,            ,
                              ,   25828.655,       0.931,            ,            ,            ,            ,            ,            ,            ,            ,            ,            ,            ,            ,            ,            ,            ,            ,            ,            ,            ,            ,            ,            ,            ,            ,            ,            ,            ,            ,            ,            ,            ,            ,            ,            ,            ,            ,            ,            ,            ,            ,            ,            ,            ,   26642.951,       1.086,            ,            ,            ,            ,            ,            ,            ,
                              ,   25829.598,       0.943,            ,            ,            ,            ,            ,            ,            ,            ,            ,            ,            ,            ,            ,            ,            ,            ,            ,            ,            ,            ,            ,            ,            ,            ,            ,            ,            ,            ,            ,            ,            ,            ,            ,            ,            ,            ,            ,            ,            ,            ,            ,            ,            ,   26644.016,       1.065,            ,            ,            ,            ,            ,            ,            ,
                              ,   25830.560,       0.962,            ,            ,            ,            ,            ,            ,            ,            ,            ,            ,            ,            ,            ,            ,            ,            ,            ,            ,            ,            ,            ,            ,            ,            ,            ,            ,            ,            ,            ,            ,            ,            ,            ,            ,            ,            ,            ,            ,            ,            ,            ,            ,            ,   26645.042,       1.026,            ,            ,            ,            ,            ,            ,            ,
                              ,   25831.565,       1.005,            ,            ,            ,            ,            ,            ,            ,            ,            ,            ,            ,            ,            ,            ,            ,            ,            ,            ,            ,            ,            ,            ,            ,            ,            ,            ,            ,            ,            ,            ,            ,            ,            ,            ,            ,            ,            ,            ,            ,            ,            ,            ,            ,   26646.029,       0.987,            ,            ,            ,            ,            ,            ,            ,
                              ,   25832.594,       1.029,            ,            ,            ,            ,            ,            ,            ,            ,            ,            ,            ,            ,            ,            ,            ,            ,            ,            ,            ,            ,            ,            ,            ,            ,            ,            ,            ,            ,            ,            ,            ,            ,            ,            ,            ,            ,            ,            ,            ,            ,            ,            ,            ,   26646.989,       0.960,            ,            ,            ,            ,            ,            ,            ,
                              ,   25833.641,       1.047,            ,            ,            ,            ,            ,            ,            ,            ,            ,            ,            ,            ,            ,            ,            ,            ,            ,            ,            ,            ,            ,            ,            ,            ,            ,            ,            ,            ,            ,            ,            ,            ,            ,            ,            ,            ,            ,            ,            ,            ,            ,            ,            ,   26647.963,       0.974,            ,            ,            ,            ,            ,            ,            ,
                              ,   25834.647,       1.006,            ,            ,            ,            ,            ,            ,            ,            ,            ,            ,            ,            ,            ,            ,            ,            ,            ,            ,            ,            ,            ,            ,            ,            ,            ,            ,            ,            ,            ,            ,            ,            ,            ,            ,            ,            ,            ,            ,            ,            ,            ,            ,            ,   26648.962,       0.999,            ,            ,            ,            ,            ,            ,            ,
                              ,   25835.618,       0.971,            ,            ,            ,            ,            ,            ,            ,            ,            ,            ,            ,            ,            ,            ,            ,            ,            ,            ,            ,            ,            ,            ,            ,            ,            ,            ,            ,            ,            ,            ,            ,            ,            ,            ,            ,            ,            ,            ,            ,            ,            ,            ,            ,   26649.979,       1.017,            ,            ,            ,            ,            ,            ,            ,
                              ,   25836.554,       0.936,            ,            ,            ,            ,            ,            ,            ,            ,            ,            ,            ,            ,            ,            ,            ,            ,            ,            ,            ,            ,            ,            ,            ,            ,            ,            ,            ,            ,            ,            ,            ,            ,            ,            ,            ,            ,            ,            ,            ,            ,            ,            ,            ,   26651.057,       1.078,            ,            ,            ,            ,            ,            ,            ,
                              ,   25837.457,       0.903,            ,            ,            ,            ,            ,            ,            ,            ,            ,            ,            ,            ,            ,            ,            ,            ,            ,            ,            ,            ,            ,            ,            ,            ,            ,            ,            ,            ,            ,            ,            ,            ,            ,            ,            ,            ,            ,            ,            ,            ,            ,            ,            ,   26652.183,       1.126,            ,            ,            ,            ,            ,            ,            ,
                              ,   25838.363,       0.906,            ,            ,            ,            ,            ,            ,            ,            ,            ,            ,            ,            ,            ,            ,            ,            ,            ,            ,            ,            ,            ,            ,            ,            ,            ,            ,            ,            ,            ,            ,            ,            ,            ,            ,            ,            ,            ,            ,            ,            ,            ,            ,            ,   26653.252,       1.069,            ,            ,            ,            ,            ,            ,            ,
                              ,   25839.277,       0.914,            ,            ,            ,            ,            ,            ,            ,            ,            ,            ,            ,            ,            ,            ,            ,            ,            ,            ,            ,            ,            ,            ,            ,            ,            ,            ,            ,            ,            ,            ,            ,            ,            ,            ,            ,            ,            ,            ,            ,            ,            ,            ,            ,   26654.245,       0.993,            ,            ,            ,            ,            ,            ,            ,
                              ,   25840.219,       0.942,            ,            ,            ,            ,            ,            ,            ,            ,            ,            ,            ,            ,            ,            ,            ,            ,            ,            ,            ,            ,            ,            ,            ,            ,            ,            ,            ,            ,            ,            ,            ,            ,            ,            ,            ,            ,            ,            ,            ,            ,            ,            ,            ,   26655.202,       0.957,            ,            ,            ,            ,            ,            ,            ,
                              ,   25841.184,       0.965,            ,            ,            ,            ,            ,            ,            ,            ,            ,            ,            ,            ,            ,            ,            ,            ,            ,            ,            ,            ,            ,            ,            ,            ,            ,            ,            ,            ,            ,            ,            ,            ,            ,            ,            ,            ,            ,            ,            ,            ,            ,            ,            ,   26656.151,       0.949,            ,            ,            ,            ,            ,            ,            ,
                              ,   25842.253,       1.069,            ,            ,            ,            ,            ,            ,            ,            ,            ,            ,            ,            ,            ,            ,            ,            ,            ,            ,            ,            ,            ,            ,            ,            ,            ,            ,            ,            ,            ,            ,            ,            ,            ,            ,            ,            ,            ,            ,            ,            ,            ,            ,            ,   26657.113,       0.962,            ,            ,            ,            ,            ,            ,            ,
                              ,   25843.308,       1.055,            ,            ,            ,            ,            ,            ,            ,            ,            ,            ,            ,            ,            ,            ,            ,            ,            ,            ,            ,            ,            ,            ,            ,            ,            ,            ,            ,            ,            ,            ,            ,            ,            ,            ,            ,            ,            ,            ,            ,            ,            ,            ,            ,   26658.109,       0.996,            ,            ,            ,            ,            ,            ,            ,
                              ,   25844.340,       1.032,            ,            ,            ,            ,            ,            ,            ,            ,            ,            ,            ,            ,            ,            ,            ,            ,            ,            ,            ,            ,            ,            ,            ,            ,            ,            ,            ,            ,            ,            ,            ,            ,            ,            ,            ,            ,            ,            ,            ,            ,            ,            ,            ,   26659.122,       1.013,            ,            ,            ,            ,            ,            ,            ,
                              ,   25845.321,       0.981,            ,            ,            ,            ,            ,            ,            ,            ,            ,            ,            ,            ,            ,            ,            ,            ,            ,            ,            ,            ,            ,            ,            ,            ,            ,            ,            ,            ,            ,            ,            ,            ,            ,            ,            ,            ,            ,            ,            ,            ,            ,            ,            ,   26660.168,       1.046,            ,            ,            ,            ,            ,            ,            ,
                              ,   25846.278,       0.957,            ,            ,            ,            ,            ,            ,            ,            ,            ,            ,            ,            ,            ,            ,            ,            ,            ,            ,            ,            ,            ,            ,            ,            ,            ,            ,            ,            ,            ,            ,            ,            ,            ,            ,            ,            ,            ,            ,            ,            ,            ,            ,            ,   26661.278,       1.110,            ,            ,            ,            ,            ,            ,            ,
                              ,   25847.185,       0.907,            ,            ,            ,            ,            ,            ,            ,            ,            ,            ,            ,            ,            ,            ,            ,            ,            ,            ,            ,            ,            ,            ,            ,            ,            ,            ,            ,            ,            ,            ,            ,            ,            ,            ,            ,            ,            ,            ,            ,            ,            ,            ,            ,   26662.409,       1.131,            ,            ,            ,            ,            ,            ,            ,
                              ,   25848.074,       0.889,            ,            ,            ,            ,            ,            ,            ,            ,            ,            ,            ,            ,            ,            ,            ,            ,            ,            ,            ,            ,            ,            ,            ,            ,            ,            ,            ,            ,            ,            ,            ,            ,            ,            ,            ,            ,            ,            ,            ,            ,            ,            ,            ,   26663.493,       1.084,            ,            ,            ,            ,            ,            ,            ,
                              ,   25848.960,       0.886,            ,            ,            ,            ,            ,            ,            ,            ,            ,            ,            ,            ,            ,            ,            ,            ,            ,            ,            ,            ,            ,            ,            ,            ,            ,            ,            ,            ,            ,            ,            ,            ,            ,            ,            ,            ,            ,            ,            ,            ,            ,            ,            ,   26664.501,       1.008,            ,            ,            ,            ,            ,            ,            ,
                              ,   25849.855,       0.895,            ,            ,            ,            ,            ,            ,            ,            ,            ,            ,            ,            ,            ,            ,            ,            ,            ,            ,            ,            ,            ,            ,            ,            ,            ,            ,            ,            ,            ,            ,            ,            ,            ,            ,            ,            ,            ,            ,            ,            ,            ,            ,            ,   26665.464,       0.963,            ,            ,            ,            ,            ,            ,            ,
                              ,   25850.769,       0.914,            ,            ,            ,            ,            ,            ,            ,            ,            ,            ,            ,            ,            ,            ,            ,            ,            ,            ,            ,            ,            ,            ,            ,            ,            ,            ,            ,            ,            ,            ,            ,            ,            ,            ,            ,            ,            ,            ,            ,            ,            ,            ,            ,   26666.479,       1.015,            ,            ,            ,            ,            ,            ,            ,
                              ,   25851.731,       0.962,            ,            ,            ,            ,            ,            ,            ,            ,            ,            ,            ,            ,            ,            ,            ,            ,            ,            ,            ,            ,            ,            ,            ,            ,            ,            ,            ,            ,            ,            ,            ,            ,            ,            ,            ,            ,            ,            ,            ,            ,            ,            ,            ,   26667.478,       0.999,            ,            ,            ,            ,            ,            ,            ,
                              ,   25852.809,       1.078,            ,            ,            ,            ,            ,            ,            ,            ,            ,            ,            ,            ,            ,            ,            ,            ,            ,            ,            ,            ,            ,            ,            ,            ,            ,            ,            ,            ,            ,            ,            ,            ,            ,            ,            ,            ,            ,            ,            ,            ,            ,            ,            ,   26668.457,       0.979,            ,            ,            ,            ,            ,            ,            ,
                              ,   25853.906,       1.097,            ,            ,            ,            ,            ,            ,            ,            ,            ,            ,            ,            ,            ,            ,            ,            ,            ,            ,            ,            ,            ,            ,            ,            ,            ,            ,            ,            ,            ,            ,            ,            ,            ,            ,            ,            ,            ,            ,            ,            ,            ,            ,            ,   26669.481,       1.024,            ,            ,            ,            ,            ,            ,            ,
                              ,   25855.007,       1.101,            ,            ,            ,            ,            ,            ,            ,            ,            ,            ,            ,            ,            ,            ,            ,            ,            ,            ,            ,            ,            ,            ,            ,            ,            ,            ,            ,            ,            ,            ,            ,            ,            ,            ,            ,            ,            ,            ,            ,            ,            ,            ,            ,   26670.474,       0.993,            ,            ,            ,            ,            ,            ,            ,
                              ,   25856.107,       1.100,            ,            ,            ,            ,            ,            ,            ,            ,            ,            ,            ,            ,            ,            ,            ,            ,            ,            ,            ,            ,            ,            ,            ,            ,            ,            ,            ,            ,            ,            ,            ,            ,            ,            ,            ,            ,            ,            ,            ,            ,            ,            ,            ,   26671.512,       1.038,            ,            ,            ,            ,            ,            ,            ,
                              ,   25857.157,       1.050,            ,            ,            ,            ,            ,            ,            ,            ,            ,            ,            ,            ,            ,            ,            ,            ,            ,            ,            ,            ,            ,            ,            ,            ,            ,            ,            ,            ,            ,            ,            ,            ,            ,            ,            ,            ,            ,            ,            ,            ,            ,            ,            ,   26672.598,       1.086,            ,            ,            ,            ,            ,            ,            ,
                              ,   25858.147,       0.990,            ,            ,            ,            ,            ,            ,            ,            ,            ,            ,            ,            ,            ,            ,            ,            ,            ,            ,            ,            ,            ,            ,            ,            ,            ,            ,            ,            ,            ,            ,            ,            ,            ,            ,            ,            ,            ,            ,            ,            ,            ,            ,            ,   26673.715,       1.117,            ,            ,            ,            ,            ,            ,            ,
                              ,   25859.105,       0.958,            ,            ,            ,            ,            ,            ,            ,            ,            ,            ,            ,            ,            ,            ,            ,            ,            ,            ,            ,            ,            ,            ,            ,            ,            ,            ,            ,            ,            ,            ,            ,            ,            ,            ,            ,            ,            ,            ,            ,            ,            ,            ,            ,   26674.767,       1.052,            ,            ,            ,            ,            ,            ,            ,
                              ,   25860.060,       0.955,            ,            ,            ,            ,            ,            ,            ,            ,            ,            ,            ,            ,            ,            ,            ,            ,            ,            ,            ,            ,            ,            ,            ,            ,            ,            ,            ,            ,            ,            ,            ,            ,            ,            ,            ,            ,            ,            ,            ,            ,            ,            ,            ,   26675.720,       0.953,            ,            ,            ,            ,            ,            ,            ,
                              ,   25860.997,       0.937,            ,            ,            ,            ,            ,            ,            ,            ,            ,            ,            ,            ,            ,            ,            ,            ,            ,            ,            ,            ,            ,            ,            ,            ,            ,            ,            ,            ,            ,            ,            ,            ,            ,            ,            ,            ,            ,            ,            ,            ,            ,            ,            ,   26676.658,       0.938,            ,            ,            ,            ,            ,            ,            ,
                              ,   25861.940,       0.943,            ,            ,            ,            ,            ,            ,            ,            ,            ,            ,            ,            ,            ,            ,            ,            ,            ,            ,            ,            ,            ,            ,            ,            ,            ,            ,            ,            ,            ,            ,            ,            ,            ,            ,            ,            ,            ,            ,            ,            ,            ,            ,            ,   26677.602,       0.944,            ,            ,            ,            ,            ,            ,            ,
                              ,   25862.884,       0.944,            ,            ,            ,            ,            ,            ,            ,            ,            ,            ,            ,            ,            ,            ,            ,            ,            ,            ,            ,            ,            ,            ,            ,            ,            ,            ,            ,            ,            ,            ,            ,            ,            ,            ,            ,            ,            ,            ,            ,            ,            ,            ,            ,   26678.568,       0.966,            ,            ,            ,            ,            ,            ,            ,
                              ,   25863.855,       0.971,            ,            ,            ,            ,            ,            ,            ,            ,            ,            ,            ,            ,            ,            ,            ,            ,            ,            ,            ,            ,            ,            ,            ,            ,            ,            ,            ,            ,            ,            ,            ,            ,            ,            ,            ,            ,            ,            ,            ,            ,            ,            ,            ,   26679.522,       0.954,            ,            ,            ,            ,            ,            ,            ,
                              ,   25864.842,       0.987,            ,            ,            ,            ,            ,            ,            ,            ,            ,            ,            ,            ,            ,            ,            ,            ,            ,            ,            ,            ,            ,            ,            ,            ,            ,            ,            ,            ,            ,            ,            ,            ,            ,            ,            ,            ,            ,            ,            ,            ,            ,            ,            ,   26680.501,       0.979,            ,            ,            ,            ,            ,            ,            ,
                              ,   25865.856,       1.014,            ,            ,            ,            ,            ,            ,            ,            ,            ,            ,            ,            ,            ,            ,            ,            ,            ,            ,            ,            ,            ,            ,            ,            ,            ,            ,            ,            ,            ,            ,            ,            ,            ,            ,            ,            ,            ,            ,            ,            ,            ,            ,            ,   26681.484,       0.983,            ,            ,            ,            ,            ,            ,            ,
                              ,   25866.905,       1.049,            ,            ,            ,            ,            ,            ,            ,            ,            ,            ,            ,            ,            ,            ,            ,            ,            ,            ,            ,            ,            ,            ,            ,            ,            ,            ,            ,            ,            ,            ,            ,            ,            ,            ,            ,            ,            ,            ,            ,            ,            ,            ,            ,   26682.475,       0.991,            ,            ,            ,            ,            ,            ,            ,
                              ,   25867.911,       1.006,            ,            ,            ,            ,            ,            ,            ,            ,            ,            ,            ,            ,            ,            ,            ,            ,            ,            ,            ,            ,            ,            ,            ,            ,            ,            ,            ,            ,            ,            ,            ,            ,            ,            ,            ,            ,            ,            ,            ,            ,            ,            ,            ,   26683.540,       1.065,            ,            ,            ,            ,            ,            ,            ,
                              ,   25868.880,       0.969,            ,            ,            ,            ,            ,            ,            ,            ,            ,            ,            ,            ,            ,            ,            ,            ,            ,            ,            ,            ,            ,            ,            ,            ,            ,            ,            ,            ,            ,            ,            ,            ,            ,            ,            ,            ,            ,            ,            ,            ,            ,            ,            ,   26684.525,       0.985,            ,            ,            ,            ,            ,            ,            ,
                              ,   25869.822,       0.942,            ,            ,            ,            ,            ,            ,            ,            ,            ,            ,            ,            ,            ,            ,            ,            ,            ,            ,            ,            ,            ,            ,            ,            ,            ,            ,            ,            ,            ,            ,            ,            ,            ,            ,            ,            ,            ,            ,            ,            ,            ,            ,            ,   26685.410,       0.885,            ,            ,            ,            ,            ,            ,            ,
                              ,   25870.699,       0.877,            ,            ,            ,            ,            ,            ,            ,            ,            ,            ,            ,            ,            ,            ,            ,            ,            ,            ,            ,            ,            ,            ,            ,            ,            ,            ,            ,            ,            ,            ,            ,            ,            ,            ,            ,            ,            ,            ,            ,            ,            ,            ,            ,   26686.263,       0.853,            ,            ,            ,            ,            ,            ,            ,
                              ,   25871.552,       0.853,            ,            ,            ,            ,            ,            ,            ,            ,            ,            ,            ,            ,            ,            ,            ,            ,            ,            ,            ,            ,            ,            ,            ,            ,            ,            ,            ,            ,            ,            ,            ,            ,            ,            ,            ,            ,            ,            ,            ,            ,            ,            ,            ,   26687.133,       0.870,            ,            ,            ,            ,            ,            ,            ,
                              ,   25872.409,       0.857,            ,            ,            ,            ,            ,            ,            ,            ,            ,            ,            ,            ,            ,            ,            ,            ,            ,            ,            ,            ,            ,            ,            ,            ,            ,            ,            ,            ,            ,            ,            ,            ,            ,            ,            ,            ,            ,            ,            ,            ,            ,            ,            ,            ,            ,            ,            ,            ,            ,            ,            ,            ,
                              ,   25873.282,       0.873,            ,            ,            ,            ,            ,            ,            ,            ,            ,            ,            ,            ,            ,            ,            ,            ,            ,            ,            ,            ,            ,            ,            ,            ,            ,            ,            ,            ,            ,            ,            ,            ,            ,            ,            ,            ,            ,            ,            ,            ,            ,            ,            ,            ,            ,            ,            ,            ,            ,            ,            ,            ,
                              ,   25874.171,       0.889,            ,            ,            ,            ,            ,            ,            ,            ,            ,            ,            ,            ,            ,            ,            ,            ,            ,            ,            ,            ,            ,            ,            ,            ,            ,            ,            ,            ,            ,            ,            ,            ,            ,            ,            ,            ,            ,            ,            ,            ,            ,            ,            ,            ,            ,            ,            ,            ,            ,            ,            ,            ,
                              ,   25875.099,       0.928,            ,            ,            ,            ,            ,            ,            ,            ,            ,            ,            ,            ,            ,            ,            ,            ,            ,            ,            ,            ,            ,            ,            ,            ,            ,            ,            ,            ,            ,            ,            ,            ,            ,            ,            ,            ,            ,            ,            ,            ,            ,            ,            ,            ,            ,            ,            ,            ,            ,            ,            ,            ,
                              ,   25876.099,       1.000,            ,            ,            ,            ,            ,            ,            ,            ,            ,            ,            ,            ,            ,            ,            ,            ,            ,            ,            ,            ,            ,            ,            ,            ,            ,            ,            ,            ,            ,            ,            ,            ,            ,            ,            ,            ,            ,            ,            ,            ,            ,            ,            ,            ,            ,            ,            ,            ,            ,            ,            ,            ,
                              ,   25877.179,       1.080,            ,            ,            ,            ,            ,            ,            ,            ,            ,            ,            ,            ,            ,            ,            ,            ,            ,            ,            ,            ,            ,            ,            ,            ,            ,            ,            ,            ,            ,            ,            ,            ,            ,            ,            ,            ,            ,            ,            ,            ,            ,            ,            ,            ,            ,            ,            ,            ,            ,            ,            ,            ,
                              ,   25878.235,       1.056,            ,            ,            ,            ,            ,            ,            ,            ,            ,            ,            ,            ,            ,            ,            ,            ,            ,            ,            ,            ,            ,            ,            ,            ,            ,            ,            ,            ,            ,            ,            ,            ,            ,            ,            ,            ,            ,            ,            ,            ,            ,            ,            ,            ,            ,            ,            ,            ,            ,            ,            ,            ,
                              ,   25879.321,       1.086,            ,            ,            ,            ,            ,            ,            ,            ,            ,            ,            ,            ,            ,            ,            ,            ,            ,            ,            ,            ,            ,            ,            ,            ,            ,            ,            ,            ,            ,            ,            ,            ,            ,            ,            ,            ,            ,            ,            ,            ,            ,            ,            ,            ,            ,            ,            ,            ,            ,            ,            ,            ,
                              ,   25880.395,       1.074,            ,            ,            ,            ,            ,            ,            ,            ,            ,            ,            ,            ,            ,            ,            ,            ,            ,            ,            ,            ,            ,            ,            ,            ,            ,            ,            ,            ,            ,            ,            ,            ,            ,            ,            ,            ,            ,            ,            ,            ,            ,            ,            ,            ,            ,            ,            ,            ,            ,            ,            ,            ,
                              ,   25881.440,       1.045,            ,            ,            ,            ,            ,            ,            ,            ,            ,            ,            ,            ,            ,            ,            ,            ,            ,            ,            ,            ,            ,            ,            ,            ,            ,            ,            ,            ,            ,            ,            ,            ,            ,            ,            ,            ,            ,            ,            ,            ,            ,            ,            ,            ,            ,            ,            ,            ,            ,            ,            ,            ,
                              ,   25882.431,       0.991,            ,            ,            ,            ,            ,            ,            ,            ,            ,            ,            ,            ,            ,            ,            ,            ,            ,            ,            ,            ,            ,            ,            ,            ,            ,            ,            ,            ,            ,            ,            ,            ,            ,            ,            ,            ,            ,            ,            ,            ,            ,            ,            ,            ,            ,            ,            ,            ,            ,            ,            ,            ,
                              ,   25883.400,       0.969,            ,            ,            ,            ,            ,            ,            ,            ,            ,            ,            ,            ,            ,            ,            ,            ,            ,            ,            ,            ,            ,            ,            ,            ,            ,            ,            ,            ,            ,            ,            ,            ,            ,            ,            ,            ,            ,            ,            ,            ,            ,            ,            ,            ,            ,            ,            ,            ,            ,            ,            ,            ,
                              ,   25884.372,       0.972,            ,            ,            ,            ,            ,            ,            ,            ,            ,            ,            ,            ,            ,            ,            ,            ,            ,            ,            ,            ,            ,            ,            ,            ,            ,            ,            ,            ,            ,            ,            ,            ,            ,            ,            ,            ,            ,            ,            ,            ,            ,            ,            ,            ,            ,            ,            ,            ,            ,            ,            ,            ,
                              ,   25885.326,       0.954,            ,            ,            ,            ,            ,            ,            ,            ,            ,            ,            ,            ,            ,            ,            ,            ,            ,            ,            ,            ,            ,            ,            ,            ,            ,            ,            ,            ,            ,            ,            ,            ,            ,            ,            ,            ,            ,            ,            ,            ,            ,            ,            ,            ,            ,            ,            ,            ,            ,            ,            ,            ,
                              ,   25886.308,       0.982,            ,            ,            ,            ,            ,            ,            ,            ,            ,            ,            ,            ,            ,            ,            ,            ,            ,            ,            ,            ,            ,            ,            ,            ,            ,            ,            ,            ,            ,            ,            ,            ,            ,            ,            ,            ,            ,            ,            ,            ,            ,            ,            ,            ,            ,            ,            ,            ,            ,            ,            ,            ,
                              ,   25887.332,       1.024,            ,            ,            ,            ,            ,            ,            ,            ,            ,            ,            ,            ,            ,            ,            ,            ,            ,            ,            ,            ,            ,            ,            ,            ,            ,            ,            ,            ,            ,            ,            ,            ,            ,            ,            ,            ,            ,            ,            ,            ,            ,            ,            ,            ,            ,            ,            ,            ,            ,            ,            ,            ,
                              ,   25888.405,       1.073,            ,            ,            ,            ,            ,            ,            ,            ,            ,            ,            ,            ,            ,            ,            ,            ,            ,            ,            ,            ,            ,            ,            ,            ,            ,            ,            ,            ,            ,            ,            ,            ,            ,            ,            ,            ,            ,            ,            ,            ,            ,            ,            ,            ,            ,            ,            ,            ,            ,            ,            ,            ,
                              ,   25889.457,       1.052,            ,            ,            ,            ,            ,            ,            ,            ,            ,            ,            ,            ,            ,            ,            ,            ,            ,            ,            ,            ,            ,            ,            ,            ,            ,            ,            ,            ,            ,            ,            ,            ,            ,            ,            ,            ,            ,            ,            ,            ,            ,            ,            ,            ,            ,            ,            ,            ,            ,            ,            ,            ,
                              ,   25890.537,       1.080,            ,            ,            ,            ,            ,            ,            ,            ,            ,            ,            ,            ,            ,            ,            ,            ,            ,            ,            ,            ,            ,            ,            ,            ,            ,            ,            ,            ,            ,            ,            ,            ,            ,            ,            ,            ,            ,            ,            ,            ,            ,            ,            ,            ,            ,            ,            ,            ,            ,            ,            ,            ,
                              ,   25891.639,       1.102,            ,            ,            ,            ,            ,            ,            ,            ,            ,            ,            ,            ,            ,            ,            ,            ,            ,            ,            ,            ,            ,            ,            ,            ,            ,            ,            ,            ,            ,            ,            ,            ,            ,            ,            ,            ,            ,            ,            ,            ,            ,            ,            ,            ,            ,            ,            ,            ,            ,            ,            ,            ,
                              ,   25892.724,       1.085,            ,            ,            ,            ,            ,            ,            ,            ,            ,            ,            ,            ,            ,            ,            ,            ,            ,            ,            ,            ,            ,            ,            ,            ,            ,            ,            ,            ,            ,            ,            ,            ,            ,            ,            ,            ,            ,            ,            ,            ,            ,            ,            ,            ,            ,            ,            ,            ,            ,            ,            ,            ,
                              ,   25893.750,       1.026,            ,            ,            ,            ,            ,            ,            ,            ,            ,            ,            ,            ,            ,            ,            ,            ,            ,            ,            ,            ,            ,            ,            ,            ,            ,            ,            ,            ,            ,            ,            ,            ,            ,            ,            ,            ,            ,            ,            ,            ,            ,            ,            ,            ,            ,            ,            ,            ,            ,            ,            ,            ,
                              ,   25894.749,       0.999,            ,            ,            ,            ,            ,            ,            ,            ,            ,            ,            ,            ,            ,            ,            ,            ,            ,            ,            ,            ,            ,            ,            ,            ,            ,            ,            ,            ,            ,            ,            ,            ,            ,            ,            ,            ,            ,            ,            ,            ,            ,            ,            ,            ,            ,            ,            ,            ,            ,            ,            ,            ,
                              ,   25895.720,       0.971,            ,            ,            ,            ,            ,            ,            ,            ,            ,            ,            ,            ,            ,            ,            ,            ,            ,            ,            ,            ,            ,            ,            ,            ,            ,            ,            ,            ,            ,            ,            ,            ,            ,            ,            ,            ,            ,            ,            ,            ,            ,            ,            ,            ,            ,            ,            ,            ,            ,            ,            ,            ,
                              ,   25896.692,       0.972,            ,            ,            ,            ,            ,            ,            ,            ,            ,            ,            ,            ,            ,            ,            ,            ,            ,            ,            ,            ,            ,            ,            ,            ,            ,            ,            ,            ,            ,            ,            ,            ,            ,            ,            ,            ,            ,            ,            ,            ,            ,            ,            ,            ,            ,            ,            ,            ,            ,            ,            ,            ,
                              ,   25897.677,       0.985,            ,            ,            ,            ,            ,            ,            ,            ,            ,            ,            ,            ,            ,            ,            ,            ,            ,            ,            ,            ,            ,            ,            ,            ,            ,            ,            ,            ,            ,            ,            ,            ,            ,            ,            ,            ,            ,            ,            ,            ,            ,            ,            ,            ,            ,            ,            ,            ,            ,            ,            ,            ,
                              ,   25898.679,       1.002,            ,            ,            ,            ,            ,            ,            ,            ,            ,            ,            ,            ,            ,            ,            ,            ,            ,            ,            ,            ,            ,            ,            ,            ,            ,            ,            ,            ,            ,            ,            ,            ,            ,            ,            ,            ,            ,            ,            ,            ,            ,            ,            ,            ,            ,            ,            ,            ,            ,            ,            ,            ,
                              ,   25899.721,       1.042,            ,            ,            ,            ,            ,            ,            ,            ,            ,            ,            ,            ,            ,            ,            ,            ,            ,            ,            ,            ,            ,            ,            ,            ,            ,            ,            ,            ,            ,            ,            ,            ,            ,            ,            ,            ,            ,            ,            ,            ,            ,            ,            ,            ,            ,            ,            ,            ,            ,            ,            ,            ,
                              ,   25900.787,       1.066,            ,            ,            ,            ,            ,            ,            ,            ,            ,            ,            ,            ,            ,            ,            ,            ,            ,            ,            ,            ,            ,            ,            ,            ,            ,            ,            ,            ,            ,            ,            ,            ,            ,            ,            ,            ,            ,            ,            ,            ,            ,            ,            ,            ,            ,            ,            ,            ,            ,            ,            ,            ,
                              ,   25901.851,       1.064,            ,            ,            ,            ,            ,            ,            ,            ,            ,            ,            ,            ,            ,            ,            ,            ,            ,            ,            ,            ,            ,            ,            ,            ,            ,            ,            ,            ,            ,            ,            ,            ,            ,            ,            ,            ,            ,            ,            ,            ,            ,            ,            ,            ,            ,            ,            ,            ,            ,            ,            ,            ,
                              ,   25902.886,       1.035,            ,            ,            ,            ,            ,            ,            ,            ,            ,            ,            ,            ,            ,            ,            ,            ,            ,            ,            ,            ,            ,            ,            ,            ,            ,            ,            ,            ,            ,            ,            ,            ,            ,            ,            ,            ,            ,            ,            ,            ,            ,            ,            ,            ,            ,            ,            ,            ,            ,            ,            ,            ,
                              ,   25903.929,       1.043,            ,            ,            ,            ,            ,            ,            ,            ,            ,            ,            ,            ,            ,            ,            ,            ,            ,            ,            ,            ,            ,            ,            ,            ,            ,            ,            ,            ,            ,            ,            ,            ,            ,            ,            ,            ,            ,            ,            ,            ,            ,            ,            ,            ,            ,            ,            ,            ,            ,            ,            ,            ,
                              ,   25905.019,       1.090,            ,            ,            ,            ,            ,            ,            ,            ,            ,            ,            ,            ,            ,            ,            ,            ,            ,            ,            ,            ,            ,            ,            ,            ,            ,            ,            ,            ,            ,            ,            ,            ,            ,            ,            ,            ,            ,            ,            ,            ,            ,            ,            ,            ,            ,            ,            ,            ,            ,            ,            ,            ,


